repo,number,first_comment_at,commenter
dotnet/maui,12910,2025-04-08T14:21:39Z,jfversluis
dotnet/maui,13114,2025-08-04T18:57:17Z,PureWeen
dotnet/maui,13725,2025-08-04T18:57:23Z,PureWeen
dotnet/maui,14137,2025-05-22T13:39:11Z,DevEddy
dotnet/maui,15198,2025-04-15T14:47:54Z,rmarinho
dotnet/maui,15655,2025-09-09T12:49:33Z,jfversluis
dotnet/maui,15656,2025-03-06T11:27:04Z,sheiksyedm
dotnet/maui,15866,2025-08-16T17:01:24Z,PureWeen
dotnet/maui,16136,2025-09-09T12:54:23Z,jfversluis
dotnet/maui,16153,2025-06-17T12:40:00Z,jfversluis
dotnet/maui,16200,2025-08-04T18:57:30Z,PureWeen
dotnet/maui,16619,2025-08-16T17:25:58Z,PureWeen
dotnet/maui,16924,2025-09-09T12:57:23Z,jfversluis
dotnet/maui,17482,2025-11-26T14:33:09Z,jfversluis
dotnet/maui,17591,2025-03-25T08:22:14Z,jsuarezruiz
dotnet/maui,17722,2025-08-11T14:27:33Z,jfversluis
dotnet/maui,17825,2025-11-27T16:04:27Z,jfversluis
dotnet/maui,18119,2025-09-09T13:00:24Z,jfversluis
dotnet/maui,18318,2025-05-21T08:58:06Z,rmarinho
dotnet/maui,18337,2025-04-17T08:32:14Z,bronteq
dotnet/maui,18631,2025-03-28T10:30:05Z,InquisitorJax
dotnet/maui,19314,2025-06-13T15:19:18Z,PureWeen
dotnet/maui,20033,2025-09-09T13:05:20Z,jfversluis
dotnet/maui,20036,2025-09-09T13:09:51Z,jfversluis
dotnet/maui,20048,2025-06-11T21:41:38Z,mattleibow
dotnet/maui,20102,2025-08-16T14:36:08Z,PureWeen
dotnet/maui,20124,2024-11-17T01:34:19Z,mattleibow
dotnet/maui,20133,2026-01-27T19:42:17Z,PureWeen
dotnet/maui,20154,2025-02-28T03:30:58Z,maonaoda
dotnet/maui,20179,2026-01-07T23:10:37Z,PureWeen
dotnet/maui,20203,2026-01-27T19:42:35Z,PureWeen
dotnet/maui,20205,2025-05-13T17:04:16Z,mattleibow
dotnet/maui,20207,2026-01-27T19:42:42Z,PureWeen
dotnet/maui,20346,2025-03-08T06:59:22Z,MAUIoxo
dotnet/maui,20467,2025-03-08T15:34:15Z,MartyIX
dotnet/maui,20488,2026-01-27T19:42:56Z,PureWeen
dotnet/maui,20537,2025-05-13T10:02:55Z,rmarinho
dotnet/maui,20547,2025-04-17T18:27:15Z,bhavanesh2001
dotnet/maui,20759,2025-03-05T15:37:02Z,PureWeen
dotnet/maui,20824,2025-05-01T08:53:36Z,mattyjjpearce
dotnet/maui,20870,2025-08-21T11:43:24Z,PureWeen
dotnet/maui,20874,2025-06-27T09:24:08Z,walnut-co
dotnet/maui,20959,2025-07-04T06:15:29Z,YZahringer
dotnet/maui,20967,2025-06-10T11:23:10Z,YZahringer
dotnet/maui,21025,2026-01-17T14:18:50Z,kubaflo
dotnet/maui,21169,2025-11-12T15:19:55Z,bronteq
dotnet/maui,21347,2025-08-23T03:58:05Z,PureWeen
dotnet/maui,21540,2024-04-01T10:29:40Z,rmarinho
dotnet/maui,21686,2025-08-23T03:58:38Z,PureWeen
dotnet/maui,21961,2025-06-07T00:40:40Z,mattleibow
dotnet/maui,21989,2025-04-10T12:09:58Z,jfversluis
dotnet/maui,22100,2025-04-22T22:34:06Z,PureWeen
dotnet/maui,22109,2025-05-26T01:09:26Z,Vincent-SATO
dotnet/maui,22126,2025-08-23T01:03:14Z,PureWeen
dotnet/maui,22135,2026-01-07T23:02:15Z,PureWeen
dotnet/maui,22208,2026-04-07T11:03:21Z,MauiBot
dotnet/maui,22213,2025-07-23T12:20:01Z,mattleibow
dotnet/maui,22353,2025-03-10T15:43:27Z,bhavanesh2001
dotnet/maui,22739,2025-09-09T13:13:40Z,jfversluis
dotnet/maui,22917,2025-06-12T00:05:30Z,mattleibow
dotnet/maui,22940,2025-04-03T20:09:47Z,acaliaro
dotnet/maui,23075,2025-06-12T00:12:00Z,mattleibow
dotnet/maui,23132,2025-08-05T14:53:10Z,jfversluis
dotnet/maui,23329,2025-12-22T16:06:12Z,TrainCo
dotnet/maui,23355,2025-05-13T17:38:37Z,mattleibow
dotnet/maui,23471,2025-10-21T12:08:22Z,jfversluis
dotnet/maui,23526,2025-09-09T13:15:50Z,jfversluis
dotnet/maui,23599,2025-04-09T11:21:30Z,rmarinho
dotnet/maui,23723,2025-03-10T10:28:47Z,rmarinho
dotnet/maui,23877,2024-08-06T09:54:47Z,jfversluis
dotnet/maui,24027,2025-02-26T08:16:02Z,jfversluis
dotnet/maui,24067,2025-03-11T10:10:43Z,jsuarezruiz
dotnet/maui,24275,2025-03-27T10:42:45Z,jsuarezruiz
dotnet/maui,24322,2025-08-23T01:05:12Z,PureWeen
dotnet/maui,24329,2025-03-03T17:03:14Z,PureWeen
dotnet/maui,24391,2025-05-27T11:58:30Z,rmarinho
dotnet/maui,24394,2026-03-08T19:09:39Z,kubaflo
dotnet/maui,24403,2025-02-26T07:05:08Z,jsuarezruiz
dotnet/maui,24433,2025-03-25T07:24:45Z,jsuarezruiz
dotnet/maui,24465,2025-06-12T01:02:04Z,mattleibow
dotnet/maui,24526,2025-08-11T14:44:17Z,jfversluis
dotnet/maui,24546,2025-08-23T12:39:32Z,PureWeen
dotnet/maui,24610,2026-01-23T15:09:52Z,kubaflo
dotnet/maui,24645,2025-03-05T11:31:45Z,jakob-bmd
dotnet/maui,24753,2025-03-07T12:05:46Z,jsuarezruiz
dotnet/maui,24758,2025-08-06T22:33:34Z,PureWeen
dotnet/maui,24776,2025-02-20T17:25:19Z,rmarinho
dotnet/maui,24867,2025-02-26T07:15:08Z,jsuarezruiz
dotnet/maui,24906,2025-03-19T12:38:52Z,rmarinho
dotnet/maui,24948,2025-08-23T12:33:48Z,PureWeen
dotnet/maui,24965,2025-02-26T07:57:42Z,jsuarezruiz
dotnet/maui,24985,2025-03-04T12:48:22Z,jsuarezruiz
dotnet/maui,24999,2025-07-10T15:18:05Z,xperseguers
dotnet/maui,25036,2026-03-22T20:10:27Z,MauiBot
dotnet/maui,25073,2025-04-07T15:51:27Z,rmarinho
dotnet/maui,25102,2025-02-25T19:23:58Z,Redth
dotnet/maui,25129,2025-03-05T10:14:54Z,jsuarezruiz
dotnet/maui,25166,2025-02-26T07:52:16Z,jsuarezruiz
dotnet/maui,25176,2025-03-18T09:12:15Z,jsuarezruiz
dotnet/maui,25223,2025-03-14T05:38:49Z,karthikraja-arumugam
dotnet/maui,25233,2025-03-27T10:42:34Z,jsuarezruiz
dotnet/maui,25288,2025-02-26T16:51:04Z,mattleibow
dotnet/maui,25319,2025-03-25T07:24:33Z,jsuarezruiz
dotnet/maui,25362,2025-08-16T14:34:35Z,PureWeen
dotnet/maui,25363,2026-01-23T15:16:57Z,kubaflo
dotnet/maui,25373,2025-06-12T02:16:34Z,mattleibow
dotnet/maui,25376,2025-09-09T13:17:22Z,jfversluis
dotnet/maui,25397,2025-03-26T13:47:43Z,rmarinho
dotnet/maui,25404,2025-08-23T04:04:28Z,PureWeen
dotnet/maui,25411,2025-03-06T13:06:01Z,rmarinho
dotnet/maui,25413,2025-04-23T16:05:14Z,himanshudwd765
dotnet/maui,25429,2025-08-14T08:20:48Z,jfversluis
dotnet/maui,25444,2025-08-23T12:27:25Z,PureWeen
dotnet/maui,25541,2025-06-13T17:06:40Z,mattleibow
dotnet/maui,25550,2025-03-04T12:45:40Z,jsuarezruiz
dotnet/maui,25596,2025-12-30T06:17:49Z,karthikraja-arumugam
dotnet/maui,25627,2024-11-28T23:46:52Z,rmarinho
dotnet/maui,25642,2025-06-04T11:32:19Z,jfversluis
dotnet/maui,25663,2025-02-26T07:23:40Z,jsuarezruiz
dotnet/maui,25686,2025-04-15T10:38:03Z,MartyIX
dotnet/maui,25748,2025-03-07T12:01:41Z,jsuarezruiz
dotnet/maui,25749,2025-10-13T16:45:49Z,PureWeen
dotnet/maui,25760,2025-08-11T14:46:16Z,jfversluis
dotnet/maui,25770,2025-03-20T07:54:00Z,jsuarezruiz
dotnet/maui,25827,2025-02-26T08:22:56Z,jsuarezruiz
dotnet/maui,25910,2025-02-27T07:49:18Z,jfversluis
dotnet/maui,25992,2025-06-05T20:41:00Z,mattleibow
dotnet/maui,25997,2025-04-24T16:02:54Z,jfversluis
dotnet/maui,26016,2025-02-26T10:14:44Z,jsuarezruiz
dotnet/maui,26024,2025-03-07T12:00:10Z,jsuarezruiz
dotnet/maui,26046,2026-01-24T18:11:11Z,kubaflo
dotnet/maui,26053,2025-02-26T08:25:05Z,jsuarezruiz
dotnet/maui,26063,2025-08-07T09:54:48Z,Dhivya-SF4094
dotnet/maui,26082,2025-08-16T14:34:39Z,PureWeen
dotnet/maui,26093,2025-08-14T10:34:00Z,jfversluis
dotnet/maui,26095,2025-08-28T13:21:21Z,jfversluis
dotnet/maui,26153,2025-03-13T09:14:56Z,jsuarezruiz
dotnet/maui,26180,2024-11-28T07:40:18Z,jsuarezruiz
dotnet/maui,26194,2025-02-26T09:34:57Z,jsuarezruiz
dotnet/maui,26213,2025-03-03T13:40:00Z,jsuarezruiz
dotnet/maui,26217,2025-02-26T09:34:58Z,jsuarezruiz
dotnet/maui,26297,2025-08-07T14:45:10Z,jfversluis
dotnet/maui,26304,2025-02-26T11:29:20Z,ghost
dotnet/maui,26320,2025-08-12T10:09:01Z,jfversluis
dotnet/maui,26326,2025-01-10T08:10:34Z,jsuarezruiz
dotnet/maui,26370,2025-02-26T08:43:42Z,jsuarezruiz
dotnet/maui,26382,2025-02-07T16:17:38Z,codeinapt
dotnet/maui,26416,2025-10-21T11:45:31Z,jsuarezruiz
dotnet/maui,26448,2025-04-22T22:23:13Z,PureWeen
dotnet/maui,26461,2025-08-27T08:07:16Z,ondrej-krc-jediny
dotnet/maui,26475,2026-03-18T11:02:09Z,StephaneDelcroix
dotnet/maui,26524,2025-08-16T14:34:50Z,PureWeen
dotnet/maui,26575,2025-04-08T07:00:16Z,jsuarezruiz
dotnet/maui,26608,2025-03-04T12:52:57Z,jsuarezruiz
dotnet/maui,26629,2025-02-17T20:30:29Z,PureWeen
dotnet/maui,26641,2025-03-26T08:06:53Z,jfversluis
dotnet/maui,26681,2025-02-26T11:42:32Z,jsuarezruiz
dotnet/maui,26693,2025-02-26T23:14:30Z,PureWeen
dotnet/maui,26696,2024-12-20T14:18:57Z,jfversluis
dotnet/maui,26701,2025-03-27T07:52:56Z,jsuarezruiz
dotnet/maui,26712,2025-02-26T11:51:40Z,jsuarezruiz
dotnet/maui,26723,2025-02-26T11:54:00Z,jsuarezruiz
dotnet/maui,26728,2025-03-26T08:39:57Z,jsuarezruiz
dotnet/maui,26738,2025-10-23T07:32:01Z,jfversluis
dotnet/maui,26751,2025-05-13T12:51:01Z,rmarinho
dotnet/maui,26757,2025-03-03T10:41:20Z,jsuarezruiz
dotnet/maui,26762,2024-12-25T15:31:23Z,jfversluis
dotnet/maui,26775,2025-03-12T02:17:24Z,bhuwancb99
dotnet/maui,26777,2025-08-06T12:06:10Z,mahesh139
dotnet/maui,26782,2025-02-26T12:52:51Z,jsuarezruiz
dotnet/maui,26825,2025-02-26T12:55:52Z,jsuarezruiz
dotnet/maui,26826,2025-08-16T14:36:18Z,PureWeen
dotnet/maui,26841,2025-03-25T12:57:11Z,jsuarezruiz
dotnet/maui,26851,2025-03-06T08:41:58Z,gabsamples6
dotnet/maui,26854,2025-08-23T22:52:08Z,PureWeen
dotnet/maui,26868,2025-03-25T08:45:23Z,CleverSoftwarePoland
dotnet/maui,26876,2025-02-26T12:56:42Z,jsuarezruiz
dotnet/maui,26882,2025-02-12T10:54:17Z,jsuarezruiz
dotnet/maui,26888,2025-03-05T10:37:08Z,jsuarezruiz
dotnet/maui,26904,2025-01-03T01:46:08Z,rmarinho
dotnet/maui,26922,2025-03-07T10:33:00Z,jsuarezruiz
dotnet/maui,26927,2025-06-09T19:03:18Z,mattleibow
dotnet/maui,26947,2025-02-26T12:58:44Z,jsuarezruiz
dotnet/maui,26949,2025-08-23T12:24:57Z,PureWeen
dotnet/maui,26964,2025-03-20T07:03:33Z,jsuarezruiz
dotnet/maui,27001,2025-02-25T09:58:41Z,jsuarezruiz
dotnet/maui,27003,2025-02-04T09:03:57Z,jsuarezruiz
dotnet/maui,27009,2025-03-12T10:05:05Z,jsuarezruiz
dotnet/maui,27052,2025-01-10T13:56:55Z,rmarinho
dotnet/maui,27056,2025-03-07T07:48:29Z,jsuarezruiz
dotnet/maui,27076,2025-03-03T07:49:21Z,jsuarezruiz
dotnet/maui,27080,2025-02-27T09:32:50Z,jfversluis
dotnet/maui,27085,2025-08-23T04:07:26Z,PureWeen
dotnet/maui,27088,2025-01-13T07:10:33Z,jsuarezruiz
dotnet/maui,27093,2025-04-24T13:41:33Z,mduchev
dotnet/maui,27147,2025-03-03T10:41:33Z,jsuarezruiz
dotnet/maui,27151,2025-02-26T21:35:38Z,PureWeen
dotnet/maui,27153,2025-03-07T07:48:17Z,jsuarezruiz
dotnet/maui,27186,2025-03-03T04:27:27Z,jingliancui
dotnet/maui,27220,2025-03-18T09:02:07Z,jsuarezruiz
dotnet/maui,27230,2025-03-20T07:11:31Z,jsuarezruiz
dotnet/maui,27231,2025-03-21T12:08:42Z,rmarinho
dotnet/maui,27246,2025-03-09T15:44:29Z,Schniefel
dotnet/maui,27251,2025-03-25T16:01:44Z,jfversluis
dotnet/maui,27259,2025-01-23T22:40:16Z,PureWeen
dotnet/maui,27294,2025-02-26T13:04:45Z,jsuarezruiz
dotnet/maui,27300,2025-06-19T07:34:28Z,EmilienDup
dotnet/maui,27331,2025-02-26T13:06:19Z,jsuarezruiz
dotnet/maui,27340,2025-06-09T06:55:08Z,jsuarezruiz
dotnet/maui,27348,2025-01-27T06:34:11Z,jsuarezruiz
dotnet/maui,27361,2025-07-13T10:24:36Z,JaimeBernar
dotnet/maui,27371,2025-06-17T12:27:29Z,rmarinho
dotnet/maui,27372,2025-05-29T11:29:05Z,rmarinho
dotnet/maui,27376,2025-03-11T20:09:52Z,mattleibow
dotnet/maui,27381,2026-03-05T00:56:13Z,kubaflo
dotnet/maui,27389,2025-03-27T10:42:25Z,jsuarezruiz
dotnet/maui,27398,2025-03-13T20:13:06Z,mattleibow
dotnet/maui,27399,2025-03-04T11:58:12Z,jsuarezruiz
dotnet/maui,27444,2025-09-10T21:44:17Z,PureWeen
dotnet/maui,27449,2025-03-04T12:03:55Z,jsuarezruiz
dotnet/maui,27472,2025-03-07T07:44:37Z,jsuarezruiz
dotnet/maui,27477,2025-03-02T22:11:36Z,PureWeen
dotnet/maui,27502,2025-03-07T06:03:19Z,AlejoTorresLeon
dotnet/maui,27516,2025-02-27T13:06:54Z,jsuarezruiz
dotnet/maui,27525,2025-08-12T10:24:15Z,jfversluis
dotnet/maui,27528,2025-04-18T13:27:00Z,bronteq
dotnet/maui,27535,2025-03-07T07:44:06Z,jsuarezruiz
dotnet/maui,27572,2025-02-05T07:05:01Z,jsuarezruiz
dotnet/maui,27575,2025-03-07T07:43:45Z,jsuarezruiz
dotnet/maui,27579,2025-03-31T10:59:08Z,rmarinho
dotnet/maui,27580,2025-03-20T11:29:45Z,rmarinho
dotnet/maui,27609,2025-03-03T10:38:14Z,jsuarezruiz
dotnet/maui,27610,2025-02-26T07:22:26Z,jfversluis
dotnet/maui,27632,2025-11-26T14:20:37Z,jfversluis
dotnet/maui,27635,2025-04-07T12:01:50Z,rmarinho
dotnet/maui,27648,2025-08-16T14:35:01Z,PureWeen
dotnet/maui,27653,2025-06-03T13:22:18Z,HarishwaranVijayakumar
dotnet/maui,27679,2025-03-04T10:22:11Z,jfversluis
dotnet/maui,27700,2025-03-07T07:38:49Z,jsuarezruiz
dotnet/maui,27713,2025-03-20T07:14:39Z,jsuarezruiz
dotnet/maui,27749,2025-03-07T07:37:33Z,jsuarezruiz
dotnet/maui,27765,2025-03-13T13:39:34Z,haavamoa
dotnet/maui,27779,2025-03-28T09:55:30Z,jsuarezruiz
dotnet/maui,27801,2025-03-18T08:48:21Z,jsuarezruiz
dotnet/maui,27811,2025-02-17T07:02:50Z,jsuarezruiz
dotnet/maui,27812,2025-02-27T04:06:23Z,mattleibow
dotnet/maui,27825,2025-03-28T09:58:15Z,jsuarezruiz
dotnet/maui,27829,2025-03-03T19:39:40Z,jingo0
dotnet/maui,27839,2025-03-07T11:51:51Z,jsuarezruiz
dotnet/maui,27845,2025-02-27T12:57:49Z,jsuarezruiz
dotnet/maui,27847,2025-03-07T07:39:22Z,jsuarezruiz
dotnet/maui,27848,2025-05-21T12:46:18Z,karthikraja-arumugam
dotnet/maui,27851,2025-02-27T16:15:28Z,tj-devel709
dotnet/maui,27859,2025-04-09T12:00:54Z,PureWeen
dotnet/maui,27864,2025-03-05T22:18:11Z,davidortinau
dotnet/maui,27876,2025-03-19T08:07:07Z,jsuarezruiz
dotnet/maui,27877,2025-04-22T05:47:34Z,michelmoorlag
dotnet/maui,27880,2025-03-07T07:39:33Z,jsuarezruiz
dotnet/maui,27888,2025-03-28T09:51:17Z,jsuarezruiz
dotnet/maui,27891,2025-03-05T21:57:33Z,PureWeen
dotnet/maui,27907,2025-02-27T12:54:15Z,jsuarezruiz
dotnet/maui,27917,2025-03-05T12:25:45Z,rmarinho
dotnet/maui,27928,2025-04-15T11:55:25Z,rmarinho
dotnet/maui,27930,2025-03-21T08:13:21Z,jsuarezruiz
dotnet/maui,27932,2026-03-04T11:28:07Z,marcojak
dotnet/maui,27939,2025-02-27T12:51:02Z,jsuarezruiz
dotnet/maui,27941,2025-02-26T09:24:38Z,jfversluis
dotnet/maui,27948,2025-03-07T07:41:12Z,jsuarezruiz
dotnet/maui,27961,2025-03-20T17:10:47Z,rmarinho
dotnet/maui,27965,2025-02-26T07:58:50Z,jsuarezruiz
dotnet/maui,27968,2025-02-26T07:58:36Z,jsuarezruiz
dotnet/maui,27971,2025-03-12T12:42:09Z,mattleibow
dotnet/maui,28001,2025-03-11T11:56:13Z,jsuarezruiz
dotnet/maui,28002,2025-02-26T14:39:29Z,sheiksyedm
dotnet/maui,28003,2025-02-27T07:37:26Z,jsuarezruiz
dotnet/maui,28011,2025-02-26T06:56:10Z,jsuarezruiz
dotnet/maui,28018,2025-03-05T07:04:48Z,jsuarezruiz
dotnet/maui,28033,2025-02-26T06:44:19Z,jsuarezruiz
dotnet/maui,28038,2025-08-12T15:55:36Z,jfversluis
dotnet/maui,28040,2025-02-26T12:05:55Z,jsuarezruiz
dotnet/maui,28045,2025-02-26T06:43:56Z,jsuarezruiz
dotnet/maui,28046,2025-02-26T06:42:43Z,jfversluis
dotnet/maui,28050,2025-02-26T07:59:50Z,jsuarezruiz
dotnet/maui,28054,2025-02-26T10:23:25Z,ghost
dotnet/maui,28055,2025-02-26T12:41:04Z,jsuarezruiz
dotnet/maui,28058,2025-02-26T14:03:35Z,jsuarezruiz
dotnet/maui,28059,2025-02-28T13:32:26Z,jfversluis
dotnet/maui,28060,2025-02-27T15:26:25Z,rmarinho
dotnet/maui,28068,2025-02-27T09:27:18Z,jsuarezruiz
dotnet/maui,28069,2025-02-27T07:08:11Z,jsuarezruiz
dotnet/maui,28071,2025-02-27T07:08:30Z,jsuarezruiz
dotnet/maui,28073,2025-02-28T13:33:12Z,jfversluis
dotnet/maui,28074,2025-02-27T15:22:21Z,rmarinho
dotnet/maui,28076,2025-02-27T14:51:24Z,jsuarezruiz
dotnet/maui,28077,2025-03-01T14:42:36Z,Redth
dotnet/maui,28081,2025-03-04T11:10:36Z,jsuarezruiz
dotnet/maui,28084,2025-03-03T08:00:10Z,jsuarezruiz
dotnet/maui,28090,2025-04-10T12:01:20Z,StephaneDelcroix
dotnet/maui,28093,2025-02-28T11:22:22Z,mattleibow
dotnet/maui,28094,2025-02-28T10:43:55Z,rmarinho
dotnet/maui,28103,2025-03-03T06:43:42Z,jsuarezruiz
dotnet/maui,28104,2025-03-03T06:43:35Z,jsuarezruiz
dotnet/maui,28105,2025-03-03T06:43:31Z,jsuarezruiz
dotnet/maui,28107,2025-03-03T06:43:26Z,jsuarezruiz
dotnet/maui,28111,2025-03-02T22:02:56Z,PureWeen
dotnet/maui,28116,2025-03-03T06:43:19Z,jsuarezruiz
dotnet/maui,28119,2025-03-03T07:26:21Z,jsuarezruiz
dotnet/maui,28122,2025-03-03T06:43:02Z,jsuarezruiz
dotnet/maui,28124,2025-03-03T06:42:57Z,jsuarezruiz
dotnet/maui,28125,2025-03-02T21:50:24Z,PureWeen
dotnet/maui,28126,2025-03-02T17:55:34Z,MartyIX
dotnet/maui,28127,2025-03-28T09:39:39Z,jsuarezruiz
dotnet/maui,28128,2025-03-03T06:42:40Z,jsuarezruiz
dotnet/maui,28132,2025-03-04T07:06:34Z,jsuarezruiz
dotnet/maui,28133,2025-03-12T18:31:59Z,rmarinho
dotnet/maui,28137,2025-03-03T14:58:10Z,jsuarezruiz
dotnet/maui,28138,2025-03-03T15:31:39Z,jfversluis
dotnet/maui,28139,2025-03-07T13:50:04Z,jfversluis
dotnet/maui,28151,2025-03-04T06:56:21Z,jsuarezruiz
dotnet/maui,28157,2025-03-04T10:23:22Z,jfversluis
dotnet/maui,28159,2025-03-04T12:19:42Z,jsuarezruiz
dotnet/maui,28161,2025-03-05T06:40:59Z,jsuarezruiz
dotnet/maui,28164,2025-03-07T07:56:28Z,jfversluis
dotnet/maui,28173,2025-03-21T12:13:16Z,jsuarezruiz
dotnet/maui,28185,2025-03-28T09:41:09Z,jsuarezruiz
dotnet/maui,28186,2025-03-06T06:58:37Z,jsuarezruiz
dotnet/maui,28187,2025-03-06T06:58:34Z,jsuarezruiz
dotnet/maui,28189,2025-03-05T23:03:23Z,PureWeen
dotnet/maui,28193,2025-03-06T06:58:26Z,jsuarezruiz
dotnet/maui,28194,2025-03-06T06:58:23Z,jsuarezruiz
dotnet/maui,28196,2025-03-05T21:35:05Z,PureWeen
dotnet/maui,28200,2025-03-06T07:57:11Z,jsuarezruiz
dotnet/maui,28203,2025-03-06T07:56:59Z,jsuarezruiz
dotnet/maui,28206,2025-03-06T17:59:13Z,rmarinho
dotnet/maui,28209,2025-03-06T07:25:06Z,jsuarezruiz
dotnet/maui,28210,2025-03-06T07:56:23Z,jsuarezruiz
dotnet/maui,28214,2025-03-06T13:10:25Z,jsuarezruiz
dotnet/maui,28215,2025-03-06T13:05:02Z,jsuarezruiz
dotnet/maui,28216,2025-03-06T12:20:19Z,jsuarezruiz
dotnet/maui,28217,2025-03-06T11:31:41Z,bhavanesh2001
dotnet/maui,28219,2025-03-06T13:08:23Z,jsuarezruiz
dotnet/maui,28223,2025-03-06T16:27:54Z,jsuarezruiz
dotnet/maui,28225,2025-03-06T16:26:53Z,jsuarezruiz
dotnet/maui,28229,2025-03-06T16:53:00Z,rmarinho
dotnet/maui,28232,2025-03-07T10:51:54Z,rmarinho
dotnet/maui,28233,2025-03-07T11:10:42Z,rmarinho
dotnet/maui,28237,2025-03-07T06:44:57Z,jsuarezruiz
dotnet/maui,28238,2025-03-10T06:43:49Z,jsuarezruiz
dotnet/maui,28240,2025-03-07T11:43:26Z,jsuarezruiz
dotnet/maui,28241,2025-03-10T06:43:57Z,jsuarezruiz
dotnet/maui,28243,2025-03-13T18:42:01Z,rmarinho
dotnet/maui,28245,2025-03-20T18:14:13Z,rmarinho
dotnet/maui,28254,2025-03-10T01:06:13Z,SoumyadipYT-OSS
dotnet/maui,28255,2025-03-10T11:03:43Z,rmarinho
dotnet/maui,28256,2025-03-10T06:44:17Z,jsuarezruiz
dotnet/maui,28257,2025-03-10T06:44:21Z,jsuarezruiz
dotnet/maui,28258,2025-03-10T06:44:25Z,jsuarezruiz
dotnet/maui,28259,2025-03-10T06:44:30Z,jsuarezruiz
dotnet/maui,28269,2025-03-10T10:54:35Z,jsuarezruiz
dotnet/maui,28270,2025-03-10T11:20:29Z,jsuarezruiz
dotnet/maui,28272,2025-03-10T13:58:10Z,PureWeen
dotnet/maui,28276,2025-03-10T18:02:50Z,PureWeen
dotnet/maui,28281,2025-03-10T15:31:37Z,jsuarezruiz
dotnet/maui,28283,2025-03-20T18:54:49Z,PureWeen
dotnet/maui,28302,2025-03-11T19:43:47Z,rmarinho
dotnet/maui,28309,2025-03-12T06:47:55Z,jsuarezruiz
dotnet/maui,28311,2025-03-12T06:50:02Z,jsuarezruiz
dotnet/maui,28312,2025-03-11T15:10:49Z,mattleibow
dotnet/maui,28313,2025-03-11T15:08:53Z,mattleibow
dotnet/maui,28315,2025-03-11T16:14:45Z,jsuarezruiz
dotnet/maui,28321,2025-03-12T06:50:17Z,jsuarezruiz
dotnet/maui,28322,2025-03-11T17:50:48Z,albyrock87
dotnet/maui,28327,2025-03-11T20:05:16Z,rmarinho
dotnet/maui,28329,2025-03-12T11:34:45Z,rmarinho
dotnet/maui,28331,2025-03-12T06:50:42Z,jsuarezruiz
dotnet/maui,28335,2025-03-12T09:14:25Z,jsuarezruiz
dotnet/maui,28338,2025-03-12T16:40:18Z,jsuarezruiz
dotnet/maui,28340,2025-03-12T09:55:13Z,jsuarezruiz
dotnet/maui,28352,2025-04-14T19:40:43Z,PureWeen
dotnet/maui,28353,2025-03-12T14:23:02Z,jsuarezruiz
dotnet/maui,28354,2025-03-12T14:46:40Z,jsuarezruiz
dotnet/maui,28355,2025-03-12T16:36:15Z,jsuarezruiz
dotnet/maui,28357,2025-04-20T00:14:25Z,rmarinho
dotnet/maui,28360,2025-03-12T18:34:23Z,rmarinho
dotnet/maui,28364,2025-03-12T21:41:13Z,PureWeen
dotnet/maui,28365,2025-03-12T22:42:47Z,rmarinho
dotnet/maui,28367,2025-03-13T07:13:44Z,jsuarezruiz
dotnet/maui,28371,2025-03-13T12:38:33Z,jsuarezruiz
dotnet/maui,28375,2025-03-13T12:38:27Z,jsuarezruiz
dotnet/maui,28377,2025-03-15T12:04:49Z,bhavanesh2001
dotnet/maui,28379,2025-03-14T07:39:30Z,jsuarezruiz
dotnet/maui,28384,2025-03-24T13:49:56Z,PureWeen
dotnet/maui,28390,2025-03-14T22:31:39Z,rmarinho
dotnet/maui,28396,2025-03-14T11:27:00Z,rmarinho
dotnet/maui,28398,2025-03-14T06:42:47Z,jsuarezruiz
dotnet/maui,28399,2025-03-14T09:01:51Z,jsuarezruiz
dotnet/maui,28400,2025-03-14T09:01:42Z,jsuarezruiz
dotnet/maui,28403,2025-03-14T11:12:52Z,jsuarezruiz
dotnet/maui,28405,2025-03-14T11:12:45Z,jsuarezruiz
dotnet/maui,28409,2025-03-17T07:04:03Z,jsuarezruiz
dotnet/maui,28412,2025-03-17T07:05:38Z,jsuarezruiz
dotnet/maui,28417,2025-03-17T07:05:23Z,jsuarezruiz
dotnet/maui,28423,2025-03-17T07:15:30Z,jsuarezruiz
dotnet/maui,28425,2025-03-15T18:46:59Z,rmarinho
dotnet/maui,28427,2025-03-15T18:46:44Z,rmarinho
dotnet/maui,28429,2025-03-17T06:53:26Z,jsuarezruiz
dotnet/maui,28430,2025-03-17T06:53:22Z,jsuarezruiz
dotnet/maui,28434,2025-03-17T06:51:32Z,jsuarezruiz
dotnet/maui,28441,2025-04-20T00:13:51Z,rmarinho
dotnet/maui,28447,2025-03-17T14:02:35Z,jsuarezruiz
dotnet/maui,28456,2025-03-18T06:58:01Z,jsuarezruiz
dotnet/maui,28459,2025-03-18T06:59:13Z,jsuarezruiz
dotnet/maui,28460,2025-03-18T06:59:08Z,jsuarezruiz
dotnet/maui,28465,2025-03-18T11:59:09Z,jsuarezruiz
dotnet/maui,28466,2025-03-18T11:59:16Z,jsuarezruiz
dotnet/maui,28468,2025-03-19T15:00:48Z,jsuarezruiz
dotnet/maui,28471,2025-03-19T15:00:33Z,jsuarezruiz
dotnet/maui,28472,2025-03-19T14:53:18Z,jsuarezruiz
dotnet/maui,28473,2025-04-03T15:25:32Z,jonathanpeppers
dotnet/maui,28474,2025-03-19T15:03:00Z,jsuarezruiz
dotnet/maui,28477,2025-03-18T16:43:56Z,PureWeen
dotnet/maui,28478,2025-03-18T16:43:53Z,PureWeen
dotnet/maui,28483,2025-03-21T11:35:28Z,jsuarezruiz
dotnet/maui,28484,2025-08-17T15:39:56Z,PureWeen
dotnet/maui,28485,2025-03-18T19:26:55Z,jfversluis
dotnet/maui,28489,2025-03-26T12:06:23Z,rmarinho
dotnet/maui,28495,2025-03-26T07:07:28Z,jsuarezruiz
dotnet/maui,28496,2025-03-27T06:52:21Z,jsuarezruiz
dotnet/maui,28499,2025-03-19T14:42:21Z,PureWeen
dotnet/maui,28500,2025-03-24T15:24:45Z,rmarinho
dotnet/maui,28510,2025-03-19T16:38:25Z,dartasen
dotnet/maui,28513,2025-03-25T14:52:08Z,rmarinho
dotnet/maui,28516,2025-03-20T06:43:25Z,jsuarezruiz
dotnet/maui,28521,2025-03-20T06:43:18Z,jsuarezruiz
dotnet/maui,28522,2025-05-21T15:47:21Z,PureWeen
dotnet/maui,28527,2025-04-09T18:25:37Z,rmarinho
dotnet/maui,28528,2025-03-20T09:11:54Z,jsuarezruiz
dotnet/maui,28529,2025-03-21T12:00:26Z,jsuarezruiz
dotnet/maui,28531,2025-06-05T16:57:52Z,mattleibow
dotnet/maui,28533,2025-03-20T14:38:43Z,rmarinho
dotnet/maui,28534,2025-03-21T12:13:50Z,rmarinho
dotnet/maui,28538,2025-03-20T16:20:54Z,kubaflo
dotnet/maui,28545,2025-03-21T10:20:58Z,rmarinho
dotnet/maui,28547,2025-03-21T07:51:28Z,jsuarezruiz
dotnet/maui,28553,2025-03-21T18:40:27Z,PureWeen
dotnet/maui,28554,2025-03-21T18:40:24Z,PureWeen
dotnet/maui,28560,2025-03-27T21:49:55Z,rmarinho
dotnet/maui,28562,2025-03-24T06:44:19Z,jsuarezruiz
dotnet/maui,28563,2025-03-24T06:44:15Z,jsuarezruiz
dotnet/maui,28565,2025-03-24T06:44:10Z,jsuarezruiz
dotnet/maui,28568,2025-03-23T17:22:24Z,pictos
dotnet/maui,28574,2025-03-23T23:54:04Z,PureWeen
dotnet/maui,28578,2025-03-24T06:43:11Z,jsuarezruiz
dotnet/maui,28583,2025-03-25T13:50:55Z,rmarinho
dotnet/maui,28584,2025-03-25T06:40:43Z,jsuarezruiz
dotnet/maui,28591,2025-03-25T21:10:55Z,jonathanpeppers
dotnet/maui,28594,2025-03-25T12:08:57Z,jsuarezruiz
dotnet/maui,28600,2025-03-26T07:32:37Z,bill2004158
dotnet/maui,28601,2025-03-25T11:27:40Z,jsuarezruiz
dotnet/maui,28610,2025-03-25T18:18:01Z,rmarinho
dotnet/maui,28615,2025-03-26T20:24:40Z,jsuarezruiz
dotnet/maui,28617,2025-03-26T06:43:57Z,jsuarezruiz
dotnet/maui,28623,2025-03-26T20:17:19Z,jsuarezruiz
dotnet/maui,28626,2025-03-26T10:39:48Z,jsuarezruiz
dotnet/maui,28630,2025-03-26T21:25:50Z,albyrock87
dotnet/maui,28636,2025-03-26T15:42:27Z,jsuarezruiz
dotnet/maui,28638,2025-03-26T15:42:30Z,jsuarezruiz
dotnet/maui,28641,2025-03-26T15:42:34Z,jsuarezruiz
dotnet/maui,28644,2025-03-26T19:04:39Z,rmarinho
dotnet/maui,28649,2025-03-27T08:18:56Z,jfversluis
dotnet/maui,28661,2025-03-27T12:18:41Z,rmarinho
dotnet/maui,28666,2025-03-27T10:48:15Z,jsuarezruiz
dotnet/maui,28668,2025-03-28T06:43:21Z,jsuarezruiz
dotnet/maui,28670,2025-03-27T16:32:21Z,PureWeen
dotnet/maui,28675,2025-03-28T06:43:48Z,jsuarezruiz
dotnet/maui,28679,2025-03-28T11:34:20Z,jsuarezruiz
dotnet/maui,28680,2025-03-28T15:35:38Z,rmarinho
dotnet/maui,28681,2025-04-01T06:07:14Z,jsuarezruiz
dotnet/maui,28683,2025-03-31T05:50:25Z,jsuarezruiz
dotnet/maui,28685,2025-03-29T21:48:14Z,rmarinho
dotnet/maui,28690,2025-03-29T19:11:52Z,rmarinho
dotnet/maui,28694,2025-03-29T19:11:39Z,rmarinho
dotnet/maui,28700,2025-04-03T09:04:20Z,StephaneDelcroix
dotnet/maui,28702,2025-03-29T19:11:20Z,rmarinho
dotnet/maui,28713,2025-04-07T13:50:06Z,rmarinho
dotnet/maui,28720,2025-04-01T11:21:17Z,rmarinho
dotnet/maui,28726,2025-04-04T09:07:11Z,jsuarezruiz
dotnet/maui,28731,2025-04-01T17:34:52Z,rmarinho
dotnet/maui,28734,2025-04-02T12:36:06Z,jsuarezruiz
dotnet/maui,28735,2025-04-02T10:08:11Z,rmarinho
dotnet/maui,28741,2025-04-01T23:18:26Z,rmarinho
dotnet/maui,28746,2025-04-02T12:35:52Z,jsuarezruiz
dotnet/maui,28747,2025-04-02T09:53:46Z,rmarinho
dotnet/maui,28752,2025-04-02T10:11:14Z,rmarinho
dotnet/maui,28756,2025-04-02T12:35:07Z,jsuarezruiz
dotnet/maui,28764,2025-04-02T13:55:34Z,rmarinho
dotnet/maui,28767,2025-05-08T11:38:46Z,jsuarezruiz
dotnet/maui,28768,2025-04-08T19:29:53Z,PureWeen
dotnet/maui,28769,2025-04-04T08:51:52Z,jsuarezruiz
dotnet/maui,28775,2025-04-04T08:59:53Z,jsuarezruiz
dotnet/maui,28779,2025-04-07T07:29:06Z,jsuarezruiz
dotnet/maui,28780,2025-04-03T15:05:25Z,PureWeen
dotnet/maui,28793,2025-04-03T21:04:13Z,rmarinho
dotnet/maui,28794,2025-04-03T21:09:26Z,rmarinho
dotnet/maui,28795,2025-04-24T07:19:59Z,jfversluis
dotnet/maui,28797,2025-04-07T06:06:19Z,jsuarezruiz
dotnet/maui,28802,2025-04-08T19:41:53Z,PureWeen
dotnet/maui,28803,2025-04-04T21:50:33Z,PureWeen
dotnet/maui,28804,2025-04-07T06:11:48Z,jsuarezruiz
dotnet/maui,28805,2025-04-07T06:12:02Z,jsuarezruiz
dotnet/maui,28807,2025-04-04T17:42:12Z,PureWeen
dotnet/maui,28812,2025-04-07T06:16:00Z,jsuarezruiz
dotnet/maui,28818,2025-04-06T18:41:15Z,pictos
dotnet/maui,28828,2025-04-07T15:24:48Z,rmarinho
dotnet/maui,28830,2025-04-08T16:08:57Z,rmarinho
dotnet/maui,28831,2026-01-24T22:54:12Z,kubaflo
dotnet/maui,28833,2025-05-27T18:04:53Z,rmarinho
dotnet/maui,28834,2025-04-08T10:20:52Z,rmarinho
dotnet/maui,28842,2025-04-09T09:25:25Z,FlavioGoncalves-Cayas
dotnet/maui,28844,2025-04-08T11:39:09Z,jsuarezruiz
dotnet/maui,28851,2025-05-09T07:24:51Z,jsuarezruiz
dotnet/maui,28864,2025-04-08T17:24:04Z,rmarinho
dotnet/maui,28869,2025-04-08T20:18:55Z,PureWeen
dotnet/maui,28871,2025-04-09T10:04:56Z,rmarinho
dotnet/maui,28873,2025-04-09T05:49:52Z,jsuarezruiz
dotnet/maui,28876,2025-05-06T11:14:53Z,rmarinho
dotnet/maui,28879,2025-04-22T06:07:36Z,jsuarezruiz
dotnet/maui,28885,2025-04-09T12:58:08Z,bronteq
dotnet/maui,28886,2025-04-11T11:36:41Z,jsuarezruiz
dotnet/maui,28887,2025-04-09T13:34:16Z,rmarinho
dotnet/maui,28892,2025-04-09T15:40:41Z,rmarinho
dotnet/maui,28903,2025-04-10T13:09:44Z,PureWeen
dotnet/maui,28904,2025-04-16T06:51:48Z,jsuarezruiz
dotnet/maui,28905,2025-04-14T06:50:31Z,jsuarezruiz
dotnet/maui,28909,2025-04-11T06:44:24Z,mattleibow
dotnet/maui,28914,2025-05-13T12:23:46Z,MartyIX
dotnet/maui,28919,2025-04-11T10:02:27Z,rmarinho
dotnet/maui,28931,2025-04-11T13:51:55Z,rmarinho
dotnet/maui,28932,2025-04-14T06:40:20Z,jsuarezruiz
dotnet/maui,28934,2025-04-15T06:52:44Z,jsuarezruiz
dotnet/maui,28935,2025-04-14T06:08:16Z,jsuarezruiz
dotnet/maui,28936,2025-04-14T10:00:14Z,ivanpovazan
dotnet/maui,28938,2025-04-13T19:49:45Z,PureWeen
dotnet/maui,28942,2025-04-11T17:45:28Z,akoeplinger
dotnet/maui,28944,2025-04-15T06:50:53Z,jsuarezruiz
dotnet/maui,28953,2025-04-12T17:29:19Z,PureWeen
dotnet/maui,28955,2025-04-13T03:11:09Z,Bamich
dotnet/maui,28956,2025-04-13T19:46:09Z,PureWeen
dotnet/maui,28963,2025-04-14T10:24:42Z,rmarinho
dotnet/maui,28964,2025-04-14T14:05:07Z,PureWeen
dotnet/maui,28971,2025-04-14T13:20:44Z,PureWeen
dotnet/maui,28977,2025-04-14T14:20:55Z,jsuarezruiz
dotnet/maui,28983,2025-04-16T08:13:16Z,Domik234
dotnet/maui,28994,2025-04-21T11:06:29Z,rmarinho
dotnet/maui,28996,2025-04-16T04:23:56Z,PureWeen
dotnet/maui,28998,2025-04-22T06:06:35Z,jsuarezruiz
dotnet/maui,29002,2025-04-16T05:55:05Z,jsuarezruiz
dotnet/maui,29005,2025-04-15T21:25:42Z,mattleibow
dotnet/maui,29007,2025-04-16T05:01:25Z,bcaceiro
dotnet/maui,29010,2025-04-16T09:57:14Z,rmarinho
dotnet/maui,29011,2025-04-16T09:56:56Z,rmarinho
dotnet/maui,29015,2025-04-16T09:56:30Z,rmarinho
dotnet/maui,29017,2025-04-16T10:48:14Z,rmarinho
dotnet/maui,29021,2025-04-21T10:56:43Z,rmarinho
dotnet/maui,29022,2025-04-21T05:54:25Z,jsuarezruiz
dotnet/maui,29024,2025-04-16T11:48:34Z,jsuarezruiz
dotnet/maui,29026,2025-04-16T13:22:31Z,rmarinho
dotnet/maui,29028,2025-04-16T13:58:13Z,jsuarezruiz
dotnet/maui,29031,2025-05-23T17:00:35Z,mattleibow
dotnet/maui,29035,2025-04-16T21:16:39Z,rmarinho
dotnet/maui,29041,2025-04-21T07:17:07Z,jsuarezruiz
dotnet/maui,29046,2025-04-17T13:58:37Z,rmarinho
dotnet/maui,29048,2025-04-21T07:16:26Z,jsuarezruiz
dotnet/maui,29049,2025-04-18T06:44:52Z,ghost
dotnet/maui,29058,2025-04-21T07:00:52Z,jsuarezruiz
dotnet/maui,29062,2025-04-22T20:55:49Z,PureWeen
dotnet/maui,29068,2025-04-22T22:03:40Z,PureWeen
dotnet/maui,29072,2025-04-18T14:39:51Z,bhavanesh2001
dotnet/maui,29074,2025-04-19T12:54:44Z,PureWeen
dotnet/maui,29088,2025-04-21T06:04:00Z,jsuarezruiz
dotnet/maui,29093,2025-06-23T18:39:46Z,PureWeen
dotnet/maui,29095,2025-04-21T06:42:15Z,Tamilarasan-Paranthaman
dotnet/maui,29101,2026-01-31T01:40:06Z,rmarinho
dotnet/maui,29126,2025-07-02T14:25:55Z,MartyIX
dotnet/maui,29129,2025-04-23T05:49:34Z,jsuarezruiz
dotnet/maui,29133,2025-04-22T17:45:42Z,rmarinho
dotnet/maui,29138,2025-04-25T06:08:33Z,jsuarezruiz
dotnet/maui,29139,2025-04-23T15:28:08Z,PureWeen
dotnet/maui,29140,2025-04-23T10:46:51Z,jsuarezruiz
dotnet/maui,29144,2025-05-06T06:43:42Z,jsuarezruiz
dotnet/maui,29159,2025-04-23T19:53:31Z,PureWeen
dotnet/maui,29161,2025-04-24T11:13:54Z,rmarinho
dotnet/maui,29163,2025-04-24T05:56:29Z,jsuarezruiz
dotnet/maui,29165,2025-04-24T09:56:33Z,rmarinho
dotnet/maui,29166,2025-05-05T06:47:59Z,jsuarezruiz
dotnet/maui,29167,2025-04-24T10:54:22Z,jsuarezruiz
dotnet/maui,29168,2025-04-24T16:31:31Z,PureWeen
dotnet/maui,29171,2025-04-25T06:03:22Z,jsuarezruiz
dotnet/maui,29173,2025-04-24T16:53:52Z,rmarinho
dotnet/maui,29176,2025-04-28T21:48:05Z,rmarinho
dotnet/maui,29180,2025-04-25T20:54:57Z,rmarinho
dotnet/maui,29190,2025-04-25T11:46:44Z,jsuarezruiz
dotnet/maui,29197,2025-04-25T11:44:59Z,jsuarezruiz
dotnet/maui,29204,2025-04-25T20:53:54Z,rmarinho
dotnet/maui,29205,2025-04-30T09:36:01Z,jsuarezruiz
dotnet/maui,29209,2026-03-08T20:00:07Z,kubaflo
dotnet/maui,29210,2025-04-28T06:04:52Z,jsuarezruiz
dotnet/maui,29222,2025-04-29T06:36:03Z,baaaaif
dotnet/maui,29225,2025-05-02T06:03:33Z,jsuarezruiz
dotnet/maui,29226,2025-04-29T15:26:31Z,rmarinho
dotnet/maui,29228,2025-05-02T06:03:15Z,jsuarezruiz
dotnet/maui,29230,2025-04-29T15:26:48Z,rmarinho
dotnet/maui,29234,2025-04-30T07:06:37Z,jsuarezruiz
dotnet/maui,29247,2025-05-02T06:01:07Z,jsuarezruiz
dotnet/maui,29248,2025-04-29T15:23:55Z,rmarinho
dotnet/maui,29253,2025-05-02T06:01:46Z,jsuarezruiz
dotnet/maui,29255,2025-04-30T07:29:47Z,jsuarezruiz
dotnet/maui,29256,2025-04-29T21:18:51Z,rmarinho
dotnet/maui,29259,2025-04-30T08:27:36Z,jfversluis
dotnet/maui,29265,2025-04-30T09:38:02Z,jsuarezruiz
dotnet/maui,29278,2025-05-02T07:40:26Z,karthikraja-arumugam
dotnet/maui,29279,2025-06-20T14:05:32Z,PureWeen
dotnet/maui,29280,2025-05-02T05:57:11Z,jsuarezruiz
dotnet/maui,29281,2025-06-10T23:18:46Z,PureWeen
dotnet/maui,29286,2025-05-02T11:55:18Z,jsuarezruiz
dotnet/maui,29288,2025-05-05T06:40:11Z,jsuarezruiz
dotnet/maui,29300,2025-05-03T11:13:00Z,rmarinho
dotnet/maui,29307,2025-10-14T11:19:06Z,ChristopherStephan
dotnet/maui,29311,2025-05-05T05:52:20Z,jsuarezruiz
dotnet/maui,29313,2025-05-05T07:17:36Z,jsuarezruiz
dotnet/maui,29314,2025-05-07T13:53:23Z,PureWeen
dotnet/maui,29315,2025-05-05T20:44:31Z,PureWeen
dotnet/maui,29316,2025-05-08T09:44:07Z,jsuarezruiz
dotnet/maui,29317,2025-05-08T09:44:29Z,jsuarezruiz
dotnet/maui,29318,2025-05-06T07:00:34Z,jsuarezruiz
dotnet/maui,29321,2025-05-08T15:42:55Z,PureWeen
dotnet/maui,29322,2025-05-06T06:42:35Z,jsuarezruiz
dotnet/maui,29323,2025-05-30T10:30:33Z,rmarinho
dotnet/maui,29327,2025-05-06T14:27:00Z,jonathanpeppers
dotnet/maui,29330,2026-03-05T13:31:22Z,kubaflo
dotnet/maui,29333,2025-05-05T18:59:41Z,rmarinho
dotnet/maui,29339,2025-05-06T06:27:52Z,jsuarezruiz
dotnet/maui,29340,2025-05-06T13:30:34Z,jonathanpeppers
dotnet/maui,29343,2025-05-06T06:28:58Z,jsuarezruiz
dotnet/maui,29344,2025-05-09T07:12:17Z,jsuarezruiz
dotnet/maui,29345,2025-05-06T11:53:28Z,jsuarezruiz
dotnet/maui,29357,2025-05-06T14:25:04Z,PureWeen
dotnet/maui,29360,2025-05-07T10:26:02Z,rmarinho
dotnet/maui,29362,2025-05-08T11:32:19Z,jsuarezruiz
dotnet/maui,29363,2025-05-07T10:32:26Z,rmarinho
dotnet/maui,29364,2025-05-07T10:18:24Z,rmarinho
dotnet/maui,29366,2025-05-21T13:21:12Z,jonathanpeppers
dotnet/maui,29369,2025-05-08T05:59:07Z,jsuarezruiz
dotnet/maui,29371,2025-05-08T05:59:52Z,jsuarezruiz
dotnet/maui,29373,2025-05-08T06:58:03Z,jsuarezruiz
dotnet/maui,29376,2025-05-10T11:15:11Z,rmarinho
dotnet/maui,29378,2025-05-08T11:28:11Z,rmarinho
dotnet/maui,29381,2025-05-08T06:02:39Z,jsuarezruiz
dotnet/maui,29385,2025-05-08T11:34:04Z,rmarinho
dotnet/maui,29386,2025-05-08T12:51:04Z,rmarinho
dotnet/maui,29392,2025-05-08T09:28:29Z,jsuarezruiz
dotnet/maui,29393,2025-05-09T10:11:46Z,rmarinho
dotnet/maui,29397,2025-05-08T11:18:58Z,jsuarezruiz
dotnet/maui,29403,2025-05-08T15:48:11Z,rmarinho
dotnet/maui,29409,2025-05-09T06:54:46Z,jsuarezruiz
dotnet/maui,29410,2025-05-09T06:54:41Z,jsuarezruiz
dotnet/maui,29419,2025-05-09T11:00:44Z,rmarinho
dotnet/maui,29423,2025-05-10T11:09:51Z,rmarinho
dotnet/maui,29424,2025-05-10T11:09:37Z,rmarinho
dotnet/maui,29425,2025-05-09T16:01:05Z,rmarinho
dotnet/maui,29434,2025-05-12T11:31:37Z,jsuarezruiz
dotnet/maui,29436,2025-05-12T10:54:03Z,jsuarezruiz
dotnet/maui,29440,2025-05-12T11:16:14Z,rmarinho
dotnet/maui,29441,2025-05-16T11:20:21Z,jsuarezruiz
dotnet/maui,29442,2025-06-17T08:23:50Z,jsuarezruiz
dotnet/maui,29447,2025-05-13T09:16:09Z,rmarinho
dotnet/maui,29450,2025-05-12T17:05:06Z,rmarinho
dotnet/maui,29452,2025-05-15T20:06:01Z,mattleibow
dotnet/maui,29453,2025-05-13T09:46:57Z,rmarinho
dotnet/maui,29457,2025-05-13T09:45:54Z,rmarinho
dotnet/maui,29464,2025-05-13T13:25:37Z,rmarinho
dotnet/maui,29466,2025-05-13T13:59:22Z,rmarinho
dotnet/maui,29469,2025-05-15T20:30:16Z,mattleibow
dotnet/maui,29474,2025-05-16T11:23:47Z,jsuarezruiz
dotnet/maui,29476,2025-05-13T15:42:40Z,rmarinho
dotnet/maui,29487,2025-05-16T11:19:31Z,jsuarezruiz
dotnet/maui,29495,2025-05-19T06:42:22Z,jsuarezruiz
dotnet/maui,29496,2025-05-16T05:51:11Z,jsuarezruiz
dotnet/maui,29497,2025-05-16T11:24:35Z,jsuarezruiz
dotnet/maui,29498,2025-05-15T07:23:42Z,jfversluis
dotnet/maui,29517,2025-05-19T06:21:52Z,jsuarezruiz
dotnet/maui,29520,2025-05-16T05:50:53Z,jsuarezruiz
dotnet/maui,29527,2025-05-16T05:50:28Z,jsuarezruiz
dotnet/maui,29528,2025-05-16T05:50:21Z,jsuarezruiz
dotnet/maui,29531,2025-07-31T14:09:48Z,rmarinho
dotnet/maui,29534,2025-05-15T20:28:53Z,mattleibow
dotnet/maui,29538,2025-05-19T06:52:32Z,jsuarezruiz
dotnet/maui,29543,2025-05-16T08:27:27Z,dartasen
dotnet/maui,29545,2025-05-16T12:02:51Z,jsuarezruiz
dotnet/maui,29546,2025-05-19T07:55:16Z,jsuarezruiz
dotnet/maui,29548,2025-05-19T06:21:17Z,jsuarezruiz
dotnet/maui,29549,2025-05-19T11:39:25Z,rmarinho
dotnet/maui,29550,2025-05-19T06:20:30Z,jsuarezruiz
dotnet/maui,29551,2025-05-19T06:19:28Z,jsuarezruiz
dotnet/maui,29557,2025-05-16T18:39:01Z,PureWeen
dotnet/maui,29560,2025-05-19T06:05:38Z,jsuarezruiz
dotnet/maui,29561,2025-05-19T05:56:44Z,jsuarezruiz
dotnet/maui,29564,2025-05-19T18:23:03Z,PureWeen
dotnet/maui,29568,2025-05-19T05:42:23Z,jsuarezruiz
dotnet/maui,29569,2025-05-19T05:38:05Z,jsuarezruiz
dotnet/maui,29574,2025-05-20T06:52:19Z,jsuarezruiz
dotnet/maui,29579,2025-05-27T10:27:13Z,simonrozsival
dotnet/maui,29582,2025-05-20T06:30:11Z,baaaaif
dotnet/maui,29583,2025-05-21T15:31:45Z,drasticactions
dotnet/maui,29591,2025-05-21T05:38:09Z,jsuarezruiz
dotnet/maui,29592,2025-05-21T05:37:52Z,jsuarezruiz
dotnet/maui,29600,2025-05-21T05:37:45Z,jsuarezruiz
dotnet/maui,29604,2025-05-21T09:40:37Z,jsuarezruiz
dotnet/maui,29606,2025-05-27T07:13:13Z,jsuarezruiz
dotnet/maui,29611,2025-06-13T12:14:19Z,jfversluis
dotnet/maui,29614,2025-05-21T23:59:28Z,PureWeen
dotnet/maui,29616,2025-05-23T11:42:21Z,rmarinho
dotnet/maui,29617,2025-05-22T11:45:14Z,jsuarezruiz
dotnet/maui,29618,2025-05-22T11:44:51Z,jsuarezruiz
dotnet/maui,29620,2025-05-22T16:47:54Z,jsuarezruiz
dotnet/maui,29623,2025-05-27T06:54:36Z,sheiksyedm
dotnet/maui,29625,2025-05-23T06:41:59Z,PureWeen
dotnet/maui,29629,2025-05-23T11:39:37Z,rmarinho
dotnet/maui,29631,2025-05-23T11:39:15Z,rmarinho
dotnet/maui,29632,2025-05-23T11:03:28Z,jsuarezruiz
dotnet/maui,29635,2025-05-23T11:03:19Z,jsuarezruiz
dotnet/maui,29636,2025-05-23T11:03:13Z,jsuarezruiz
dotnet/maui,29637,2025-05-23T11:02:55Z,jsuarezruiz
dotnet/maui,29638,2025-05-28T13:46:27Z,rmarinho
dotnet/maui,29639,2025-05-27T18:07:11Z,rmarinho
dotnet/maui,29642,2025-05-26T06:40:49Z,jsuarezruiz
dotnet/maui,29644,2025-05-26T06:30:00Z,jsuarezruiz
dotnet/maui,29649,2025-05-26T06:06:00Z,jsuarezruiz
dotnet/maui,29656,2025-05-26T05:53:19Z,jsuarezruiz
dotnet/maui,29659,2025-05-26T10:26:20Z,rmarinho
dotnet/maui,29660,2025-05-26T09:12:38Z,jsuarezruiz
dotnet/maui,29670,2025-05-26T12:44:05Z,jsuarezruiz
dotnet/maui,29681,2025-05-27T07:50:18Z,jsuarezruiz
dotnet/maui,29683,2025-05-30T06:54:09Z,jsuarezruiz
dotnet/maui,29684,2025-05-27T09:20:42Z,rmarinho
dotnet/maui,29685,2025-05-27T23:25:36Z,mattleibow
dotnet/maui,29686,2025-05-27T09:20:24Z,rmarinho
dotnet/maui,29688,2025-05-27T09:20:10Z,rmarinho
dotnet/maui,29690,2025-05-28T05:56:50Z,jsuarezruiz
dotnet/maui,29694,2025-05-27T18:40:40Z,rmarinho
dotnet/maui,29700,2025-05-27T23:25:58Z,mattleibow
dotnet/maui,29702,2025-06-03T04:58:40Z,PureWeen
dotnet/maui,29713,2025-05-28T14:19:27Z,jsuarezruiz
dotnet/maui,29715,2025-05-29T06:06:56Z,jsuarezruiz
dotnet/maui,29719,2025-05-29T05:53:44Z,jsuarezruiz
dotnet/maui,29730,2025-05-29T13:16:17Z,jsuarezruiz
dotnet/maui,29731,2025-05-29T13:16:13Z,jsuarezruiz
dotnet/maui,29733,2025-05-29T14:22:01Z,rmarinho
dotnet/maui,29739,2025-05-30T06:00:24Z,jsuarezruiz
dotnet/maui,29744,2025-05-30T14:46:25Z,jsuarezruiz
dotnet/maui,29746,2025-05-30T11:14:27Z,jsuarezruiz
dotnet/maui,29747,2025-05-30T12:06:09Z,rmarinho
dotnet/maui,29750,2025-05-30T14:33:20Z,jsuarezruiz
dotnet/maui,29754,2025-05-30T20:19:10Z,mattleibow
dotnet/maui,29755,2025-06-06T03:23:32Z,PureWeen
dotnet/maui,29763,2025-06-02T06:24:31Z,jsuarezruiz
dotnet/maui,29765,2025-06-02T06:22:58Z,jsuarezruiz
dotnet/maui,29766,2025-06-02T07:16:22Z,jsuarezruiz
dotnet/maui,29769,2025-06-02T11:51:11Z,jsuarezruiz
dotnet/maui,29771,2025-06-02T11:51:19Z,jsuarezruiz
dotnet/maui,29774,2025-06-03T11:46:00Z,rmarinho
dotnet/maui,29775,2025-06-04T08:31:38Z,MartyIX
dotnet/maui,29776,2025-06-03T11:41:40Z,rmarinho
dotnet/maui,29777,2025-06-13T12:37:28Z,PureWeen
dotnet/maui,29779,2025-06-02T12:57:36Z,jsuarezruiz
dotnet/maui,29780,2025-06-02T13:56:42Z,jonathanpeppers
dotnet/maui,29781,2025-06-02T14:52:56Z,bhavanesh2001
dotnet/maui,29784,2025-06-02T15:14:09Z,PureWeen
dotnet/maui,29789,2025-06-02T18:19:22Z,mattleibow
dotnet/maui,29796,2025-06-03T09:51:22Z,jsuarezruiz
dotnet/maui,29800,2025-06-04T06:48:01Z,jsuarezruiz
dotnet/maui,29801,2025-06-03T14:12:50Z,rmarinho
dotnet/maui,29803,2025-06-04T06:31:40Z,jsuarezruiz
dotnet/maui,29804,2025-07-18T12:25:34Z,Pastajello
dotnet/maui,29806,2025-06-03T17:03:38Z,rmarinho
dotnet/maui,29808,2025-06-04T06:31:43Z,jsuarezruiz
dotnet/maui,29811,2025-06-04T10:20:07Z,rmarinho
dotnet/maui,29814,2025-10-30T15:48:42Z,jsuarezruiz
dotnet/maui,29815,2025-06-04T13:58:49Z,jsuarezruiz
dotnet/maui,29818,2025-06-04T13:58:26Z,jsuarezruiz
dotnet/maui,29821,2025-06-04T13:46:28Z,mattleibow
dotnet/maui,29822,2025-06-05T07:57:32Z,MartyIX
dotnet/maui,29825,2025-06-06T05:52:15Z,jsuarezruiz
dotnet/maui,29827,2025-06-05T11:25:21Z,rmarinho
dotnet/maui,29829,2025-06-05T17:45:39Z,rmarinho
dotnet/maui,29830,2025-06-05T11:24:07Z,rmarinho
dotnet/maui,29832,2025-06-05T05:51:31Z,jsuarezruiz
dotnet/maui,29836,2025-06-06T21:32:04Z,spadapet
dotnet/maui,29837,2025-06-15T00:56:28Z,Transis-Pedro
dotnet/maui,29838,2025-06-05T20:06:14Z,mattleibow
dotnet/maui,29845,2025-06-06T13:58:21Z,PureWeen
dotnet/maui,29854,2025-06-06T14:50:05Z,rmarinho
dotnet/maui,29864,2025-06-25T15:38:58Z,rmarinho
dotnet/maui,29869,2025-06-07T14:49:47Z,Transis-Pedro
dotnet/maui,29872,2025-06-06T21:59:19Z,mattleibow
dotnet/maui,29874,2025-06-07T17:20:55Z,PureWeen
dotnet/maui,29879,2025-06-09T05:44:52Z,jsuarezruiz
dotnet/maui,29881,2025-06-09T05:45:16Z,jsuarezruiz
dotnet/maui,29883,2025-06-09T13:07:04Z,jsuarezruiz
dotnet/maui,29884,2025-06-10T06:27:18Z,jsuarezruiz
dotnet/maui,29886,2025-06-10T09:44:09Z,sheiksyedm
dotnet/maui,29887,2025-06-09T20:38:11Z,PureWeen
dotnet/maui,29889,2025-06-10T06:26:17Z,jsuarezruiz
dotnet/maui,29895,2025-06-12T08:23:30Z,jsuarezruiz
dotnet/maui,29896,2025-06-10T11:15:23Z,jsuarezruiz
dotnet/maui,29897,2025-06-11T10:34:53Z,jsuarezruiz
dotnet/maui,29904,2025-06-11T10:13:35Z,rmarinho
dotnet/maui,29905,2025-08-05T15:05:28Z,jfversluis
dotnet/maui,29906,2025-06-11T10:12:55Z,rmarinho
dotnet/maui,29910,2025-06-11T10:36:57Z,jsuarezruiz
dotnet/maui,29917,2025-06-11T10:37:23Z,jsuarezruiz
dotnet/maui,29918,2025-06-11T10:03:59Z,rmarinho
dotnet/maui,29922,2025-06-11T10:39:45Z,jsuarezruiz
dotnet/maui,29924,2025-06-11T10:33:25Z,jsuarezruiz
dotnet/maui,29926,2025-06-11T10:33:18Z,jsuarezruiz
dotnet/maui,29927,2025-06-11T10:33:12Z,jsuarezruiz
dotnet/maui,29931,2025-06-12T06:05:50Z,jsuarezruiz
dotnet/maui,29934,2025-06-12T16:25:35Z,analyticgal
dotnet/maui,29935,2025-06-12T05:54:35Z,jsuarezruiz
dotnet/maui,29936,2025-06-12T05:53:46Z,jsuarezruiz
dotnet/maui,29940,2025-07-02T08:36:06Z,PureWeen
dotnet/maui,29950,2025-06-13T10:32:23Z,jsuarezruiz
dotnet/maui,29952,2025-06-17T15:11:42Z,mattleibow
dotnet/maui,29955,2025-06-16T12:04:49Z,jsuarezruiz
dotnet/maui,29964,2025-06-13T10:25:29Z,jsuarezruiz
dotnet/maui,29965,2025-06-13T10:31:49Z,jsuarezruiz
dotnet/maui,29966,2025-06-12T15:20:49Z,rmarinho
dotnet/maui,29968,2025-06-13T10:24:47Z,jsuarezruiz
dotnet/maui,29970,2025-06-12T18:57:45Z,PureWeen
dotnet/maui,29979,2025-06-16T05:53:06Z,jsuarezruiz
dotnet/maui,29980,2025-06-16T05:52:55Z,jsuarezruiz
dotnet/maui,29981,2025-06-16T05:52:46Z,jsuarezruiz
dotnet/maui,29987,2025-06-14T15:44:22Z,mattleibow
dotnet/maui,29992,2025-06-16T17:15:03Z,PureWeen
dotnet/maui,29995,2025-06-14T13:03:32Z,PureWeen
dotnet/maui,29996,2025-06-16T05:52:18Z,jsuarezruiz
dotnet/maui,29999,2025-06-16T05:51:24Z,jsuarezruiz
dotnet/maui,30002,2025-06-16T22:31:09Z,phunkeler
dotnet/maui,30007,2025-06-17T07:49:04Z,jsuarezruiz
dotnet/maui,30009,2025-06-17T07:49:21Z,jsuarezruiz
dotnet/maui,30012,2025-06-17T07:43:05Z,jsuarezruiz
dotnet/maui,30013,2025-06-16T14:55:38Z,jsuarezruiz
dotnet/maui,30014,2025-06-17T07:38:17Z,jsuarezruiz
dotnet/maui,30018,2025-06-17T07:07:21Z,jsuarezruiz
dotnet/maui,30020,2025-06-17T08:30:56Z,rmarinho
dotnet/maui,30021,2025-06-17T07:06:45Z,jsuarezruiz
dotnet/maui,30022,2025-06-17T12:43:23Z,rmarinho
dotnet/maui,30023,2025-06-17T07:03:13Z,jsuarezruiz
dotnet/maui,30025,2025-06-17T08:20:39Z,rmarinho
dotnet/maui,30026,2025-06-17T17:35:17Z,PureWeen
dotnet/maui,30028,2025-06-20T06:30:58Z,jsuarezruiz
dotnet/maui,30033,2025-06-17T13:17:58Z,jsuarezruiz
dotnet/maui,30034,2025-06-18T06:14:12Z,jsuarezruiz
dotnet/maui,30044,2025-06-18T07:56:30Z,rmarinho
dotnet/maui,30047,2025-06-18T14:03:28Z,jsuarezruiz
dotnet/maui,30049,2025-06-18T14:03:21Z,jsuarezruiz
dotnet/maui,30053,2025-08-07T09:36:07Z,jfversluis
dotnet/maui,30056,2025-06-20T14:16:31Z,IlGalvo
dotnet/maui,30057,2025-06-19T08:48:37Z,NirmalKumarYuvaraj
dotnet/maui,30059,2025-08-18T16:15:16Z,rmarinho
dotnet/maui,30060,2025-06-18T21:13:32Z,PureWeen
dotnet/maui,30062,2025-06-20T06:18:45Z,jsuarezruiz
dotnet/maui,30067,2025-06-20T06:18:26Z,jsuarezruiz
dotnet/maui,30068,2025-06-20T06:17:14Z,jsuarezruiz
dotnet/maui,30069,2025-06-20T06:15:49Z,jsuarezruiz
dotnet/maui,30074,2025-06-20T06:15:43Z,jsuarezruiz
dotnet/maui,30080,2025-06-25T07:42:10Z,jsuarezruiz
dotnet/maui,30083,2025-06-22T15:34:58Z,PureWeen
dotnet/maui,30087,2025-08-17T23:24:05Z,PureWeen
dotnet/maui,30088,2025-06-20T11:42:55Z,jsuarezruiz
dotnet/maui,30089,2025-06-20T11:43:17Z,jsuarezruiz
dotnet/maui,30096,2025-06-22T15:34:33Z,PureWeen
dotnet/maui,30101,2025-07-03T10:36:45Z,rmarinho
dotnet/maui,30106,2025-06-23T05:40:48Z,jsuarezruiz
dotnet/maui,30107,2025-06-21T12:12:58Z,PureWeen
dotnet/maui,30116,2025-06-23T08:20:20Z,jfversluis
dotnet/maui,30117,2025-06-25T15:51:21Z,rmarinho
dotnet/maui,30119,2025-06-23T05:41:52Z,jsuarezruiz
dotnet/maui,30121,2025-06-23T05:39:12Z,jsuarezruiz
dotnet/maui,30122,2025-06-22T23:43:33Z,PureWeen
dotnet/maui,30130,2025-07-16T14:51:07Z,PureWeen
dotnet/maui,30132,2025-06-23T18:59:29Z,PureWeen
dotnet/maui,30133,2025-06-23T13:20:08Z,jsuarezruiz
dotnet/maui,30135,2025-07-11T11:39:27Z,rmarinho
dotnet/maui,30136,2025-06-24T11:19:08Z,rmarinho
dotnet/maui,30137,2025-06-23T18:11:21Z,rmarinho
dotnet/maui,30139,2025-06-25T06:52:08Z,jsuarezruiz
dotnet/maui,30141,2025-06-24T15:06:59Z,mattleibow
dotnet/maui,30142,2025-07-07T17:37:39Z,rmarinho
dotnet/maui,30159,2025-06-24T09:25:40Z,jsuarezruiz
dotnet/maui,30165,2025-06-25T06:53:04Z,jsuarezruiz
dotnet/maui,30166,2025-06-25T11:08:01Z,PureWeen
dotnet/maui,30167,2025-06-25T06:53:15Z,jsuarezruiz
dotnet/maui,30173,2025-06-27T12:05:59Z,PureWeen
dotnet/maui,30182,2025-06-25T06:01:41Z,jsuarezruiz
dotnet/maui,30186,2025-06-25T10:14:09Z,rmarinho
dotnet/maui,30188,2025-06-25T09:36:00Z,jsuarezruiz
dotnet/maui,30193,2025-06-26T12:11:45Z,jsuarezruiz
dotnet/maui,30196,2025-08-07T10:22:56Z,rmarinho
dotnet/maui,30198,2025-06-26T17:34:02Z,PureWeen
dotnet/maui,30200,2025-06-25T13:36:32Z,rmarinho
dotnet/maui,30201,2025-06-30T06:40:01Z,jsuarezruiz
dotnet/maui,30204,2025-06-26T12:05:53Z,jsuarezruiz
dotnet/maui,30206,2025-06-26T12:03:59Z,jsuarezruiz
dotnet/maui,30215,2025-06-25T21:06:56Z,mattleibow
dotnet/maui,30218,2025-06-30T10:11:42Z,jsuarezruiz
dotnet/maui,30223,2025-06-26T02:25:07Z,PureWeen
dotnet/maui,30228,2025-06-26T08:04:42Z,MartyIX
dotnet/maui,30239,2025-06-26T10:14:33Z,rmarinho
dotnet/maui,30241,2025-06-26T11:25:36Z,jsuarezruiz
dotnet/maui,30242,2025-06-26T11:25:33Z,jsuarezruiz
dotnet/maui,30257,2025-07-10T05:25:49Z,PureWeen
dotnet/maui,30258,2025-06-26T21:52:37Z,pictos
dotnet/maui,30259,2025-07-29T11:38:22Z,jfversluis
dotnet/maui,30268,2025-06-27T18:33:32Z,PureWeen
dotnet/maui,30270,2025-07-09T01:04:01Z,PureWeen
dotnet/maui,30271,2025-06-27T10:52:59Z,jsuarezruiz
dotnet/maui,30272,2025-06-27T12:34:34Z,PureWeen
dotnet/maui,30275,2025-06-30T09:20:25Z,rmarinho
dotnet/maui,30276,2025-06-27T12:11:03Z,PureWeen
dotnet/maui,30284,2025-06-27T21:18:53Z,PureWeen
dotnet/maui,30290,2025-06-28T01:31:52Z,PureWeen
dotnet/maui,30296,2025-07-07T06:53:18Z,jsuarezruiz
dotnet/maui,30306,2025-07-07T07:05:12Z,jsuarezruiz
dotnet/maui,30307,2025-06-30T06:10:42Z,jsuarezruiz
dotnet/maui,30311,2025-07-01T12:03:23Z,jsuarezruiz
dotnet/maui,30313,2025-08-12T05:42:24Z,PureWeen
dotnet/maui,30314,2025-07-01T09:43:35Z,rmarinho
dotnet/maui,30315,2025-06-30T08:46:43Z,jsuarezruiz
dotnet/maui,30324,2025-07-01T07:51:01Z,jsuarezruiz
dotnet/maui,30327,2025-07-02T13:43:06Z,AlleSchonWeg
dotnet/maui,30336,2025-09-08T07:12:22Z,jsuarezruiz
dotnet/maui,30339,2025-07-01T07:45:39Z,jsuarezruiz
dotnet/maui,30340,2025-07-18T14:28:23Z,PureWeen
dotnet/maui,30345,2025-07-14T11:52:58Z,rmarinho
dotnet/maui,30353,2025-07-03T06:46:58Z,jsuarezruiz
dotnet/maui,30369,2025-07-02T12:09:47Z,jsuarezruiz
dotnet/maui,30372,2025-07-02T14:00:14Z,jsuarezruiz
dotnet/maui,30373,2025-07-22T17:12:09Z,mattleibow
dotnet/maui,30375,2025-07-02T12:09:29Z,jsuarezruiz
dotnet/maui,30378,2025-07-03T05:51:43Z,jsuarezruiz
dotnet/maui,30379,2025-07-03T05:51:49Z,jsuarezruiz
dotnet/maui,30380,2025-07-02T18:23:57Z,hflexgrig
dotnet/maui,30382,2025-07-04T07:03:08Z,jsuarezruiz
dotnet/maui,30386,2025-07-02T15:08:20Z,jsuarezruiz
dotnet/maui,30387,2025-07-28T20:58:55Z,PureWeen
dotnet/maui,30389,2025-07-03T05:49:33Z,jsuarezruiz
dotnet/maui,30398,2025-07-03T05:49:30Z,jsuarezruiz
dotnet/maui,30400,2025-07-03T12:06:54Z,jsuarezruiz
dotnet/maui,30407,2025-07-04T06:56:39Z,jsuarezruiz
dotnet/maui,30408,2025-07-03T12:06:40Z,jsuarezruiz
dotnet/maui,30412,2025-07-15T08:46:35Z,mrichter4
dotnet/maui,30413,2025-07-03T14:41:46Z,jsuarezruiz
dotnet/maui,30416,2025-07-03T14:10:00Z,rmarinho
dotnet/maui,30420,2025-07-07T10:31:01Z,rmarinho
dotnet/maui,30422,2025-07-03T17:09:51Z,PureWeen
dotnet/maui,30423,2025-07-07T17:31:43Z,rmarinho
dotnet/maui,30431,2025-07-04T06:55:16Z,jsuarezruiz
dotnet/maui,30441,2025-07-09T11:47:07Z,StephaneDelcroix
dotnet/maui,30442,2025-07-26T09:13:55Z,MartyIX
dotnet/maui,30445,2025-07-08T10:47:34Z,rmarinho
dotnet/maui,30446,2025-07-07T05:43:51Z,jsuarezruiz
dotnet/maui,30450,2026-03-18T20:57:26Z,PureWeen
dotnet/maui,30452,2025-07-07T05:40:12Z,pictos
dotnet/maui,30453,2025-07-06T23:31:23Z,PureWeen
dotnet/maui,30455,2025-07-07T05:22:49Z,jsuarezruiz
dotnet/maui,30459,2025-07-07T05:15:54Z,jsuarezruiz
dotnet/maui,30461,2025-07-07T07:40:13Z,jsuarezruiz
dotnet/maui,30467,2025-07-08T05:40:33Z,jsuarezruiz
dotnet/maui,30468,2025-08-07T21:11:23Z,bronteq
dotnet/maui,30469,2025-07-07T15:42:02Z,jsuarezruiz
dotnet/maui,30471,2025-07-08T05:50:07Z,jsuarezruiz
dotnet/maui,30480,2025-07-08T00:08:39Z,PureWeen
dotnet/maui,30484,2025-07-09T06:02:26Z,jsuarezruiz
dotnet/maui,30486,2025-07-29T04:43:55Z,JessieCowie23
dotnet/maui,30488,2025-07-08T14:51:40Z,jsuarezruiz
dotnet/maui,30495,2025-07-09T06:12:42Z,jsuarezruiz
dotnet/maui,30496,2025-07-08T13:58:04Z,jsuarezruiz
dotnet/maui,30501,2025-07-09T05:54:48Z,jsuarezruiz
dotnet/maui,30505,2025-07-10T06:50:15Z,jsuarezruiz
dotnet/maui,30506,2025-07-10T06:50:09Z,jsuarezruiz
dotnet/maui,30508,2025-07-09T11:45:04Z,rmarinho
dotnet/maui,30510,2025-07-09T15:50:40Z,rmarinho
dotnet/maui,30512,2025-09-01T11:14:54Z,jsuarezruiz
dotnet/maui,30517,2025-07-10T06:50:05Z,jsuarezruiz
dotnet/maui,30519,2025-07-09T16:39:31Z,rmarinho
dotnet/maui,30526,2025-07-10T10:24:18Z,rmarinho
dotnet/maui,30533,2025-07-14T06:39:34Z,jsuarezruiz
dotnet/maui,30537,2025-07-17T02:42:03Z,PureWeen
dotnet/maui,30538,2025-07-10T14:46:34Z,bronteq
dotnet/maui,30540,2025-07-14T06:24:44Z,jsuarezruiz
dotnet/maui,30543,2025-07-14T14:16:39Z,jonathanpeppers
dotnet/maui,30544,2025-09-12T13:46:38Z,matouskozak
dotnet/maui,30562,2025-07-11T10:37:52Z,rmarinho
dotnet/maui,30566,2025-07-15T10:23:28Z,rmarinho
dotnet/maui,30568,2025-07-11T09:53:31Z,rmarinho
dotnet/maui,30569,2025-07-11T09:53:43Z,rmarinho
dotnet/maui,30570,2025-07-15T12:54:26Z,rolfbjarne
dotnet/maui,30572,2025-07-14T06:17:08Z,jsuarezruiz
dotnet/maui,30573,2025-07-14T10:27:33Z,rmarinho
dotnet/maui,30574,2025-07-14T06:16:35Z,jsuarezruiz
dotnet/maui,30577,2025-07-11T14:15:53Z,rmarinho
dotnet/maui,30582,2025-08-15T23:14:52Z,PureWeen
dotnet/maui,30588,2025-07-11T18:56:01Z,mattleibow
dotnet/maui,30590,2025-07-11T19:39:30Z,mattleibow
dotnet/maui,30591,2025-07-11T19:39:27Z,mattleibow
dotnet/maui,30592,2025-07-11T19:39:08Z,mattleibow
dotnet/maui,30593,2025-07-14T06:11:56Z,jsuarezruiz
dotnet/maui,30597,2025-07-14T06:08:26Z,jsuarezruiz
dotnet/maui,30601,2025-07-14T06:03:24Z,jsuarezruiz
dotnet/maui,30603,2025-07-14T05:49:33Z,jsuarezruiz
dotnet/maui,30608,2025-07-15T21:15:25Z,PureWeen
dotnet/maui,30610,2025-07-14T12:49:02Z,jsuarezruiz
dotnet/maui,30612,2025-08-28T14:54:24Z,jsuarezruiz
dotnet/maui,30613,2025-07-15T05:40:08Z,jsuarezruiz
dotnet/maui,30614,2025-07-15T05:40:04Z,jsuarezruiz
dotnet/maui,30622,2025-07-15T09:10:31Z,jsuarezruiz
dotnet/maui,30624,2025-07-15T10:11:34Z,rmarinho
dotnet/maui,30625,2025-07-16T05:15:24Z,jsuarezruiz
dotnet/maui,30628,2025-07-15T15:08:18Z,rmarinho
dotnet/maui,30630,2025-07-15T20:47:38Z,PureWeen
dotnet/maui,30635,2025-08-19T09:39:11Z,jfversluis
dotnet/maui,30642,2025-07-16T09:15:27Z,rmarinho
dotnet/maui,30650,2025-07-16T12:46:41Z,rmarinho
dotnet/maui,30651,2025-07-16T15:17:50Z,rmarinho
dotnet/maui,30652,2025-07-17T11:46:14Z,jsuarezruiz
dotnet/maui,30653,2025-08-28T14:54:04Z,jsuarezruiz
dotnet/maui,30657,2025-07-21T09:43:24Z,jsuarezruiz
dotnet/maui,30660,2025-07-22T14:02:28Z,mattleibow
dotnet/maui,30661,2025-07-17T04:23:49Z,PureWeen
dotnet/maui,30665,2025-09-19T08:54:58Z,rmarinho
dotnet/maui,30671,2025-08-11T19:59:08Z,PureWeen
dotnet/maui,30683,2025-07-30T18:32:05Z,Transis-Felipe
dotnet/maui,30684,2025-07-21T09:40:05Z,jsuarezruiz
dotnet/maui,30686,2025-07-23T15:40:47Z,jonathanpeppers
dotnet/maui,30687,2025-07-21T14:26:34Z,rmarinho
dotnet/maui,30692,2025-08-15T16:41:12Z,PureWeen
dotnet/maui,30701,2025-07-22T10:39:22Z,rmarinho
dotnet/maui,30709,2025-09-02T07:29:37Z,jfversluis
dotnet/maui,30711,2025-07-19T04:19:01Z,PureWeen
dotnet/maui,30714,2025-08-06T09:19:08Z,rmarinho
dotnet/maui,30717,2025-07-19T09:46:48Z,mootah01
dotnet/maui,30724,2025-07-20T01:34:19Z,PureWeen
dotnet/maui,30729,2025-07-21T06:28:07Z,jsuarezruiz
dotnet/maui,30730,2025-08-01T12:04:08Z,rmarinho
dotnet/maui,30731,2025-07-21T13:58:11Z,rmarinho
dotnet/maui,30733,2025-07-22T10:18:15Z,rmarinho
dotnet/maui,30739,2025-07-21T14:54:54Z,PureWeen
dotnet/maui,30741,2025-07-21T17:00:09Z,rmarinho
dotnet/maui,30742,2025-07-21T17:05:03Z,rmarinho
dotnet/maui,30748,2025-07-22T10:49:32Z,jsuarezruiz
dotnet/maui,30753,2025-09-01T12:02:23Z,jsuarezruiz
dotnet/maui,30755,2025-07-25T14:36:53Z,rmarinho
dotnet/maui,30757,2025-07-23T08:57:28Z,jsuarezruiz
dotnet/maui,30759,2025-07-23T08:57:17Z,jsuarezruiz
dotnet/maui,30763,2025-07-22T17:14:05Z,bhavanesh2001
dotnet/maui,30767,2025-07-22T18:48:12Z,rmarinho
dotnet/maui,30772,2025-07-23T01:15:17Z,PureWeen
dotnet/maui,30774,2025-07-23T08:55:58Z,jsuarezruiz
dotnet/maui,30777,2025-07-23T08:55:51Z,jsuarezruiz
dotnet/maui,30781,2025-07-23T08:55:47Z,jsuarezruiz
dotnet/maui,30785,2025-07-23T13:05:50Z,PureWeen
dotnet/maui,30789,2025-07-24T12:10:12Z,jsuarezruiz
dotnet/maui,30790,2025-07-23T13:46:50Z,rmarinho
dotnet/maui,30791,2025-10-08T15:04:58Z,jsuarezruiz
dotnet/maui,30793,2025-11-26T14:21:30Z,jfversluis
dotnet/maui,30804,2025-07-25T06:35:58Z,Ahamed-Ali
dotnet/maui,30808,2025-08-28T11:13:21Z,jsuarezruiz
dotnet/maui,30811,2025-07-24T12:10:26Z,jsuarezruiz
dotnet/maui,30817,2025-07-25T08:40:54Z,jsuarezruiz
dotnet/maui,30826,2025-07-25T08:38:31Z,jsuarezruiz
dotnet/maui,30835,2025-07-29T07:21:46Z,jsuarezruiz
dotnet/maui,30838,2025-07-29T07:13:36Z,jsuarezruiz
dotnet/maui,30839,2025-08-07T23:21:55Z,mattleibow
dotnet/maui,30841,2025-07-25T16:56:22Z,jsuarezruiz
dotnet/maui,30850,2025-07-28T11:49:26Z,rmarinho
dotnet/maui,30851,2025-07-29T05:18:33Z,bhavanesh2001
dotnet/maui,30852,2025-07-28T06:09:32Z,jsuarezruiz
dotnet/maui,30861,2025-11-04T09:09:52Z,rolfbjarne
dotnet/maui,30863,2025-07-27T13:09:10Z,PureWeen
dotnet/maui,30864,2025-07-27T12:18:02Z,PureWeen
dotnet/maui,30872,2025-08-13T16:58:45Z,PureWeen
dotnet/maui,30875,2025-07-30T06:00:24Z,jsuarezruiz
dotnet/maui,30878,2025-08-28T11:12:48Z,jsuarezruiz
dotnet/maui,30879,2025-07-29T06:52:20Z,jsuarezruiz
dotnet/maui,30880,2025-08-12T19:44:28Z,mattleibow
dotnet/maui,30882,2025-07-29T07:12:45Z,jsuarezruiz
dotnet/maui,30883,2025-07-29T11:18:28Z,rmarinho
dotnet/maui,30884,2025-07-28T19:43:28Z,PureWeen
dotnet/maui,30886,2025-07-28T23:24:41Z,PureWeen
dotnet/maui,30887,2025-07-28T23:24:15Z,PureWeen
dotnet/maui,30889,2025-07-29T11:20:53Z,rmarinho
dotnet/maui,30903,2025-07-29T13:25:24Z,jfversluis
dotnet/maui,30905,2025-07-30T06:15:34Z,jsuarezruiz
dotnet/maui,30906,2025-07-30T06:15:44Z,jsuarezruiz
dotnet/maui,30907,2025-08-01T11:22:26Z,rmarinho
dotnet/maui,30908,2025-07-29T13:40:38Z,jsuarezruiz
dotnet/maui,30916,2025-07-29T19:02:52Z,rmarinho
dotnet/maui,30920,2025-07-30T08:53:36Z,jfversluis
dotnet/maui,30930,2025-08-02T22:03:21Z,PureWeen
dotnet/maui,30933,2025-07-31T11:25:23Z,jfversluis
dotnet/maui,30934,2025-07-30T15:58:48Z,PureWeen
dotnet/maui,30936,2025-07-30T17:00:32Z,PureWeen
dotnet/maui,30942,2025-08-18T11:31:56Z,rmarinho
dotnet/maui,30954,2025-08-01T09:59:15Z,jsuarezruiz
dotnet/maui,30959,2025-08-01T11:18:34Z,rmarinho
dotnet/maui,30960,2025-08-01T11:18:01Z,rmarinho
dotnet/maui,30962,2025-08-01T03:09:36Z,PureWeen
dotnet/maui,30966,2025-08-28T11:13:06Z,jsuarezruiz
dotnet/maui,30968,2025-08-01T09:58:59Z,jsuarezruiz
dotnet/maui,30973,2025-08-06T09:07:16Z,rmarinho
dotnet/maui,30976,2025-08-01T16:26:46Z,PureWeen
dotnet/maui,30978,2025-08-04T14:49:21Z,rmarinho
dotnet/maui,30980,2025-08-20T14:59:14Z,rmarinho
dotnet/maui,30981,2025-08-13T11:54:32Z,rmarinho
dotnet/maui,30987,2025-08-04T11:01:14Z,rmarinho
dotnet/maui,30988,2025-08-02T15:36:29Z,PureWeen
dotnet/maui,30995,2025-08-03T15:07:57Z,PureWeen
dotnet/maui,31004,2025-08-04T13:09:44Z,PureWeen
dotnet/maui,31006,2025-08-04T21:11:18Z,PureWeen
dotnet/maui,31007,2025-08-06T08:39:12Z,rmarinho
dotnet/maui,31015,2025-09-05T11:48:54Z,jsuarezruiz
dotnet/maui,31016,2026-03-26T18:34:53Z,MauiBot
dotnet/maui,31018,2025-08-05T14:16:11Z,PureWeen
dotnet/maui,31019,2025-10-08T15:00:47Z,jsuarezruiz
dotnet/maui,31022,2025-08-07T11:11:18Z,albyrock87
dotnet/maui,31024,2025-08-05T13:36:54Z,PureWeen
dotnet/maui,31026,2025-08-05T14:19:33Z,PureWeen
dotnet/maui,31027,2025-08-05T15:10:17Z,mattleibow
dotnet/maui,31036,2025-08-16T16:09:37Z,PureWeen
dotnet/maui,31038,2025-09-01T11:15:18Z,jsuarezruiz
dotnet/maui,31040,2025-11-27T14:18:54Z,jfversluis
dotnet/maui,31041,2025-08-28T10:59:30Z,jsuarezruiz
dotnet/maui,31045,2025-09-04T14:08:43Z,mattleibow
dotnet/maui,31056,2025-08-09T14:34:03Z,PureWeen
dotnet/maui,31058,2025-08-08T17:11:12Z,PureWeen
dotnet/maui,31062,2025-10-24T10:08:34Z,jsuarezruiz
dotnet/maui,31066,2025-08-28T14:54:12Z,jsuarezruiz
dotnet/maui,31067,2025-08-28T14:54:19Z,jsuarezruiz
dotnet/maui,31074,2025-08-08T10:20:51Z,rmarinho
dotnet/maui,31086,2025-08-11T14:08:06Z,rmarinho
dotnet/maui,31089,2025-08-08T19:21:09Z,mattleibow
dotnet/maui,31092,2025-08-09T14:32:45Z,PureWeen
dotnet/maui,31093,2025-08-11T11:40:01Z,rmarinho
dotnet/maui,31094,2025-08-11T11:39:37Z,rmarinho
dotnet/maui,31095,2025-08-11T13:15:29Z,rmarinho
dotnet/maui,31100,2025-08-11T11:38:57Z,rmarinho
dotnet/maui,31104,2025-08-13T06:52:45Z,FlavioGoncalves-Cayas
dotnet/maui,31105,2025-08-12T12:59:57Z,MartyIX
dotnet/maui,31113,2025-08-11T18:54:08Z,PureWeen
dotnet/maui,31118,2025-08-12T09:46:04Z,mattleibow
dotnet/maui,31120,2025-08-12T06:10:54Z,PureWeen
dotnet/maui,31122,2025-08-28T10:59:26Z,jsuarezruiz
dotnet/maui,31123,2025-08-19T09:37:22Z,jfversluis
dotnet/maui,31125,2025-11-27T12:45:36Z,jfversluis
dotnet/maui,31126,2025-09-01T11:15:12Z,jsuarezruiz
dotnet/maui,31129,2025-08-27T06:20:55Z,jsuarezruiz
dotnet/maui,31133,2025-08-28T06:22:28Z,jsuarezruiz
dotnet/maui,31143,2025-08-14T07:54:38Z,jfversluis
dotnet/maui,31144,2025-08-27T06:20:19Z,jsuarezruiz
dotnet/maui,31149,2025-08-14T02:32:05Z,PureWeen
dotnet/maui,31151,2025-08-14T07:51:52Z,jfversluis
dotnet/maui,31154,2025-09-22T09:07:39Z,rmarinho
dotnet/maui,31156,2025-08-27T06:19:33Z,jsuarezruiz
dotnet/maui,31158,2025-08-14T07:37:13Z,jfversluis
dotnet/maui,31159,2025-08-21T14:53:09Z,PureWeen
dotnet/maui,31161,2025-08-14T10:56:37Z,rmarinho
dotnet/maui,31168,2025-08-14T13:33:10Z,rmarinho
dotnet/maui,31175,2025-08-19T09:26:39Z,jfversluis
dotnet/maui,31183,2025-08-15T13:50:06Z,jfversluis
dotnet/maui,31187,2025-08-17T14:45:43Z,rmarinho
dotnet/maui,31189,2025-08-17T22:03:19Z,PureWeen
dotnet/maui,31195,2025-08-17T14:40:50Z,rmarinho
dotnet/maui,31198,2025-08-16T14:20:05Z,PureWeen
dotnet/maui,31200,2025-09-11T06:08:52Z,jsuarezruiz
dotnet/maui,31201,2025-08-21T08:38:44Z,sheiksyedm
dotnet/maui,31202,2025-08-17T10:10:56Z,MartyIX
dotnet/maui,31204,2025-08-18T09:10:12Z,rmarinho
dotnet/maui,31206,2025-08-19T12:14:21Z,rmarinho
dotnet/maui,31207,2025-08-18T09:09:48Z,rmarinho
dotnet/maui,31213,2025-08-23T13:14:11Z,PureWeen
dotnet/maui,31215,2025-08-25T23:15:03Z,PureWeen
dotnet/maui,31218,2025-08-27T12:18:50Z,jfversluis
dotnet/maui,31220,2025-08-22T07:24:08Z,jfversluis
dotnet/maui,31221,2025-08-19T14:58:25Z,rmarinho
dotnet/maui,31228,2025-08-19T14:04:50Z,baaaaif
dotnet/maui,31229,2025-08-19T14:58:11Z,rmarinho
dotnet/maui,31232,2025-08-19T14:21:50Z,PureWeen
dotnet/maui,31235,2025-08-19T15:52:14Z,rmarinho
dotnet/maui,31236,2025-08-19T15:54:58Z,rmarinho
dotnet/maui,31237,2025-08-19T15:55:37Z,rmarinho
dotnet/maui,31240,2025-08-19T16:35:21Z,rmarinho
dotnet/maui,31241,2025-08-19T17:31:44Z,rmarinho
dotnet/maui,31242,2025-08-20T12:15:14Z,jfversluis
dotnet/maui,31244,2025-08-20T02:29:20Z,PureWeen
dotnet/maui,31245,2025-08-20T10:30:31Z,rmarinho
dotnet/maui,31248,2025-08-22T07:26:22Z,jfversluis
dotnet/maui,31249,2025-08-21T17:27:32Z,PureWeen
dotnet/maui,31250,2025-08-21T11:03:48Z,simonrozsival
dotnet/maui,31254,2025-08-26T06:38:10Z,jsuarezruiz
dotnet/maui,31255,2025-08-26T06:37:48Z,jsuarezruiz
dotnet/maui,31258,2025-10-30T12:15:59Z,jsuarezruiz
dotnet/maui,31260,2025-08-20T15:02:27Z,rmarinho
dotnet/maui,31261,2025-08-21T15:01:04Z,dalexsoto
dotnet/maui,31265,2025-08-21T14:19:25Z,rmarinho
dotnet/maui,31269,2025-08-26T06:40:38Z,jsuarezruiz
dotnet/maui,31270,2025-08-21T12:21:03Z,rmarinho
dotnet/maui,31271,2025-08-21T12:01:20Z,PureWeen
dotnet/maui,31275,2025-08-26T06:24:46Z,jsuarezruiz
dotnet/maui,31276,2025-08-21T13:59:44Z,rmarinho
dotnet/maui,31277,2025-08-22T10:15:55Z,vitek-karas
dotnet/maui,31279,2025-08-21T14:25:20Z,rmarinho
dotnet/maui,31281,2025-08-21T21:27:06Z,PureWeen
dotnet/maui,31282,2025-08-22T10:16:49Z,rmarinho
dotnet/maui,31289,2025-08-22T12:19:55Z,PureWeen
dotnet/maui,31291,2025-09-08T11:34:27Z,jsuarezruiz
dotnet/maui,31295,2025-08-22T17:40:29Z,PureWeen
dotnet/maui,31298,2025-08-23T09:41:45Z,jfversluis
dotnet/maui,31303,2025-08-27T06:14:38Z,jsuarezruiz
dotnet/maui,31306,2025-08-26T06:01:48Z,jsuarezruiz
dotnet/maui,31307,2025-08-26T06:01:19Z,jsuarezruiz
dotnet/maui,31312,2025-08-24T09:21:05Z,mattleibow
dotnet/maui,31313,2025-08-24T21:23:41Z,rmarinho
dotnet/maui,31317,2026-03-22T15:12:03Z,MauiBot
dotnet/maui,31318,2025-08-24T20:05:16Z,jfversluis
dotnet/maui,31327,2025-08-26T15:09:35Z,sheiksyedm
dotnet/maui,31336,2025-08-26T05:51:04Z,jsuarezruiz
dotnet/maui,31340,2025-08-27T06:00:24Z,jsuarezruiz
dotnet/maui,31341,2025-08-27T06:00:03Z,jsuarezruiz
dotnet/maui,31342,2025-08-26T13:59:33Z,dalexsoto
dotnet/maui,31344,2025-08-26T14:02:25Z,mattleibow
dotnet/maui,31346,2025-08-26T17:00:10Z,mattleibow
dotnet/maui,31350,2025-08-27T05:59:27Z,jsuarezruiz
dotnet/maui,31352,2025-08-27T05:58:54Z,jsuarezruiz
dotnet/maui,31353,2025-08-26T14:48:09Z,dalexsoto
dotnet/maui,31354,2025-08-26T15:15:40Z,mattleibow
dotnet/maui,31355,2025-08-27T06:05:55Z,jsuarezruiz
dotnet/maui,31357,2025-08-27T05:58:40Z,jsuarezruiz
dotnet/maui,31358,2025-08-27T05:57:52Z,jsuarezruiz
dotnet/maui,31366,2025-08-28T05:57:36Z,jsuarezruiz
dotnet/maui,31373,2025-09-05T08:25:31Z,jfversluis
dotnet/maui,31376,2025-09-03T07:17:04Z,jsuarezruiz
dotnet/maui,31380,2025-09-01T13:27:47Z,Ahamed-Ali
dotnet/maui,31383,2026-03-18T15:55:39Z,jfversluis
dotnet/maui,31385,2025-09-01T12:29:22Z,jfversluis
dotnet/maui,31391,2025-08-29T08:25:45Z,jsuarezruiz
dotnet/maui,31393,2025-08-29T11:11:23Z,jsuarezruiz
dotnet/maui,31395,2025-09-01T06:00:28Z,jsuarezruiz
dotnet/maui,31403,2025-09-01T06:00:02Z,jsuarezruiz
dotnet/maui,31412,2025-11-07T13:54:39Z,sheiksyedm
dotnet/maui,31414,2025-09-01T05:56:29Z,jsuarezruiz
dotnet/maui,31418,2025-09-01T05:55:42Z,jsuarezruiz
dotnet/maui,31425,2025-09-02T14:07:30Z,mattleibow
dotnet/maui,31426,2025-09-01T14:21:58Z,jsuarezruiz
dotnet/maui,31429,2025-09-03T06:42:12Z,jsuarezruiz
dotnet/maui,31437,2025-10-21T06:49:32Z,jsuarezruiz
dotnet/maui,31438,2025-12-02T16:42:58Z,PureWeen
dotnet/maui,31440,2025-09-02T10:16:10Z,jsuarezruiz
dotnet/maui,31443,2025-09-02T05:51:08Z,jsuarezruiz
dotnet/maui,31452,2025-09-02T14:26:47Z,PureWeen
dotnet/maui,31453,2025-09-16T07:26:35Z,jsuarezruiz
dotnet/maui,31457,2025-09-16T07:26:28Z,jsuarezruiz
dotnet/maui,31458,2025-09-03T05:52:34Z,jsuarezruiz
dotnet/maui,31463,2025-09-03T10:29:38Z,jsuarezruiz
dotnet/maui,31464,2025-10-13T16:46:29Z,rmarinho
dotnet/maui,31468,2025-09-04T05:50:01Z,jsuarezruiz
dotnet/maui,31469,2025-09-04T05:50:08Z,jsuarezruiz
dotnet/maui,31470,2025-09-04T05:50:13Z,jsuarezruiz
dotnet/maui,31471,2025-09-04T05:50:24Z,jsuarezruiz
dotnet/maui,31474,2025-09-04T05:50:36Z,jsuarezruiz
dotnet/maui,31477,2025-09-04T21:58:59Z,PureWeen
dotnet/maui,31485,2025-09-04T18:53:48Z,jfversluis
dotnet/maui,31486,2025-09-04T20:22:56Z,PureWeen
dotnet/maui,31487,2025-09-10T06:43:55Z,jsuarezruiz
dotnet/maui,31488,2025-09-05T07:35:12Z,jfversluis
dotnet/maui,31489,2025-09-08T10:54:02Z,jsuarezruiz
dotnet/maui,31491,2025-09-08T10:36:51Z,jsuarezruiz
dotnet/maui,31497,2025-12-02T16:42:33Z,PureWeen
dotnet/maui,31498,2025-12-02T14:26:16Z,jfversluis
dotnet/maui,31499,2025-09-05T11:39:22Z,jsuarezruiz
dotnet/maui,31515,2025-09-08T16:07:41Z,jsuarezruiz
dotnet/maui,31516,2025-09-09T05:39:23Z,jsuarezruiz
dotnet/maui,31517,2025-09-08T15:15:35Z,jsuarezruiz
dotnet/maui,31525,2025-09-12T17:35:51Z,sheiksyedm
dotnet/maui,31536,2025-09-09T12:43:21Z,jsuarezruiz
dotnet/maui,31537,2025-09-09T12:43:46Z,jsuarezruiz
dotnet/maui,31540,2025-09-09T12:43:42Z,jsuarezruiz
dotnet/maui,31548,2025-09-10T06:02:30Z,jsuarezruiz
dotnet/maui,31549,2025-09-10T06:03:10Z,jsuarezruiz
dotnet/maui,31553,2025-09-16T07:26:01Z,jsuarezruiz
dotnet/maui,31564,2025-09-11T07:38:49Z,jfversluis
dotnet/maui,31566,2025-09-16T06:06:36Z,jsuarezruiz
dotnet/maui,31567,2025-09-11T10:33:54Z,jfversluis
dotnet/maui,31572,2025-09-12T05:37:24Z,jsuarezruiz
dotnet/maui,31575,2025-09-12T08:27:00Z,jsuarezruiz
dotnet/maui,31583,2025-09-12T11:16:38Z,jsuarezruiz
dotnet/maui,31590,2025-09-15T09:50:27Z,jsuarezruiz
dotnet/maui,31591,2025-09-15T09:50:35Z,jsuarezruiz
dotnet/maui,31592,2025-09-12T14:47:27Z,rmarinho
dotnet/maui,31595,2025-09-15T09:59:24Z,jsuarezruiz
dotnet/maui,31596,2025-09-15T09:59:59Z,jsuarezruiz
dotnet/maui,31597,2025-09-15T10:00:13Z,jsuarezruiz
dotnet/maui,31600,2025-09-18T14:52:47Z,rmarinho
dotnet/maui,31601,2025-09-15T10:00:35Z,jsuarezruiz
dotnet/maui,31605,2025-09-14T16:11:29Z,jfversluis
dotnet/maui,31607,2025-09-15T10:01:48Z,jsuarezruiz
dotnet/maui,31608,2025-09-15T06:42:39Z,jfversluis
dotnet/maui,31611,2025-09-16T00:35:46Z,PureWeen
dotnet/maui,31615,2025-09-15T12:15:04Z,rmarinho
dotnet/maui,31618,2025-09-17T06:50:34Z,jsuarezruiz
dotnet/maui,31619,2025-09-16T05:56:09Z,jsuarezruiz
dotnet/maui,31625,2025-09-16T05:56:16Z,jsuarezruiz
dotnet/maui,31631,2025-09-16T17:18:33Z,PureWeen
dotnet/maui,31632,2025-09-16T15:02:38Z,PureWeen
dotnet/maui,31638,2025-09-17T06:53:24Z,jsuarezruiz
dotnet/maui,31639,2025-10-10T09:00:53Z,jsuarezruiz
dotnet/maui,31646,2025-09-18T11:41:45Z,jsuarezruiz
dotnet/maui,31647,2025-11-06T21:29:29Z,PureWeen
dotnet/maui,31648,2025-09-19T12:04:54Z,jsuarezruiz
dotnet/maui,31650,2025-09-18T09:04:16Z,jsuarezruiz
dotnet/maui,31651,2025-09-18T11:43:36Z,jsuarezruiz
dotnet/maui,31653,2025-09-17T14:25:27Z,jsuarezruiz
dotnet/maui,31655,2025-09-17T14:25:23Z,jsuarezruiz
dotnet/maui,31656,2025-09-18T09:04:24Z,jsuarezruiz
dotnet/maui,31661,2025-09-18T11:33:02Z,jsuarezruiz
dotnet/maui,31663,2025-09-18T06:10:01Z,jsuarezruiz
dotnet/maui,31665,2025-09-18T06:09:52Z,jsuarezruiz
dotnet/maui,31667,2025-09-18T10:04:05Z,jsuarezruiz
dotnet/maui,31669,2025-09-18T10:03:59Z,jsuarezruiz
dotnet/maui,31672,2025-09-18T14:51:57Z,jsuarezruiz
dotnet/maui,31673,2025-09-18T11:31:20Z,jsuarezruiz
dotnet/maui,31681,2025-09-18T23:08:48Z,kubaflo
dotnet/maui,31692,2025-09-19T12:03:35Z,jsuarezruiz
dotnet/maui,31694,2026-02-09T10:27:58Z,rmarinho
dotnet/maui,31695,2026-03-21T14:08:30Z,MauiBot
dotnet/maui,31701,2025-09-20T02:10:42Z,PureWeen
dotnet/maui,31704,2025-09-21T01:01:29Z,PureWeen
dotnet/maui,31712,2025-09-22T17:42:03Z,PureWeen
dotnet/maui,31713,2025-09-22T11:27:26Z,jfversluis
dotnet/maui,31714,2025-09-25T20:43:53Z,malsabi
dotnet/maui,31715,2025-09-22T16:15:52Z,PureWeen
dotnet/maui,31717,2025-09-24T11:11:39Z,rmarinho
dotnet/maui,31721,2025-09-23T12:46:00Z,javiercn
dotnet/maui,31722,2025-09-26T09:05:02Z,jsuarezruiz
dotnet/maui,31723,2025-09-23T12:12:40Z,PureWeen
dotnet/maui,31726,2025-09-24T06:13:05Z,jsuarezruiz
dotnet/maui,31733,2025-09-23T16:23:25Z,rmarinho
dotnet/maui,31737,2025-09-23T17:53:54Z,PureWeen
dotnet/maui,31743,2025-09-24T05:41:10Z,jsuarezruiz
dotnet/maui,31744,2025-09-24T12:29:05Z,rmarinho
dotnet/maui,31745,2025-09-24T15:49:39Z,jsuarezruiz
dotnet/maui,31746,2025-09-24T15:49:34Z,jsuarezruiz
dotnet/maui,31747,2025-09-24T14:49:59Z,jsuarezruiz
dotnet/maui,31752,2026-03-27T00:09:28Z,MauiBot
dotnet/maui,31755,2026-02-18T16:27:54Z,rmarinho
dotnet/maui,31756,2025-09-24T13:16:55Z,jfversluis
dotnet/maui,31757,2025-11-07T21:17:50Z,PureWeen
dotnet/maui,31758,2025-09-24T13:17:11Z,PureWeen
dotnet/maui,31761,2025-09-24T16:01:34Z,jsuarezruiz
dotnet/maui,31763,2025-09-24T15:57:06Z,jsuarezruiz
dotnet/maui,31766,2025-09-24T19:50:42Z,PureWeen
dotnet/maui,31769,2025-09-25T14:24:37Z,bcaceiro
dotnet/maui,31770,2025-09-25T09:10:19Z,rmarinho
dotnet/maui,31772,2025-09-25T10:27:11Z,jsuarezruiz
dotnet/maui,31774,2025-09-26T09:24:16Z,rmarinho
dotnet/maui,31775,2025-09-25T13:24:34Z,jsuarezruiz
dotnet/maui,31776,2025-09-29T06:53:29Z,jsuarezruiz
dotnet/maui,31777,2025-09-26T13:06:03Z,rmarinho
dotnet/maui,31786,2025-09-29T06:53:21Z,jsuarezruiz
dotnet/maui,31787,2025-09-29T06:53:18Z,jsuarezruiz
dotnet/maui,31789,2025-09-29T06:53:13Z,jsuarezruiz
dotnet/maui,31790,2025-09-29T06:53:09Z,jsuarezruiz
dotnet/maui,31791,2025-09-26T13:07:59Z,rmarinho
dotnet/maui,31793,2025-09-29T06:53:03Z,jsuarezruiz
dotnet/maui,31798,2025-09-26T19:57:15Z,PureWeen
dotnet/maui,31812,2025-09-29T09:03:30Z,rmarinho
dotnet/maui,31820,2025-09-30T07:46:22Z,jsuarezruiz
dotnet/maui,31823,2025-09-30T11:54:53Z,jsuarezruiz
dotnet/maui,31831,2025-09-30T19:57:59Z,PureWeen
dotnet/maui,31832,2025-09-30T21:11:02Z,rmarinho
dotnet/maui,31833,2025-10-01T07:23:01Z,jsuarezruiz
dotnet/maui,31838,2025-10-02T12:36:21Z,jsuarezruiz
dotnet/maui,31839,2025-10-02T12:36:13Z,jsuarezruiz
dotnet/maui,31840,2025-10-02T12:36:07Z,jsuarezruiz
dotnet/maui,31841,2025-10-02T09:42:54Z,rmarinho
dotnet/maui,31844,2025-10-02T09:45:02Z,rmarinho
dotnet/maui,31845,2025-10-02T14:14:18Z,rmarinho
dotnet/maui,31848,2025-10-08T17:55:17Z,PureWeen
dotnet/maui,31849,2025-10-10T13:09:21Z,rmarinho
dotnet/maui,31851,2025-10-02T20:41:27Z,rmarinho
dotnet/maui,31854,2025-10-02T20:57:18Z,rmarinho
dotnet/maui,31856,2025-10-02T21:31:20Z,rmarinho
dotnet/maui,31859,2025-10-03T08:29:41Z,rmarinho
dotnet/maui,31862,2025-10-06T05:49:00Z,jsuarezruiz
dotnet/maui,31865,2025-10-04T09:46:43Z,rmarinho
dotnet/maui,31866,2025-10-08T17:55:33Z,PureWeen
dotnet/maui,31867,2025-10-06T05:48:48Z,jsuarezruiz
dotnet/maui,31872,2025-10-06T05:48:17Z,jsuarezruiz
dotnet/maui,31875,2025-10-31T09:13:59Z,jsuarezruiz
dotnet/maui,31877,2025-10-17T10:01:04Z,jaimeatsherpa
dotnet/maui,31879,2025-10-06T17:04:09Z,MartyIX
dotnet/maui,31882,2025-10-06T22:02:09Z,rmarinho
dotnet/maui,31886,2025-10-07T05:39:22Z,jsuarezruiz
dotnet/maui,31891,2025-10-08T07:45:25Z,jfversluis
dotnet/maui,31893,2026-03-26T16:04:04Z,ewerspej
dotnet/maui,31895,2025-10-07T13:26:44Z,rmarinho
dotnet/maui,31896,2025-10-07T12:59:17Z,rmarinho
dotnet/maui,31898,2025-10-09T14:06:27Z,jsuarezruiz
dotnet/maui,31902,2025-10-09T14:41:24Z,jsuarezruiz
dotnet/maui,31905,2025-10-08T08:15:21Z,rmarinho
dotnet/maui,31908,2025-10-08T08:14:42Z,rmarinho
dotnet/maui,31910,2026-03-21T14:10:44Z,MauiBot
dotnet/maui,31912,2025-10-16T16:36:11Z,PureWeen
dotnet/maui,31913,2025-10-15T14:36:38Z,jsuarezruiz
dotnet/maui,31914,2025-10-08T15:14:26Z,PureWeen
dotnet/maui,31915,2025-10-09T14:25:02Z,jsuarezruiz
dotnet/maui,31916,2025-10-09T14:03:30Z,jsuarezruiz
dotnet/maui,31918,2025-10-09T08:30:12Z,rmarinho
dotnet/maui,31919,2025-10-09T07:48:31Z,rmarinho
dotnet/maui,31921,2025-10-09T07:49:35Z,rmarinho
dotnet/maui,31922,2025-10-09T08:28:20Z,rmarinho
dotnet/maui,31924,2025-11-07T10:17:19Z,jsuarezruiz
dotnet/maui,31929,2025-10-09T05:39:50Z,jsuarezruiz
dotnet/maui,31931,2025-10-09T13:36:09Z,jsuarezruiz
dotnet/maui,31932,2025-10-09T07:22:47Z,rmarinho
dotnet/maui,31933,2025-10-09T07:23:19Z,rmarinho
dotnet/maui,31938,2025-10-22T14:19:55Z,PureWeen
dotnet/maui,31940,2026-02-18T16:01:03Z,rmarinho
dotnet/maui,31951,2025-10-09T18:49:22Z,rmarinho
dotnet/maui,31952,2025-10-09T18:28:56Z,rmarinho
dotnet/maui,31954,2025-10-10T13:00:29Z,rmarinho
dotnet/maui,31962,2026-02-03T08:38:25Z,Brosten
dotnet/maui,31971,2025-10-13T10:42:57Z,rmarinho
dotnet/maui,31972,2025-10-14T06:42:25Z,jsuarezruiz
dotnet/maui,31973,2025-10-13T11:57:37Z,rmarinho
dotnet/maui,31977,2025-10-13T15:45:06Z,PureWeen
dotnet/maui,31983,2025-10-17T17:50:59Z,rmarinho
dotnet/maui,31984,2025-11-13T16:45:16Z,PureWeen
dotnet/maui,31987,2025-10-14T12:59:07Z,rmarinho
dotnet/maui,31998,2025-10-29T12:14:11Z,PureWeen
dotnet/maui,31999,2025-10-15T13:27:46Z,jsuarezruiz
dotnet/maui,32003,2025-10-18T18:16:08Z,rmarinho
dotnet/maui,32005,2025-10-16T05:47:37Z,jsuarezruiz
dotnet/maui,32007,2025-10-15T16:13:52Z,PureWeen
dotnet/maui,32009,2025-10-23T13:50:42Z,StephaneDelcroix
dotnet/maui,32014,2025-10-16T05:47:45Z,jsuarezruiz
dotnet/maui,32015,2025-10-16T08:01:14Z,jsuarezruiz
dotnet/maui,32022,2025-10-18T17:58:17Z,rmarinho
dotnet/maui,32024,2025-10-18T18:01:31Z,rmarinho
dotnet/maui,32025,2025-10-27T12:20:15Z,jsuarezruiz
dotnet/maui,32028,2025-10-16T20:45:41Z,MartyIX
dotnet/maui,32035,2025-10-18T18:29:55Z,rmarinho
dotnet/maui,32036,2025-10-17T06:56:09Z,jsuarezruiz
dotnet/maui,32038,2025-10-17T06:56:00Z,jsuarezruiz
dotnet/maui,32045,2025-10-17T18:02:25Z,baaaaif
dotnet/maui,32046,2025-10-20T20:32:34Z,PureWeen
dotnet/maui,32052,2025-10-18T18:23:29Z,rmarinho
dotnet/maui,32053,2025-10-23T10:05:21Z,jsuarezruiz
dotnet/maui,32058,2025-10-18T12:59:56Z,rmarinho
dotnet/maui,32061,2025-10-18T18:18:20Z,rmarinho
dotnet/maui,32064,2025-10-20T05:43:47Z,jsuarezruiz
dotnet/maui,32065,2025-10-18T18:25:03Z,rmarinho
dotnet/maui,32066,2025-10-18T18:32:22Z,rmarinho
dotnet/maui,32068,2025-11-07T10:16:35Z,jsuarezruiz
dotnet/maui,32069,2025-10-18T20:51:12Z,rmarinho
dotnet/maui,32080,2025-10-20T05:44:34Z,jsuarezruiz
dotnet/maui,32081,2025-10-19T15:04:04Z,jfversluis
dotnet/maui,32086,2025-10-20T05:44:23Z,jsuarezruiz
dotnet/maui,32087,2025-10-20T08:11:46Z,rmarinho
dotnet/maui,32089,2025-10-20T09:38:54Z,rmarinho
dotnet/maui,32101,2025-10-22T12:38:50Z,rmarinho
dotnet/maui,32104,2025-10-22T23:38:03Z,rmarinho
dotnet/maui,32107,2025-10-22T17:52:19Z,rmarinho
dotnet/maui,32109,2025-10-23T16:30:35Z,sheiksyedm
dotnet/maui,32119,2025-10-21T20:05:57Z,PureWeen
dotnet/maui,32120,2025-10-21T20:07:15Z,PureWeen
dotnet/maui,32122,2025-10-21T20:52:56Z,jfversluis
dotnet/maui,32129,2025-10-22T08:56:51Z,rmarinho
dotnet/maui,32132,2025-10-22T08:44:14Z,rmarinho
dotnet/maui,32134,2025-10-22T05:53:05Z,jsuarezruiz
dotnet/maui,32135,2025-10-22T05:53:12Z,jsuarezruiz
dotnet/maui,32137,2025-10-22T10:18:02Z,jsuarezruiz
dotnet/maui,32141,2025-10-28T10:23:51Z,jsuarezruiz
dotnet/maui,32143,2025-10-22T10:09:24Z,jsuarezruiz
dotnet/maui,32145,2025-10-22T11:59:56Z,jsuarezruiz
dotnet/maui,32146,2025-10-22T11:59:47Z,jsuarezruiz
dotnet/maui,32148,2025-10-22T18:19:54Z,jfversluis
dotnet/maui,32149,2025-11-20T14:19:45Z,jfversluis
dotnet/maui,32158,2025-10-22T18:04:12Z,rmarinho
dotnet/maui,32167,2025-10-23T10:40:07Z,jsuarezruiz
dotnet/maui,32172,2025-10-28T08:45:49Z,jsuarezruiz
dotnet/maui,32173,2025-10-27T21:47:02Z,edgiardina
dotnet/maui,32174,2025-11-12T10:45:04Z,bronteq
dotnet/maui,32175,2025-10-23T16:15:43Z,PureWeen
dotnet/maui,32178,2025-10-28T08:44:54Z,jsuarezruiz
dotnet/maui,32179,2025-11-11T10:32:08Z,sheiksyedm
dotnet/maui,32180,2025-10-24T08:52:50Z,rmarinho
dotnet/maui,32186,2026-03-02T15:19:30Z,rmarinho
dotnet/maui,32187,2025-10-24T07:38:45Z,jsuarezruiz
dotnet/maui,32191,2026-01-05T07:01:30Z,sheiksyedm
dotnet/maui,32195,2025-10-24T09:19:40Z,rmarinho
dotnet/maui,32196,2025-10-24T11:15:32Z,sheiksyedm
dotnet/maui,32199,2025-10-27T11:27:58Z,jsuarezruiz
dotnet/maui,32204,2025-10-24T18:14:45Z,rmarinho
dotnet/maui,32205,2025-10-27T06:53:01Z,jsuarezruiz
dotnet/maui,32215,2025-10-27T06:52:46Z,jsuarezruiz
dotnet/maui,32216,2025-10-27T06:52:36Z,jsuarezruiz
dotnet/maui,32224,2025-10-27T11:25:27Z,jsuarezruiz
dotnet/maui,32227,2026-03-23T10:18:13Z,matouskozak
dotnet/maui,32228,2025-10-27T19:32:36Z,mattleibow
dotnet/maui,32240,2025-11-07T10:11:33Z,jsuarezruiz
dotnet/maui,32241,2025-10-28T11:51:05Z,jsuarezruiz
dotnet/maui,32245,2025-10-29T07:43:46Z,jsuarezruiz
dotnet/maui,32246,2025-10-28T16:37:40Z,rmarinho
dotnet/maui,32248,2025-10-29T07:43:39Z,jsuarezruiz
dotnet/maui,32251,2025-10-29T01:08:23Z,rmarinho
dotnet/maui,32267,2026-02-18T16:16:01Z,rmarinho
dotnet/maui,32270,2025-10-29T22:11:30Z,PureWeen
dotnet/maui,32278,2025-10-30T07:29:09Z,jsuarezruiz
dotnet/maui,32280,2025-10-30T07:29:38Z,jsuarezruiz
dotnet/maui,32283,2025-10-30T07:30:29Z,jsuarezruiz
dotnet/maui,32284,2025-10-30T07:30:36Z,jsuarezruiz
dotnet/maui,32286,2025-10-31T08:15:31Z,jsuarezruiz
dotnet/maui,32289,2025-11-06T06:30:20Z,sheiksyedm
dotnet/maui,32290,2025-11-03T23:50:07Z,PureWeen
dotnet/maui,32291,2025-10-31T09:33:46Z,jsuarezruiz
dotnet/maui,32295,2025-11-06T13:23:39Z,PureWeen
dotnet/maui,32296,2026-01-07T08:35:59Z,StephaneDelcroix
dotnet/maui,32306,2025-10-31T07:43:45Z,jsuarezruiz
dotnet/maui,32308,2025-10-31T07:43:35Z,jsuarezruiz
dotnet/maui,32311,2025-12-16T08:04:15Z,sheiksyedm
dotnet/maui,32314,2025-10-31T12:55:59Z,jsuarezruiz
dotnet/maui,32317,2025-11-03T08:13:06Z,jsuarezruiz
dotnet/maui,32318,2025-11-06T06:28:06Z,sheiksyedm
dotnet/maui,32324,2025-11-03T07:51:35Z,jsuarezruiz
dotnet/maui,32333,2025-11-03T07:51:25Z,jsuarezruiz
dotnet/maui,32337,2025-11-03T07:51:14Z,jsuarezruiz
dotnet/maui,32338,2025-11-03T06:54:48Z,jsuarezruiz
dotnet/maui,32341,2025-11-02T23:21:46Z,kubaflo
dotnet/maui,32342,2025-11-03T06:54:30Z,jsuarezruiz
dotnet/maui,32343,2025-11-03T06:54:24Z,jsuarezruiz
dotnet/maui,32344,2025-11-03T06:54:19Z,jsuarezruiz
dotnet/maui,32349,2025-11-06T10:01:20Z,sheiksyedm
dotnet/maui,32350,2025-11-04T07:09:45Z,jsuarezruiz
dotnet/maui,32361,2025-11-03T15:57:15Z,rmarinho
dotnet/maui,32372,2025-11-04T07:30:05Z,jsuarezruiz
dotnet/maui,32373,2025-11-04T00:02:19Z,PureWeen
dotnet/maui,32377,2025-11-05T10:21:02Z,rmarinho
dotnet/maui,32379,2025-11-06T17:46:21Z,PureWeen
dotnet/maui,32381,2026-02-18T17:52:37Z,rmarinho
dotnet/maui,32382,2025-11-04T15:13:12Z,bcaceiro
dotnet/maui,32384,2025-11-04T21:41:47Z,rmarinho
dotnet/maui,32386,2025-11-04T21:41:19Z,rmarinho
dotnet/maui,32392,2025-11-05T05:23:54Z,sheiksyedm
dotnet/maui,32395,2025-11-05T12:39:21Z,jsuarezruiz
dotnet/maui,32397,2025-11-05T12:38:53Z,jsuarezruiz
dotnet/maui,32402,2025-11-05T23:59:18Z,dainius-r
dotnet/maui,32405,2025-11-06T07:19:16Z,jsuarezruiz
dotnet/maui,32420,2025-11-07T14:57:42Z,albyrock87
dotnet/maui,32430,2025-11-06T16:59:13Z,PureWeen
dotnet/maui,32432,2025-11-07T08:20:40Z,jsuarezruiz
dotnet/maui,32448,2025-11-08T00:45:14Z,mattleibow
dotnet/maui,32451,2025-11-08T02:15:24Z,mattleibow
dotnet/maui,32456,2025-11-15T15:17:40Z,PureWeen
dotnet/maui,32461,2025-11-10T14:35:21Z,mattleibow
dotnet/maui,32468,2025-11-18T13:41:01Z,StephaneDelcroix
dotnet/maui,32471,2025-11-10T13:39:39Z,sheiksyedm
dotnet/maui,32479,2025-11-17T12:54:00Z,sheiksyedm
dotnet/maui,32480,2025-12-09T20:42:51Z,ceubanks14
dotnet/maui,32481,2025-11-17T13:01:56Z,sheiksyedm
dotnet/maui,32489,2025-11-11T14:56:08Z,jfversluis
dotnet/maui,32491,2025-11-11T03:01:40Z,jonmdev
dotnet/maui,32497,2026-03-16T00:23:34Z,kubaflo
dotnet/maui,32509,2025-11-12T05:08:33Z,sheiksyedm
dotnet/maui,32516,2025-11-12T07:14:38Z,sheiksyedm
dotnet/maui,32518,2025-11-12T18:58:07Z,PureWeen
dotnet/maui,32522,2025-11-17T13:16:21Z,sheiksyedm
dotnet/maui,32525,2025-11-17T13:16:58Z,sheiksyedm
dotnet/maui,32528,2025-11-18T05:06:38Z,sheiksyedm
dotnet/maui,32529,2026-02-16T14:02:49Z,rmarinho
dotnet/maui,32531,2026-02-18T15:34:22Z,rmarinho
dotnet/maui,32532,2025-11-12T21:15:35Z,rmarinho
dotnet/maui,32537,2025-11-16T23:45:04Z,kubaflo
dotnet/maui,32571,2025-11-14T14:21:17Z,jfversluis
dotnet/maui,32577,2025-11-18T05:07:30Z,sheiksyedm
dotnet/maui,32580,2025-11-18T13:40:41Z,StephaneDelcroix
dotnet/maui,32582,2025-11-18T05:07:44Z,sheiksyedm
dotnet/maui,32589,2025-11-17T14:53:18Z,sheiksyedm
dotnet/maui,32590,2025-11-15T15:20:46Z,PureWeen
dotnet/maui,32597,2025-11-13T18:35:58Z,rmarinho
dotnet/maui,32604,2025-11-14T04:05:44Z,PureWeen
dotnet/maui,32606,2025-11-13T21:24:28Z,rmarinho
dotnet/maui,32607,2025-11-25T12:17:15Z,jfversluis
dotnet/maui,32610,2025-11-20T18:04:15Z,PureWeen
dotnet/maui,32613,2025-11-14T10:33:23Z,rmarinho
dotnet/maui,32617,2025-11-14T14:33:46Z,sheiksyedm
dotnet/maui,32622,2025-11-17T09:35:56Z,sheiksyedm
dotnet/maui,32626,2025-11-14T14:07:27Z,jfversluis
dotnet/maui,32635,2025-11-14T18:10:11Z,PureWeen
dotnet/maui,32648,2026-03-22T16:37:58Z,MauiBot
dotnet/maui,32653,2025-11-17T10:44:11Z,sheiksyedm
dotnet/maui,32654,2026-03-23T00:25:58Z,MauiBot
dotnet/maui,32656,2025-11-16T15:55:53Z,kubaflo
dotnet/maui,32659,2025-11-18T20:28:47Z,PureWeen
dotnet/maui,32660,2025-11-18T10:05:27Z,jfversluis
dotnet/maui,32662,2025-11-18T01:43:18Z,Emtiaz-Tafsir
dotnet/maui,32664,2025-11-18T11:05:01Z,sheiksyedm
dotnet/maui,32669,2025-11-18T07:34:55Z,sheiksyedm
dotnet/maui,32672,2025-11-24T09:38:33Z,StephaneDelcroix
dotnet/maui,32674,2025-11-18T10:41:40Z,sheiksyedm
dotnet/maui,32682,2025-11-21T12:13:05Z,simonrozsival
dotnet/maui,32688,2025-11-18T13:15:14Z,sheiksyedm
dotnet/maui,32694,2025-11-20T18:04:58Z,PureWeen
dotnet/maui,32699,2025-11-18T12:21:36Z,sheiksyedm
dotnet/maui,32700,2025-11-24T14:29:46Z,jfversluis
dotnet/maui,32701,2025-12-30T10:51:43Z,sheiksyedm
dotnet/maui,32703,2025-11-18T12:46:06Z,sheiksyedm
dotnet/maui,32707,2025-11-20T09:49:05Z,PureWeen
dotnet/maui,32708,2025-12-04T13:03:54Z,sheiksyedm
dotnet/maui,32713,2025-11-20T14:50:57Z,noiseonwires
dotnet/maui,32714,2025-11-29T05:43:03Z,StephaneDelcroix
dotnet/maui,32718,2025-11-19T21:13:27Z,PureWeen
dotnet/maui,32725,2025-11-20T15:06:39Z,mattleibow
dotnet/maui,32726,2026-03-29T00:12:40Z,MauiBot
dotnet/maui,32734,2025-11-20T12:05:31Z,sheiksyedm
dotnet/maui,32741,2025-11-19T23:45:25Z,kubaflo
dotnet/maui,32752,2026-01-16T14:08:37Z,rmarinho
dotnet/maui,32774,2025-11-20T20:56:19Z,PureWeen
dotnet/maui,32775,2026-03-20T01:03:36Z,MauiBot
dotnet/maui,32776,2025-11-20T14:31:01Z,sheiksyedm
dotnet/maui,32779,2025-11-20T17:57:58Z,PureWeen
dotnet/maui,32783,2025-11-24T14:09:38Z,jfversluis
dotnet/maui,32786,2025-11-25T12:29:22Z,jfversluis
dotnet/maui,32789,2025-11-21T14:31:37Z,sheiksyedm
dotnet/maui,32790,2025-11-27T06:51:33Z,sheiksyedm
dotnet/maui,32792,2025-11-25T12:14:05Z,jfversluis
dotnet/maui,32793,2025-11-21T13:13:40Z,PureWeen
dotnet/maui,32794,2025-11-21T14:34:23Z,sheiksyedm
dotnet/maui,32797,2025-11-27T15:26:37Z,jfversluis
dotnet/maui,32798,2025-11-21T13:16:38Z,PureWeen
dotnet/maui,32799,2025-11-24T08:43:24Z,sheiksyedm
dotnet/maui,32800,2025-11-24T13:35:27Z,sheiksyedm
dotnet/maui,32802,2025-11-21T18:44:38Z,kubaflo
dotnet/maui,32803,2025-11-21T18:01:20Z,rmarinho
dotnet/maui,32804,2025-11-22T18:09:16Z,PureWeen
dotnet/maui,32811,2026-03-23T15:26:13Z,MauiBot
dotnet/maui,32815,2025-11-27T10:54:06Z,jfversluis
dotnet/maui,32822,2025-11-24T12:44:15Z,sheiksyedm
dotnet/maui,32831,2025-11-26T19:50:27Z,jfversluis
dotnet/maui,32834,2025-12-09T02:29:44Z,DanielWinduss
dotnet/maui,32835,2025-12-08T20:22:23Z,PureWeen
dotnet/maui,32841,2025-11-25T07:04:42Z,sheiksyedm
dotnet/maui,32850,2025-11-27T15:16:16Z,sheiksyedm
dotnet/maui,32851,2026-02-18T15:36:45Z,rmarinho
dotnet/maui,32854,2025-11-25T14:02:38Z,jfversluis
dotnet/maui,32864,2026-03-20T16:24:54Z,MauiBot
dotnet/maui,32868,2025-11-26T11:55:30Z,sheiksyedm
dotnet/maui,32872,2025-11-27T07:54:45Z,jfversluis
dotnet/maui,32874,2026-02-18T15:08:30Z,rmarinho
dotnet/maui,32878,2025-11-27T19:43:47Z,pictos
dotnet/maui,32882,2025-11-28T14:43:38Z,sheiksyedm
dotnet/maui,32884,2025-11-28T13:04:45Z,sheiksyedm
dotnet/maui,32888,2025-11-28T12:59:35Z,sheiksyedm
dotnet/maui,32889,2025-11-28T12:52:34Z,sheiksyedm
dotnet/maui,32891,2026-01-21T20:27:09Z,PureWeen
dotnet/maui,32907,2025-12-01T09:21:07Z,StephaneDelcroix
dotnet/maui,32910,2025-11-30T15:44:55Z,jfversluis
dotnet/maui,32913,2025-11-29T21:47:38Z,PureWeen
dotnet/maui,32914,2026-03-23T00:25:21Z,MauiBot
dotnet/maui,32920,2025-11-30T01:12:43Z,PureWeen
dotnet/maui,32939,2025-12-01T16:18:12Z,kubaflo
dotnet/maui,32940,2025-12-02T08:32:53Z,simonrozsival
dotnet/maui,32946,2026-03-23T00:25:50Z,MauiBot
dotnet/maui,32948,2025-12-02T23:14:39Z,kubaflo
dotnet/maui,32952,2025-12-02T11:48:02Z,sheiksyedm
dotnet/maui,32957,2025-12-22T11:09:21Z,sheiksyedm
dotnet/maui,32962,2026-04-03T10:50:12Z,kubaflo
dotnet/maui,32972,2025-12-04T20:01:08Z,PureWeen
dotnet/maui,32975,2025-12-03T14:03:04Z,rmarinho
dotnet/maui,32997,2026-02-17T01:07:47Z,rmarinho
dotnet/maui,33001,2025-12-06T12:47:26Z,rmarinho
dotnet/maui,33004,2025-12-29T21:38:09Z,PureWeen
dotnet/maui,33006,2025-12-04T16:08:58Z,PureWeen
dotnet/maui,33007,2025-12-04T19:36:59Z,MartyIX
dotnet/maui,33010,2025-12-09T10:29:06Z,jfversluis
dotnet/maui,33014,2025-12-05T23:59:52Z,kubaflo
dotnet/maui,33019,2025-12-05T14:31:05Z,sheiksyedm
dotnet/maui,33021,2025-12-30T23:27:19Z,PureWeen
dotnet/maui,33025,2025-12-08T13:33:38Z,jfversluis
dotnet/maui,33042,2025-12-09T08:44:26Z,sheiksyedm
dotnet/maui,33045,2025-12-11T13:55:25Z,sheiksyedm
dotnet/maui,33058,2025-12-10T14:43:49Z,NirmalKumarYuvaraj
dotnet/maui,33059,2025-12-08T20:25:50Z,PureWeen
dotnet/maui,33064,2025-12-08T21:18:09Z,PureWeen
dotnet/maui,33066,2026-03-20T00:50:32Z,MauiBot
dotnet/maui,33069,2025-12-09T19:41:18Z,kubaflo
dotnet/maui,33071,2025-12-09T11:37:13Z,jfversluis
dotnet/maui,33074,2025-12-15T06:56:31Z,sheiksyedm
dotnet/maui,33075,2026-01-07T17:47:18Z,PureWeen
dotnet/maui,33084,2025-12-10T08:26:10Z,jfversluis
dotnet/maui,33086,2025-12-23T21:34:19Z,PureWeen
dotnet/maui,33087,2026-03-21T00:38:10Z,MauiBot
dotnet/maui,33088,2026-02-09T11:54:52Z,sheiksyedm
dotnet/maui,33090,2026-02-18T10:52:48Z,sheiksyedm
dotnet/maui,33091,2025-12-15T08:44:44Z,sheiksyedm
dotnet/maui,33093,2026-01-31T01:39:57Z,rmarinho
dotnet/maui,33108,2025-12-15T10:19:45Z,sheiksyedm
dotnet/maui,33109,2026-03-28T18:55:06Z,MauiBot
dotnet/maui,33113,2025-12-19T13:30:44Z,jfversluis
dotnet/maui,33118,2025-12-12T08:47:08Z,rmarinho
dotnet/maui,33127,2026-01-16T07:43:22Z,sheiksyedm
dotnet/maui,33128,2025-12-15T12:06:51Z,sheiksyedm
dotnet/maui,33129,2025-12-12T19:02:36Z,rmarinho
dotnet/maui,33132,2025-12-12T18:52:23Z,rmarinho
dotnet/maui,33133,2026-04-07T13:04:54Z,kubaflo
dotnet/maui,33134,2026-01-05T06:53:45Z,sheiksyedm
dotnet/maui,33144,2025-12-15T10:16:17Z,sheiksyedm
dotnet/maui,33145,2025-12-15T10:10:06Z,NirmalKumarYuvaraj
dotnet/maui,33152,2026-01-22T22:05:43Z,PureWeen
dotnet/maui,33159,2025-12-24T07:59:49Z,sheiksyedm
dotnet/maui,33160,2026-01-16T13:54:49Z,rmarinho
dotnet/maui,33161,2025-12-15T17:46:47Z,PureWeen
dotnet/maui,33163,2026-02-18T15:00:09Z,rmarinho
dotnet/maui,33173,2025-12-31T11:01:26Z,sheiksyedm
dotnet/maui,33176,2026-04-19T13:57:11Z,kubaflo
dotnet/maui,33177,2025-12-16T23:40:24Z,PureWeen
dotnet/maui,33179,2026-03-21T00:37:45Z,MauiBot
dotnet/maui,33181,2026-03-31T12:01:51Z,MauiBot
dotnet/maui,33182,2025-12-30T18:26:08Z,david-maw
dotnet/maui,33183,2026-02-18T15:55:26Z,rmarinho
dotnet/maui,33185,2025-12-22T06:56:35Z,sheiksyedm
dotnet/maui,33192,2026-02-18T16:48:28Z,rmarinho
dotnet/maui,33194,2026-02-17T01:04:33Z,rmarinho
dotnet/maui,33195,2025-12-25T23:49:50Z,kubaflo
dotnet/maui,33196,2025-12-30T22:22:13Z,PureWeen
dotnet/maui,33198,2025-12-30T16:47:04Z,PureWeen
dotnet/maui,33204,2026-01-27T19:43:52Z,PureWeen
dotnet/maui,33207,2026-02-18T14:50:02Z,rmarinho
dotnet/maui,33208,2026-02-17T02:24:13Z,rmarinho
dotnet/maui,33209,2026-01-20T15:05:58Z,PureWeen
dotnet/maui,33210,2025-12-18T17:27:26Z,PureWeen
dotnet/maui,33213,2026-01-11T11:06:17Z,rmarinho
dotnet/maui,33214,2025-12-22T17:28:36Z,PureWeen
dotnet/maui,33218,2025-12-29T21:38:15Z,PureWeen
dotnet/maui,33231,2026-01-31T01:39:53Z,rmarinho
dotnet/maui,33233,2026-01-16T13:43:00Z,rmarinho
dotnet/maui,33234,2026-01-16T13:54:40Z,rmarinho
dotnet/maui,33240,2025-12-30T16:48:07Z,PureWeen
dotnet/maui,33242,2025-12-19T15:53:13Z,rmarinho
dotnet/maui,33246,2026-02-12T03:11:21Z,rmarinho
dotnet/maui,33248,2025-12-22T07:45:50Z,simonrozsival
dotnet/maui,33252,2025-12-22T18:02:10Z,PureWeen
dotnet/maui,33254,2026-03-21T02:19:41Z,MauiBot
dotnet/maui,33256,2025-12-29T14:09:18Z,sheiksyedm
dotnet/maui,33257,2025-12-22T16:14:23Z,sheiksyedm
dotnet/maui,33268,2025-12-30T17:57:26Z,PureWeen
dotnet/maui,33271,2025-12-23T13:16:49Z,sheiksyedm
dotnet/maui,33275,2025-12-23T14:47:26Z,kubaflo
dotnet/maui,33281,2026-01-05T21:44:17Z,PureWeen
dotnet/maui,33285,2025-12-25T19:29:24Z,kubaflo
dotnet/maui,33288,2026-04-07T11:52:27Z,MauiBot
dotnet/maui,33302,2025-12-30T23:22:36Z,PureWeen
dotnet/maui,33310,2026-01-04T15:28:21Z,kubaflo
dotnet/maui,33312,2026-04-15T06:22:49Z,sheiksyedm
dotnet/maui,33313,2025-12-29T22:15:20Z,PureWeen
dotnet/maui,33323,2026-01-05T20:08:17Z,rmarinho
dotnet/maui,33325,2026-01-01T23:48:41Z,kubaflo
dotnet/maui,33330,2026-02-18T15:13:23Z,rmarinho
dotnet/maui,33332,2026-01-02T23:46:12Z,PureWeen
dotnet/maui,33335,2025-12-31T06:23:15Z,sheiksyedm
dotnet/maui,33337,2025-12-31T16:25:36Z,PureWeen
dotnet/maui,33339,2025-12-31T06:03:41Z,sheiksyedm
dotnet/maui,33346,2026-02-10T06:50:57Z,sheiksyedm
dotnet/maui,33349,2026-01-16T22:56:04Z,kubaflo
dotnet/maui,33350,2026-01-01T04:43:17Z,kubaflo
dotnet/maui,33353,2026-01-01T15:07:27Z,kubaflo
dotnet/maui,33358,2026-01-03T00:39:26Z,kubaflo
dotnet/maui,33359,2026-01-02T15:53:06Z,kubaflo
dotnet/maui,33363,2026-01-05T15:31:55Z,sheiksyedm
dotnet/maui,33372,2026-01-16T14:55:03Z,rmarinho
dotnet/maui,33380,2026-01-06T00:11:57Z,PureWeen
dotnet/maui,33385,2026-01-06T15:05:38Z,kubaflo
dotnet/maui,33389,2026-03-16T00:33:35Z,kubaflo
dotnet/maui,33397,2026-01-07T08:50:25Z,rmarinho
dotnet/maui,33398,2026-01-07T00:40:14Z,kubaflo
dotnet/maui,33406,2026-01-07T14:47:35Z,kubaflo
dotnet/maui,33409,2026-01-07T16:58:11Z,sheiksyedm
dotnet/maui,33414,2026-01-07T18:19:09Z,PureWeen
dotnet/maui,33423,2026-01-08T10:49:31Z,rmarinho
dotnet/maui,33426,2026-01-16T12:14:16Z,sheiksyedm
dotnet/maui,33427,2026-02-17T01:10:03Z,rmarinho
dotnet/maui,33428,2026-01-16T12:19:16Z,sheiksyedm
dotnet/maui,33429,2026-01-08T14:28:41Z,PureWeen
dotnet/maui,33431,2026-01-11T11:03:15Z,rmarinho
dotnet/maui,33432,2026-01-12T15:26:23Z,pictos
dotnet/maui,33439,2026-01-16T13:46:20Z,sheiksyedm
dotnet/maui,33440,2026-01-13T23:32:52Z,PureWeen
dotnet/maui,33441,2026-01-09T16:52:40Z,rmarinho
dotnet/maui,33442,2026-01-09T16:50:48Z,rmarinho
dotnet/maui,33446,2026-01-09T16:44:05Z,rmarinho
dotnet/maui,33450,2026-01-12T15:03:49Z,jonathanpeppers
dotnet/maui,33451,2026-01-27T19:44:54Z,PureWeen
dotnet/maui,33453,2026-01-09T19:35:21Z,kubaflo
dotnet/maui,33459,2026-01-12T21:54:48Z,jfversluis
dotnet/maui,33460,2026-01-17T14:07:43Z,kubaflo
dotnet/maui,33464,2026-01-12T21:25:40Z,PureWeen
dotnet/maui,33465,2026-01-15T11:46:34Z,rmarinho
dotnet/maui,33468,2026-02-18T14:45:36Z,rmarinho
dotnet/maui,33469,2026-01-25T15:44:11Z,kubaflo
dotnet/maui,33470,2026-01-12T10:23:43Z,sheiksyedm
dotnet/maui,33474,2026-01-12T21:52:36Z,PureWeen
dotnet/maui,33478,2026-02-18T14:37:02Z,rmarinho
dotnet/maui,33481,2026-02-18T14:35:56Z,rmarinho
dotnet/maui,33484,2026-01-27T22:10:31Z,kubaflo
dotnet/maui,33485,2026-01-12T19:27:14Z,rmarinho
dotnet/maui,33488,2026-01-15T03:03:05Z,hartez
dotnet/maui,33492,2026-01-13T10:43:07Z,rmarinho
dotnet/maui,33506,2026-01-13T13:34:43Z,rmarinho
dotnet/maui,33513,2026-01-14T21:03:22Z,PureWeen
dotnet/maui,33522,2026-01-14T10:55:27Z,rmarinho
dotnet/maui,33524,2026-01-16T13:34:40Z,rmarinho
dotnet/maui,33525,2026-03-17T08:14:44Z,sheiksyedm
dotnet/maui,33526,2026-01-16T13:02:28Z,sheiksyedm
dotnet/maui,33527,2026-01-20T13:07:57Z,sheiksyedm
dotnet/maui,33528,2026-01-23T10:24:11Z,sheiksyedm
dotnet/maui,33531,2026-01-27T19:45:01Z,PureWeen
dotnet/maui,33534,2026-01-14T13:55:09Z,rmarinho
dotnet/maui,33537,2026-01-20T09:21:07Z,lothrop
dotnet/maui,33540,2026-03-22T13:37:49Z,MauiBot
dotnet/maui,33541,2026-01-15T16:13:25Z,PureWeen
dotnet/maui,33542,2026-01-15T17:21:37Z,rmarinho
dotnet/maui,33552,2026-01-19T18:26:44Z,kubaflo
dotnet/maui,33554,2026-01-16T13:52:49Z,rmarinho
dotnet/maui,33558,2026-01-20T11:16:27Z,sheiksyedm
dotnet/maui,33559,2026-01-20T14:33:08Z,sheiksyedm
dotnet/maui,33561,2026-01-31T01:39:41Z,rmarinho
dotnet/maui,33563,2026-01-16T13:33:40Z,rmarinho
dotnet/maui,33566,2026-01-16T15:01:00Z,rmarinho
dotnet/maui,33574,2026-01-18T11:38:26Z,sheiksyedm
dotnet/maui,33582,2026-03-16T08:42:06Z,AlleSchonWeg
dotnet/maui,33584,2026-01-18T23:04:47Z,kubaflo
dotnet/maui,33585,2026-01-23T19:36:52Z,PureWeen
dotnet/maui,33588,2026-01-19T11:54:09Z,rmarinho
dotnet/maui,33590,2026-01-20T06:22:08Z,sheiksyedm
dotnet/maui,33592,2026-01-19T21:28:56Z,PureWeen
dotnet/maui,33593,2026-01-19T21:28:37Z,PureWeen
dotnet/maui,33599,2026-01-20T12:30:45Z,kannanrs
dotnet/maui,33600,2026-03-20T00:25:14Z,MauiBot
dotnet/maui,33602,2026-01-20T06:12:50Z,sheiksyedm
dotnet/maui,33603,2026-02-17T20:57:40Z,rmarinho
dotnet/maui,33611,2026-01-31T01:39:39Z,rmarinho
dotnet/maui,33616,2026-01-20T22:32:40Z,darrabam
dotnet/maui,33618,2026-01-30T22:38:10Z,jonathanpeppers
dotnet/maui,33632,2026-01-22T15:09:31Z,sheiksyedm
dotnet/maui,33639,2026-01-27T12:03:53Z,sheiksyedm
dotnet/maui,33643,2026-02-18T00:22:39Z,rmarinho
dotnet/maui,33646,2026-02-18T14:36:41Z,rmarinho
dotnet/maui,33649,2026-02-20T10:44:26Z,sheiksyedm
dotnet/maui,33651,2026-02-19T16:59:19Z,sheiksyedm
dotnet/maui,33652,2026-01-21T16:18:33Z,rmarinho
dotnet/maui,33661,2026-01-22T09:55:44Z,kannanrs
dotnet/maui,33662,2026-01-22T08:11:09Z,sheiksyedm
dotnet/maui,33668,2026-01-23T16:05:38Z,rmarinho
dotnet/maui,33673,2026-02-18T14:32:19Z,rmarinho
dotnet/maui,33681,2026-01-23T14:53:38Z,PureWeen
dotnet/maui,33685,2026-01-23T06:30:37Z,sheiksyedm
dotnet/maui,33686,2026-01-23T10:14:54Z,sheiksyedm
dotnet/maui,33687,2026-01-27T11:24:13Z,sheiksyedm
dotnet/maui,33689,2026-01-26T12:00:34Z,rmarinho
dotnet/maui,33692,2026-03-23T02:07:57Z,MauiBot
dotnet/maui,33693,2026-01-23T16:41:20Z,kcrg
dotnet/maui,33705,2026-01-28T11:44:01Z,rmarinho
dotnet/maui,33719,2026-01-27T20:05:10Z,PureWeen
dotnet/maui,33726,2026-01-27T16:24:54Z,PureWeen
dotnet/maui,33733,2026-01-30T07:47:10Z,sheiksyedm
dotnet/maui,33737,2026-01-28T12:28:36Z,sheiksyedm
dotnet/maui,33741,2026-01-28T22:56:36Z,rmarinho
dotnet/maui,33756,2026-01-29T11:26:39Z,rmarinho
dotnet/maui,33763,2026-01-30T12:47:19Z,sheiksyedm
dotnet/maui,33765,2026-01-29T11:58:26Z,kubaflo
dotnet/maui,33771,2026-01-29T20:26:23Z,PureWeen
dotnet/maui,33774,2026-01-30T12:58:05Z,sheiksyedm
dotnet/maui,33779,2026-02-09T02:25:19Z,sheiksyedm
dotnet/maui,33784,2026-02-02T10:30:44Z,sheiksyedm
dotnet/maui,33786,2026-01-30T13:31:41Z,sheiksyedm
dotnet/maui,33788,2026-01-30T14:59:18Z,PureWeen
dotnet/maui,33792,2026-01-31T01:39:38Z,rmarinho
dotnet/maui,33793,2026-01-30T15:12:09Z,rmarinho
dotnet/maui,33794,2026-01-30T15:26:24Z,rmarinho
dotnet/maui,33799,2026-01-31T01:39:36Z,rmarinho
dotnet/maui,33802,2026-01-30T22:25:55Z,jonathanpeppers
dotnet/maui,33805,2026-02-02T17:09:17Z,PureWeen
dotnet/maui,33809,2026-01-31T02:23:16Z,PureWeen
dotnet/maui,33814,2026-02-01T13:40:59Z,rmarinho
dotnet/maui,33815,2026-02-01T13:44:54Z,rmarinho
dotnet/maui,33818,2026-02-01T14:43:01Z,rmarinho
dotnet/maui,33831,2026-02-27T13:19:40Z,kubaflo
dotnet/maui,33834,2026-02-03T19:09:02Z,rmarinho
dotnet/maui,33838,2026-02-03T06:29:53Z,sheiksyedm
dotnet/maui,33843,2026-02-02T19:18:34Z,rmarinho
dotnet/maui,33853,2026-02-03T09:49:57Z,sheiksyedm
dotnet/maui,33854,2026-02-03T08:21:46Z,simonrozsival
dotnet/maui,33855,2026-03-16T22:55:11Z,kubaflo
dotnet/maui,33856,2026-02-03T10:56:49Z,rmarinho
dotnet/maui,33859,2026-02-18T15:16:05Z,rmarinho
dotnet/maui,33861,2026-02-03T23:29:21Z,kubaflo
dotnet/maui,33865,2026-03-23T00:27:23Z,MauiBot
dotnet/maui,33872,2026-02-05T21:13:25Z,PureWeen
dotnet/maui,33882,2026-02-09T14:44:46Z,PureWeen
dotnet/maui,33887,2026-02-04T13:31:37Z,rmarinho
dotnet/maui,33888,2026-02-13T00:38:28Z,rmarinho
dotnet/maui,33889,2026-02-05T12:33:18Z,sheiksyedm
dotnet/maui,33890,2026-02-04T13:26:03Z,rmarinho
dotnet/maui,33891,2026-02-04T19:53:25Z,kubaflo
dotnet/maui,33892,2026-02-04T16:18:16Z,kubaflo
dotnet/maui,33896,2026-02-04T18:43:05Z,rmarinho
dotnet/maui,33902,2026-02-06T06:31:20Z,sheiksyedm
dotnet/maui,33907,2026-02-06T09:17:39Z,sheiksyedm
dotnet/maui,33908,2026-03-18T06:25:45Z,sheiksyedm
dotnet/maui,33910,2026-02-05T15:10:00Z,sheiksyedm
dotnet/maui,33914,2026-02-09T14:49:45Z,PureWeen
dotnet/maui,33916,2026-02-06T11:24:18Z,rmarinho
dotnet/maui,33917,2026-03-23T02:37:11Z,MauiBot
dotnet/maui,33921,2026-02-06T11:23:05Z,rmarinho
dotnet/maui,33926,2026-02-18T14:12:41Z,rmarinho
dotnet/maui,33939,2026-02-18T01:50:34Z,rmarinho
dotnet/maui,33940,2026-02-18T01:43:52Z,rmarinho
dotnet/maui,33943,2026-02-08T18:16:07Z,PureWeen
dotnet/maui,33944,2026-02-18T16:11:14Z,premun
dotnet/maui,33945,2026-02-10T12:59:22Z,sheiksyedm
dotnet/maui,33946,2026-02-09T08:30:37Z,rmarinho
dotnet/maui,33948,2026-02-27T09:43:06Z,sheiksyedm
dotnet/maui,33950,2026-02-27T13:19:41Z,kubaflo
dotnet/maui,33951,2026-02-11T12:47:07Z,rmarinho
dotnet/maui,33952,2026-02-11T12:46:50Z,rmarinho
dotnet/maui,33953,2026-02-10T06:50:08Z,sheiksyedm
dotnet/maui,33955,2026-02-09T12:15:58Z,kubaflo
dotnet/maui,33958,2026-02-10T06:50:27Z,sheiksyedm
dotnet/maui,33959,2026-02-12T08:36:37Z,sheiksyedm
dotnet/maui,33960,2026-02-10T06:49:39Z,sheiksyedm
dotnet/maui,33961,2026-04-17T09:11:25Z,kubaflo
dotnet/maui,33962,2026-02-09T14:30:39Z,sheiksyedm
dotnet/maui,33976,2026-02-10T12:14:23Z,rmarinho
dotnet/maui,33977,2026-02-10T11:39:20Z,rmarinho
dotnet/maui,33978,2026-02-10T13:00:39Z,sheiksyedm
dotnet/maui,33979,2026-03-25T18:02:38Z,MauiBot
dotnet/maui,33980,2026-02-10T19:39:34Z,mattleibow
dotnet/maui,33985,2026-02-27T00:27:32Z,kubaflo
dotnet/maui,33991,2026-02-26T15:51:27Z,kubaflo
dotnet/maui,33997,2026-02-20T21:14:04Z,PureWeen
dotnet/maui,34005,2026-03-16T02:04:05Z,kubaflo
dotnet/maui,34006,2026-02-26T05:52:39Z,sheiksyedm
dotnet/maui,34007,2026-02-12T12:34:37Z,sheiksyedm
dotnet/maui,34013,2026-03-17T05:52:39Z,sheiksyedm
dotnet/maui,34014,2026-02-12T11:42:23Z,rmarinho
dotnet/maui,34015,2026-02-18T03:27:37Z,rmarinho
dotnet/maui,34016,2026-02-18T01:11:20Z,rmarinho
dotnet/maui,34019,2026-02-18T01:26:13Z,rmarinho
dotnet/maui,34024,2026-03-04T15:39:11Z,kubaflo
dotnet/maui,34032,2026-02-13T09:57:21Z,jfversluis
dotnet/maui,34033,2026-02-17T13:44:12Z,sheiksyedm
dotnet/maui,34036,2026-02-18T01:38:52Z,rmarinho
dotnet/maui,34040,2026-02-26T17:09:31Z,PureWeen
dotnet/maui,34047,2026-02-13T20:31:11Z,PureWeen
dotnet/maui,34062,2026-02-16T15:45:06Z,rmarinho
dotnet/maui,34064,2026-02-21T20:55:25Z,kubaflo
dotnet/maui,34072,2026-02-17T15:27:05Z,davidnguyen-tech
dotnet/maui,34081,2026-03-14T19:48:47Z,kubaflo
dotnet/maui,34085,2026-02-18T11:16:04Z,sheiksyedm
dotnet/maui,34089,2026-02-20T16:06:07Z,albyrock87
dotnet/maui,34107,2026-02-18T17:46:31Z,PureWeen
dotnet/maui,34110,2026-02-18T19:59:47Z,PureWeen
dotnet/maui,34112,2026-03-20T02:04:02Z,MauiBot
dotnet/maui,34121,2026-02-19T06:47:28Z,sheiksyedm
dotnet/maui,34126,2026-02-19T17:02:36Z,sheiksyedm
dotnet/maui,34134,2026-02-23T17:27:59Z,PureWeen
dotnet/maui,34138,2026-03-25T20:42:42Z,MauiBot
dotnet/maui,34146,2026-02-20T09:20:46Z,sheiksyedm
dotnet/maui,34151,2026-02-20T13:22:44Z,kubaflo
dotnet/maui,34152,2026-02-20T14:26:56Z,sheiksyedm
dotnet/maui,34153,2026-03-01T00:45:33Z,kubaflo
dotnet/maui,34155,2026-02-20T14:36:14Z,bcaceiro
dotnet/maui,34162,2026-02-20T19:44:32Z,PureWeen
dotnet/maui,34163,2026-03-16T16:51:35Z,PureWeen
dotnet/maui,34167,2026-02-23T17:12:04Z,PureWeen
dotnet/maui,34169,2026-02-21T15:19:55Z,PureWeen
dotnet/maui,34173,2026-02-24T07:23:56Z,sheiksyedm
dotnet/maui,34179,2026-03-04T15:53:31Z,davidnguyen-tech
dotnet/maui,34182,2026-02-27T09:43:37Z,kotlarmilos
dotnet/maui,34184,2026-02-26T02:22:04Z,rmarinho
dotnet/maui,34185,2026-03-03T13:34:30Z,kubaflo
dotnet/maui,34187,2026-03-14T21:39:48Z,kubaflo
dotnet/maui,34201,2026-02-24T14:53:17Z,PureWeen
dotnet/maui,34203,2026-02-25T20:54:08Z,PureWeen
dotnet/maui,34208,2026-03-24T12:58:43Z,kubaflo
dotnet/maui,34209,2026-02-24T11:23:28Z,sheiksyedm
dotnet/maui,34219,2026-02-27T04:50:45Z,PureWeen
dotnet/maui,34224,2026-03-23T01:25:16Z,MauiBot
dotnet/maui,34225,2026-03-23T02:37:14Z,MauiBot
dotnet/maui,34226,2026-03-23T01:58:54Z,MauiBot
dotnet/maui,34227,2026-03-23T01:17:48Z,MauiBot
dotnet/maui,34228,2026-03-23T02:30:02Z,MauiBot
dotnet/maui,34229,2026-03-23T01:35:12Z,MauiBot
dotnet/maui,34230,2026-03-23T01:19:13Z,MauiBot
dotnet/maui,34235,2026-02-26T11:39:07Z,sheiksyedm
dotnet/maui,34237,2026-02-25T19:30:55Z,jonathanpeppers
dotnet/maui,34239,2026-03-28T17:20:38Z,MauiBot
dotnet/maui,34240,2026-02-26T12:45:17Z,sheiksyedm
dotnet/maui,34245,2026-02-27T04:50:24Z,PureWeen
dotnet/maui,34250,2026-02-26T09:43:07Z,jfversluis
dotnet/maui,34252,2026-02-26T15:05:22Z,PureWeen
dotnet/maui,34254,2026-02-27T15:06:05Z,sheiksyedm
dotnet/maui,34264,2026-02-26T22:50:49Z,pictos
dotnet/maui,34265,2026-04-01T15:47:28Z,kubaflo
dotnet/maui,34268,2026-03-22T01:33:40Z,MauiBot
dotnet/maui,34275,2026-02-27T14:56:41Z,sheiksyedm
dotnet/maui,34276,2026-03-10T10:18:30Z,bronteq
dotnet/maui,34279,2026-03-04T00:49:21Z,kubaflo
dotnet/maui,34280,2026-03-02T10:23:57Z,sheiksyedm
dotnet/maui,34281,2026-03-03T12:46:27Z,kubaflo
dotnet/maui,34283,2026-02-27T14:10:27Z,sheiksyedm
dotnet/maui,34284,2026-02-28T14:24:58Z,kubaflo
dotnet/maui,34285,2026-03-16T22:48:51Z,kubaflo
dotnet/maui,34286,2026-02-27T14:59:43Z,rmarinho
dotnet/maui,34287,2026-02-27T19:44:10Z,jfversluis
dotnet/maui,34291,2026-03-07T15:23:07Z,kubaflo
dotnet/maui,34294,2026-03-06T12:22:14Z,sheiksyedm
dotnet/maui,34299,2026-03-22T01:49:42Z,MauiBot
dotnet/maui,34301,2026-03-03T14:50:07Z,PureWeen
dotnet/maui,34304,2026-03-03T06:45:40Z,StephaneDelcroix
dotnet/maui,34314,2026-03-03T17:30:24Z,rolfbjarne
dotnet/maui,34320,2026-03-04T12:46:28Z,jfversluis
dotnet/maui,34321,2026-03-04T13:31:55Z,sheiksyedm
dotnet/maui,34323,2026-03-04T13:32:47Z,sheiksyedm
dotnet/maui,34324,2026-03-13T10:29:48Z,sheiksyedm
dotnet/maui,34325,2026-03-07T13:20:40Z,kubaflo
dotnet/maui,34326,2026-03-07T00:10:28Z,kubaflo
dotnet/maui,34328,2026-03-07T01:42:11Z,kubaflo
dotnet/maui,34329,2026-03-13T01:19:30Z,PureWeen
dotnet/maui,34331,2026-03-11T06:23:44Z,sheiksyedm
dotnet/maui,34334,2026-03-04T15:29:27Z,sheiksyedm
dotnet/maui,34337,2026-03-13T15:02:48Z,sheiksyedm
dotnet/maui,34341,2026-03-05T14:27:40Z,sheiksyedm
dotnet/maui,34345,2026-03-20T00:53:07Z,MauiBot
dotnet/maui,34347,2026-03-30T22:06:47Z,MauiBot
dotnet/maui,34348,2026-03-05T17:24:28Z,kubaflo
dotnet/maui,34349,2026-03-05T15:34:41Z,sheiksyedm
dotnet/maui,34350,2026-03-23T01:33:10Z,MauiBot
dotnet/maui,34351,2026-03-22T02:11:20Z,MauiBot
dotnet/maui,34352,2026-03-06T14:23:25Z,sheiksyedm
dotnet/maui,34354,2026-03-16T06:59:54Z,sheiksyedm
dotnet/maui,34355,2026-03-06T18:13:49Z,PureWeen
dotnet/maui,34356,2026-04-26T15:26:48Z,MauiBot
dotnet/maui,34362,2026-03-22T02:46:02Z,MauiBot
dotnet/maui,34364,2026-03-23T14:44:55Z,kubaflo
dotnet/maui,34372,2026-03-11T10:52:29Z,sheiksyedm
dotnet/maui,34377,2026-03-14T14:12:27Z,kubaflo
dotnet/maui,34382,2026-03-10T11:04:31Z,sheiksyedm
dotnet/maui,34383,2026-04-05T21:59:49Z,MauiBot
dotnet/maui,34384,2026-03-10T10:57:23Z,sheiksyedm
dotnet/maui,34385,2026-03-10T10:53:56Z,sheiksyedm
dotnet/maui,34386,2026-03-10T10:42:12Z,sheiksyedm
dotnet/maui,34387,2026-03-10T10:37:45Z,sheiksyedm
dotnet/maui,34391,2026-03-22T00:52:28Z,MauiBot
dotnet/maui,34397,2026-03-17T09:40:06Z,jfversluis
dotnet/maui,34398,2026-03-10T09:44:25Z,sheiksyedm
dotnet/maui,34401,2026-03-11T02:24:27Z,kubaflo
dotnet/maui,34403,2026-03-10T11:57:57Z,kubaflo
dotnet/maui,34404,2026-03-10T14:56:31Z,sheiksyedm
dotnet/maui,34406,2026-03-16T02:43:55Z,kubaflo
dotnet/maui,34408,2026-03-11T06:15:56Z,sheiksyedm
dotnet/maui,34412,2026-03-11T06:57:45Z,dinisdopion-sys
dotnet/maui,34416,2026-03-11T10:11:34Z,sheiksyedm
dotnet/maui,34417,2026-03-11T10:37:01Z,sheiksyedm
dotnet/maui,34418,2026-03-28T17:18:56Z,MauiBot
dotnet/maui,34420,2026-03-25T21:06:01Z,PureWeen
dotnet/maui,34424,2026-03-13T06:53:05Z,sheiksyedm
dotnet/maui,34425,2026-03-14T14:00:13Z,kubaflo
dotnet/maui,34426,2026-04-13T18:43:06Z,MauiBot
dotnet/maui,34427,2026-03-16T09:30:57Z,sheiksyedm
dotnet/maui,34430,2026-03-11T16:36:27Z,kubaflo
dotnet/maui,34435,2026-03-11T17:47:09Z,kubaflo
dotnet/maui,34436,2026-03-12T15:39:17Z,mattleibow
dotnet/maui,34437,2026-03-12T06:28:41Z,sheiksyedm
dotnet/maui,34444,2026-03-28T17:23:20Z,MauiBot
dotnet/maui,34445,2026-03-13T10:14:40Z,sheiksyedm
dotnet/maui,34446,2026-03-19T02:44:51Z,MauiBot
dotnet/maui,34447,2026-03-14T13:19:02Z,kubaflo
dotnet/maui,34450,2026-03-12T17:01:12Z,PureWeen
dotnet/maui,34452,2026-03-14T14:54:55Z,kubaflo
dotnet/maui,34453,2026-03-12T14:43:09Z,sheiksyedm
dotnet/maui,34454,2026-03-13T13:48:01Z,sheiksyedm
dotnet/maui,34455,2026-03-12T15:48:17Z,PureWeen
dotnet/maui,34460,2026-03-16T19:55:48Z,PureWeen
dotnet/maui,34463,2026-03-23T01:05:13Z,MauiBot
dotnet/maui,34478,2026-03-17T15:35:00Z,PureWeen
dotnet/maui,34481,2026-03-15T16:23:45Z,kubaflo
dotnet/maui,34485,2026-03-22T02:44:12Z,MauiBot
dotnet/maui,34488,2026-03-26T11:51:54Z,sheiksyedm
dotnet/maui,34492,2026-03-20T21:03:59Z,MauiBot
dotnet/maui,34493,2026-03-20T00:56:15Z,MauiBot
dotnet/maui,34497,2026-03-29T00:56:19Z,MauiBot
dotnet/maui,34498,2026-03-25T09:10:16Z,simonrozsival
dotnet/maui,34502,2026-03-16T21:51:23Z,PureWeen
dotnet/maui,34505,2026-03-17T05:52:22Z,sheiksyedm
dotnet/maui,34510,2026-03-19T07:48:19Z,sheiksyedm
dotnet/maui,34514,2026-03-18T09:24:50Z,StephaneDelcroix
dotnet/maui,34521,2026-03-25T22:33:15Z,MauiBot
dotnet/maui,34527,2026-03-20T02:33:36Z,MauiBot
dotnet/maui,34532,2026-03-28T17:48:23Z,MauiBot
dotnet/maui,34533,2026-03-19T09:39:58Z,sheiksyedm
dotnet/maui,34534,2026-03-20T03:26:31Z,MauiBot
dotnet/maui,34535,2026-03-19T08:54:34Z,sheiksyedm
dotnet/maui,34540,2026-03-25T18:58:11Z,rmarinho
dotnet/maui,34550,2026-03-18T20:20:10Z,PureWeen
dotnet/maui,34553,2026-03-19T06:45:56Z,sheiksyedm
dotnet/maui,34557,2026-03-19T12:43:51Z,sheiksyedm
dotnet/maui,34559,2026-04-03T10:02:12Z,kubaflo
dotnet/maui,34564,2026-03-27T14:04:55Z,MauiBot
dotnet/maui,34565,2026-03-27T14:04:12Z,MauiBot
dotnet/maui,34567,2026-03-23T01:38:08Z,MauiBot
dotnet/maui,34569,2026-04-03T10:02:13Z,kubaflo
dotnet/maui,34570,2026-03-19T17:17:44Z,bronteq
dotnet/maui,34573,2026-03-20T09:27:51Z,rolfbjarne
dotnet/maui,34574,2026-04-03T14:20:18Z,MauiBot
dotnet/maui,34575,2026-03-19T23:37:20Z,PureWeen
dotnet/maui,34595,2026-03-22T23:03:46Z,MauiBot
dotnet/maui,34598,2026-03-27T13:22:51Z,MauiBot
dotnet/maui,34599,2026-03-25T11:55:31Z,sheiksyedm
dotnet/maui,34600,2026-03-24T07:59:27Z,sheiksyedm
dotnet/maui,34601,2026-03-23T15:26:55Z,sheiksyedm
dotnet/maui,34613,2026-03-24T07:27:47Z,sheiksyedm
dotnet/maui,34614,2026-04-04T09:09:09Z,sheiksyedm
dotnet/maui,34615,2026-03-25T08:26:40Z,sheiksyedm
dotnet/maui,34616,2026-03-24T13:45:16Z,sheiksyedm
dotnet/maui,34617,2026-03-31T06:32:08Z,sheiksyedm
dotnet/maui,34618,2026-03-24T16:18:23Z,PureWeen
dotnet/maui,34621,2026-04-19T22:58:24Z,MauiBot
dotnet/maui,34627,2026-04-17T16:23:53Z,MauiBot
dotnet/maui,34630,2026-03-28T10:23:18Z,MauiBot
dotnet/maui,34632,2026-03-26T10:54:46Z,sheiksyedm
dotnet/maui,34637,2026-03-26T10:54:24Z,sheiksyedm
dotnet/maui,34640,2026-04-18T13:45:39Z,MauiBot
dotnet/maui,34641,2026-04-05T11:40:14Z,MauiBot
dotnet/maui,34644,2026-03-26T11:43:32Z,rmarinho
dotnet/maui,34656,2026-04-01T10:27:58Z,kubaflo
dotnet/maui,34659,2026-03-26T08:43:22Z,AlleSchonWeg
dotnet/maui,34660,2026-03-26T09:28:48Z,simonrozsival
dotnet/maui,34664,2026-03-26T10:17:38Z,sheiksyedm
dotnet/maui,34667,2026-03-26T15:00:09Z,sheiksyedm
dotnet/maui,34668,2026-03-26T13:35:56Z,sheiksyedm
dotnet/maui,34669,2026-03-26T15:12:14Z,AlleSchonWeg
dotnet/maui,34670,2026-03-26T14:49:07Z,sheiksyedm
dotnet/maui,34672,2026-03-28T09:50:38Z,MauiBot
dotnet/maui,34673,2026-04-05T11:34:39Z,MauiBot
dotnet/maui,34680,2026-03-27T13:19:04Z,PureWeen
dotnet/maui,34687,2026-03-27T17:00:04Z,MauiBot
dotnet/maui,34688,2026-03-26T21:03:11Z,kubaflo
dotnet/maui,34692,2026-04-20T21:40:17Z,kubaflo
dotnet/maui,34695,2026-03-28T09:45:47Z,MauiBot
dotnet/maui,34697,2026-03-27T11:41:58Z,sheiksyedm
dotnet/maui,34698,2026-03-28T09:50:37Z,MauiBot
dotnet/maui,34699,2026-04-06T06:43:48Z,sheiksyedm
dotnet/maui,34700,2026-03-28T09:49:39Z,MauiBot
dotnet/maui,34702,2026-03-27T17:31:43Z,sheiksyedm
dotnet/maui,34703,2026-03-28T10:33:08Z,MauiBot
dotnet/maui,34704,2026-04-09T07:50:13Z,sheiksyedm
dotnet/maui,34705,2026-04-03T20:57:06Z,PureWeen
dotnet/maui,34710,2026-04-24T09:54:59Z,kubaflo
dotnet/maui,34719,2026-04-03T13:48:44Z,kubaflo
dotnet/maui,34734,2026-03-30T10:20:40Z,sheiksyedm
dotnet/maui,34735,2026-03-30T22:27:01Z,MauiBot
dotnet/maui,34737,2026-04-21T08:15:26Z,sheiksyedm
dotnet/maui,34741,2026-04-02T16:06:27Z,MauiBot
dotnet/maui,34744,2026-03-30T21:33:22Z,PureWeen
dotnet/maui,34750,2026-03-31T08:02:23Z,sheiksyedm
dotnet/maui,34758,2026-04-06T14:08:55Z,sheiksyedm
dotnet/maui,34760,2026-03-31T17:31:23Z,sheiksyedm
dotnet/maui,34764,2026-04-05T11:39:00Z,MauiBot
dotnet/maui,34770,2026-04-02T16:35:58Z,MauiBot
dotnet/maui,34779,2026-04-05T11:41:48Z,MauiBot
dotnet/maui,34781,2026-04-10T22:48:39Z,MauiBot
dotnet/maui,34787,2026-04-02T14:55:06Z,PureWeen
dotnet/maui,34789,2026-04-02T19:02:23Z,PureWeen
dotnet/maui,34796,2026-04-03T14:01:05Z,PureWeen
dotnet/maui,34799,2026-04-03T15:29:08Z,PureWeen
dotnet/maui,34807,2026-04-04T21:52:18Z,kubaflo
dotnet/maui,34815,2026-04-07T10:57:56Z,kubaflo
dotnet/maui,34818,2026-04-06T14:58:20Z,PureWeen
dotnet/maui,34827,2026-04-14T08:25:04Z,sheiksyedm
dotnet/maui,34828,2026-04-06T11:41:55Z,sheiksyedm
dotnet/maui,34831,2026-04-14T08:23:54Z,sheiksyedm
dotnet/maui,34839,2026-04-07T14:24:49Z,sheiksyedm
dotnet/maui,34844,2026-04-08T05:25:51Z,sheiksyedm
dotnet/maui,34845,2026-04-08T05:25:00Z,sheiksyedm
dotnet/maui,34849,2026-04-07T13:46:00Z,PureWeen
dotnet/maui,34850,2026-04-07T14:33:04Z,sheiksyedm
dotnet/maui,34869,2026-04-26T14:05:14Z,kubaflo
dotnet/maui,34877,2026-04-14T08:22:57Z,sheiksyedm
dotnet/maui,34880,2026-04-08T13:21:02Z,sheiksyedm
dotnet/maui,34882,2026-04-08T16:14:32Z,MauiBot
dotnet/maui,34885,2026-04-20T11:14:27Z,sheiksyedm
dotnet/maui,34890,2026-04-09T09:34:20Z,sheiksyedm
dotnet/maui,34891,2026-04-09T07:17:21Z,sheiksyedm
dotnet/maui,34907,2026-04-16T09:43:12Z,sheiksyedm
dotnet/maui,34923,2026-04-13T10:12:09Z,sheiksyedm
dotnet/maui,34935,2026-04-14T08:15:33Z,sheiksyedm
dotnet/maui,34936,2026-04-13T18:27:30Z,MauiBot
dotnet/maui,34945,2026-04-14T10:30:35Z,kubaflo
dotnet/roslyn,44649,2025-10-23T16:33:46Z,333fred
dotnet/roslyn,53771,2025-09-17T20:20:55Z,jasonmalinowski
dotnet/roslyn,54377,2025-09-17T20:17:05Z,jasonmalinowski
dotnet/roslyn,57910,2025-11-27T20:22:27Z,misiek08
dotnet/roslyn,58858,2025-08-04T22:08:20Z,jasonmalinowski
dotnet/roslyn,61391,2025-03-15T06:26:40Z,akorchev
dotnet/roslyn,66519,2025-09-22T14:48:40Z,jcouv
dotnet/roslyn,66983,2026-03-11T03:51:30Z,jaredpar
dotnet/roslyn,68283,2023-05-29T16:08:50Z,AlekseyTs
dotnet/roslyn,68527,2025-08-08T18:05:34Z,jaredpar
dotnet/roslyn,70546,2025-10-09T17:37:51Z,jasonmalinowski
dotnet/roslyn,71420,2025-11-06T19:31:20Z,CyrusNajmabadi
dotnet/roslyn,72214,2026-02-17T22:33:20Z,jcouv
dotnet/roslyn,72910,2024-04-12T16:00:25Z,AlekseyTs
dotnet/roslyn,73458,2026-01-20T13:30:21Z,corngood
dotnet/roslyn,73544,2025-04-01T19:05:40Z,tmat
dotnet/roslyn,74447,2025-11-07T22:39:29Z,JoeRobich
dotnet/roslyn,74501,2025-07-15T00:45:35Z,jasonmalinowski
dotnet/roslyn,74643,2025-11-28T16:17:30Z,EgorBo
dotnet/roslyn,74972,2026-02-17T23:24:23Z,jcouv
dotnet/roslyn,75202,2026-03-11T02:47:53Z,jcouv
dotnet/roslyn,75470,2025-04-04T12:41:34Z,akoeplinger
dotnet/roslyn,75581,2025-01-25T01:51:45Z,AlekseyTs
dotnet/roslyn,76009,2025-07-10T18:39:29Z,RikkiGibson
dotnet/roslyn,76196,2025-03-14T07:33:44Z,jcouv
dotnet/roslyn,76657,2025-07-10T18:39:44Z,RikkiGibson
dotnet/roslyn,76818,2025-03-11T20:08:22Z,jcouv
dotnet/roslyn,76888,2026-02-17T22:39:31Z,jcouv
dotnet/roslyn,76906,2025-03-25T19:59:19Z,RikkiGibson
dotnet/roslyn,77062,2025-03-20T20:48:17Z,CyrusNajmabadi
dotnet/roslyn,77068,2025-04-04T08:51:13Z,jjonescz
dotnet/roslyn,77127,2025-03-03T23:09:35Z,cston
dotnet/roslyn,77133,2025-03-17T21:48:11Z,ToddGrun
dotnet/roslyn,77139,2025-08-08T15:45:08Z,CyrusNajmabadi
dotnet/roslyn,77184,2025-02-26T17:30:23Z,jaredpar
dotnet/roslyn,77194,2025-03-20T21:18:44Z,CyrusNajmabadi
dotnet/roslyn,77227,2025-10-04T04:04:00Z,JoeRobich
dotnet/roslyn,77262,2025-05-06T21:02:12Z,akhera99
dotnet/roslyn,77299,2025-03-10T22:38:03Z,CyrusNajmabadi
dotnet/roslyn,77311,2025-06-12T18:25:01Z,CyrusNajmabadi
dotnet/roslyn,77314,2025-02-26T14:12:13Z,AlekseyTs
dotnet/roslyn,77326,2025-05-12T10:55:50Z,johnkors
dotnet/roslyn,77337,2025-03-03T16:10:59Z,CyrusNajmabadi
dotnet/roslyn,77343,2025-02-27T16:57:41Z,AlekseyTs
dotnet/roslyn,77349,2025-02-26T17:44:20Z,jaredpar
dotnet/roslyn,77353,2025-02-26T19:52:40Z,genlu
dotnet/roslyn,77361,2025-02-27T18:37:52Z,sharwell
dotnet/roslyn,77368,2025-03-01T08:03:35Z,CyrusNajmabadi
dotnet/roslyn,77369,2025-02-27T23:41:50Z,JoeRobich
dotnet/roslyn,77378,2025-03-04T22:15:52Z,jcouv
dotnet/roslyn,77379,2025-03-05T15:41:57Z,AlekseyTs
dotnet/roslyn,77385,2025-03-03T16:13:31Z,AlekseyTs
dotnet/roslyn,77406,2025-03-04T10:58:54Z,jjonescz
dotnet/roslyn,77408,2025-03-04T22:44:54Z,JoeRobich
dotnet/roslyn,77423,2025-03-06T20:59:46Z,AlekseyTs
dotnet/roslyn,77444,2025-04-04T01:22:55Z,CyrusNajmabadi
dotnet/roslyn,77455,2025-03-06T19:59:06Z,jcouv
dotnet/roslyn,77462,2025-03-09T23:13:33Z,jaredpar
dotnet/roslyn,77477,2025-03-25T05:26:08Z,jcouv
dotnet/roslyn,77501,2025-03-10T23:34:07Z,davidwengier
dotnet/roslyn,77510,2025-03-18T17:26:38Z,CyrusNajmabadi
dotnet/roslyn,77521,2025-03-11T23:14:08Z,333fred
dotnet/roslyn,77526,2025-03-11T18:08:04Z,RikkiGibson
dotnet/roslyn,77532,2025-03-12T16:50:48Z,AlekseyTs
dotnet/roslyn,77543,2025-03-18T18:31:08Z,jcouv
dotnet/roslyn,77554,2025-03-12T10:31:15Z,jjonescz
dotnet/roslyn,77555,2025-03-13T01:04:41Z,JoeRobich
dotnet/roslyn,77562,2025-03-17T17:33:57Z,maryamariyan
dotnet/roslyn,77571,2025-04-10T21:22:52Z,dibarbet
dotnet/roslyn,77574,2025-03-13T15:35:48Z,AlekseyTs
dotnet/roslyn,77587,2025-03-21T22:03:31Z,CyrusNajmabadi
dotnet/roslyn,77595,2025-03-13T21:28:34Z,333fred
dotnet/roslyn,77614,2025-11-10T20:18:03Z,JoeRobich
dotnet/roslyn,77617,2025-03-17T09:39:34Z,ViktorHofer
dotnet/roslyn,77619,2025-03-18T15:35:10Z,AlekseyTs
dotnet/roslyn,77625,2025-03-15T19:50:09Z,ToddGrun
dotnet/roslyn,77634,2025-03-17T19:59:56Z,jasonmalinowski
dotnet/roslyn,77661,2025-03-19T20:58:09Z,JoeRobich
dotnet/roslyn,77665,2025-03-19T21:28:18Z,CyrusNajmabadi
dotnet/roslyn,77671,2025-03-19T05:10:42Z,CyrusNajmabadi
dotnet/roslyn,77675,2025-03-20T18:14:25Z,AlekseyTs
dotnet/roslyn,77682,2025-03-19T17:57:06Z,RikkiGibson
dotnet/roslyn,77701,2025-03-20T21:08:53Z,RikkiGibson
dotnet/roslyn,77707,2025-04-24T23:42:16Z,jasonmalinowski
dotnet/roslyn,77713,2025-03-20T20:42:13Z,maryamariyan
dotnet/roslyn,77718,2025-03-21T18:51:05Z,CyrusNajmabadi
dotnet/roslyn,77737,2025-03-21T19:50:30Z,jasonmalinowski
dotnet/roslyn,77742,2025-03-21T21:48:01Z,jcouv
dotnet/roslyn,77745,2025-03-21T22:19:45Z,jasonmalinowski
dotnet/roslyn,77747,2025-03-25T14:58:28Z,jjonescz
dotnet/roslyn,77748,2025-03-21T22:14:16Z,jasonmalinowski
dotnet/roslyn,77766,2025-03-22T22:51:05Z,jaredpar
dotnet/roslyn,77767,2025-03-23T13:19:30Z,jjonescz
dotnet/roslyn,77769,2025-03-24T19:11:43Z,JoeRobich
dotnet/roslyn,77770,2025-03-23T16:30:58Z,CyrusNajmabadi
dotnet/roslyn,77780,2025-03-24T23:58:22Z,333fred
dotnet/roslyn,77808,2025-03-25T20:03:47Z,tmat
dotnet/roslyn,77815,2025-03-25T23:09:54Z,AlekseyTs
dotnet/roslyn,77821,2025-03-26T01:08:50Z,CyrusNajmabadi
dotnet/roslyn,77822,2025-04-02T09:48:38Z,sharwell
dotnet/roslyn,77823,2025-03-26T00:06:17Z,tmat
dotnet/roslyn,77832,2025-03-26T13:32:56Z,AlekseyTs
dotnet/roslyn,77833,2025-10-15T22:26:19Z,phil-allen-msft
dotnet/roslyn,77836,2025-03-26T13:31:27Z,AlekseyTs
dotnet/roslyn,77845,2025-03-27T18:45:58Z,jasonmalinowski
dotnet/roslyn,77857,2025-03-27T11:19:34Z,jjonescz
dotnet/roslyn,77867,2025-03-27T18:31:34Z,jjonescz
dotnet/roslyn,77884,2025-03-28T10:12:15Z,jjonescz
dotnet/roslyn,77892,2025-03-28T19:17:11Z,RikkiGibson
dotnet/roslyn,77899,2025-04-02T02:13:03Z,tmat
dotnet/roslyn,77902,2025-03-31T10:01:22Z,jjonescz
dotnet/roslyn,77906,2025-04-02T18:29:58Z,CyrusNajmabadi
dotnet/roslyn,77914,2025-04-04T15:31:37Z,jaredpar
dotnet/roslyn,77920,2025-04-04T01:21:34Z,CyrusNajmabadi
dotnet/roslyn,77937,2025-04-01T20:50:04Z,AlekseyTs
dotnet/roslyn,77972,2025-04-08T14:52:07Z,AlekseyTs
dotnet/roslyn,77973,2025-04-25T18:49:30Z,CyrusNajmabadi
dotnet/roslyn,77993,2025-04-04T07:18:18Z,jcouv
dotnet/roslyn,77998,2025-04-04T01:30:10Z,CyrusNajmabadi
dotnet/roslyn,77999,2025-04-05T21:42:50Z,cston
dotnet/roslyn,78005,2025-04-05T08:36:53Z,ViktorHofer
dotnet/roslyn,78032,2025-04-15T23:02:41Z,CyrusNajmabadi
dotnet/roslyn,78033,2025-05-07T15:29:12Z,jaredpar
dotnet/roslyn,78037,2025-04-08T10:06:30Z,ViktorHofer
dotnet/roslyn,78041,2025-04-08T01:24:29Z,CyrusNajmabadi
dotnet/roslyn,78051,2025-04-08T16:51:45Z,jjonescz
dotnet/roslyn,78080,2025-04-11T15:51:31Z,AlekseyTs
dotnet/roslyn,78081,2025-04-09T17:13:22Z,CyrusNajmabadi
dotnet/roslyn,78110,2025-04-14T14:33:42Z,AlekseyTs
dotnet/roslyn,78116,2025-04-13T23:58:50Z,davidwengier
dotnet/roslyn,78118,2025-07-24T22:11:59Z,dibarbet
dotnet/roslyn,78121,2025-04-11T22:32:52Z,dibarbet
dotnet/roslyn,78122,2025-04-16T18:50:29Z,jasonmalinowski
dotnet/roslyn,78128,2025-04-13T13:11:43Z,ToddGrun
dotnet/roslyn,78131,2025-04-14T20:25:29Z,JoeRobich
dotnet/roslyn,78134,2025-04-13T01:19:14Z,CyrusNajmabadi
dotnet/roslyn,78142,2025-04-14T18:15:16Z,ViktorHofer
dotnet/roslyn,78145,2025-04-14T13:55:57Z,CyrusNajmabadi
dotnet/roslyn,78148,2025-04-16T19:47:55Z,CyrusNajmabadi
dotnet/roslyn,78149,2025-04-21T16:38:34Z,maryamariyan
dotnet/roslyn,78154,2025-08-01T01:23:52Z,dibarbet
dotnet/roslyn,78158,2025-06-05T17:51:25Z,jaredpar
dotnet/roslyn,78160,2025-04-15T14:36:05Z,AlekseyTs
dotnet/roslyn,78162,2025-04-16T00:07:57Z,CyrusNajmabadi
dotnet/roslyn,78163,2025-04-21T16:15:46Z,cston
dotnet/roslyn,78166,2025-04-16T02:19:51Z,CyrusNajmabadi
dotnet/roslyn,78168,2025-04-24T15:19:53Z,jaredpar
dotnet/roslyn,78173,2025-04-16T19:36:00Z,CyrusNajmabadi
dotnet/roslyn,78186,2025-04-18T16:48:05Z,CyrusNajmabadi
dotnet/roslyn,78202,2025-04-18T15:35:36Z,arunchndr
dotnet/roslyn,78208,2025-04-23T00:35:39Z,CyrusNajmabadi
dotnet/roslyn,78213,2025-04-23T14:47:47Z,ViktorHofer
dotnet/roslyn,78215,2025-04-22T18:10:15Z,AlekseyTs
dotnet/roslyn,78219,2025-04-22T18:48:42Z,AlekseyTs
dotnet/roslyn,78230,2025-04-22T14:08:56Z,AlekseyTs
dotnet/roslyn,78231,2025-04-22T14:48:06Z,AlekseyTs
dotnet/roslyn,78235,2025-04-22T14:55:48Z,AlekseyTs
dotnet/roslyn,78241,2025-04-23T17:49:47Z,cston
dotnet/roslyn,78251,2025-04-22T18:54:51Z,jasonmalinowski
dotnet/roslyn,78253,2025-04-22T14:47:40Z,CyrusNajmabadi
dotnet/roslyn,78255,2025-04-23T14:40:01Z,AlekseyTs
dotnet/roslyn,78269,2025-04-23T09:53:30Z,akoeplinger
dotnet/roslyn,78270,2025-04-23T07:58:49Z,jjonescz
dotnet/roslyn,78274,2025-05-08T16:29:41Z,jcouv
dotnet/roslyn,78292,2025-04-24T22:54:28Z,akoeplinger
dotnet/roslyn,78293,2025-04-24T15:35:10Z,CyrusNajmabadi
dotnet/roslyn,78303,2025-04-25T00:13:27Z,jasonmalinowski
dotnet/roslyn,78305,2025-04-28T13:54:28Z,AlekseyTs
dotnet/roslyn,78309,2025-04-25T06:23:34Z,ViktorHofer
dotnet/roslyn,78310,2025-04-30T18:01:02Z,RikkiGibson
dotnet/roslyn,78316,2025-04-25T15:54:55Z,CyrusNajmabadi
dotnet/roslyn,78319,2025-04-29T13:45:10Z,AlekseyTs
dotnet/roslyn,78321,2025-05-15T00:21:29Z,jasonmalinowski
dotnet/roslyn,78322,2025-04-25T18:52:41Z,CyrusNajmabadi
dotnet/roslyn,78329,2025-04-30T19:27:59Z,jasonmalinowski
dotnet/roslyn,78334,2025-04-28T20:58:52Z,dibarbet
dotnet/roslyn,78344,2025-07-21T22:33:19Z,dibarbet
dotnet/roslyn,78345,2025-05-19T18:20:15Z,akoeplinger
dotnet/roslyn,78354,2025-04-28T18:52:44Z,CyrusNajmabadi
dotnet/roslyn,78357,2025-04-28T20:36:06Z,ToddGrun
dotnet/roslyn,78361,2025-04-29T02:47:01Z,jaredpar
dotnet/roslyn,78365,2025-04-29T14:57:21Z,AlekseyTs
dotnet/roslyn,78367,2025-04-29T14:34:08Z,ghost
dotnet/roslyn,78371,2025-04-29T16:53:57Z,jaredpar
dotnet/roslyn,78382,2025-05-07T15:28:43Z,jaredpar
dotnet/roslyn,78388,2025-08-20T17:12:28Z,akhera99
dotnet/roslyn,78394,2025-05-01T23:36:55Z,jasonmalinowski
dotnet/roslyn,78401,2025-05-01T20:17:11Z,CyrusNajmabadi
dotnet/roslyn,78402,2025-05-07T10:42:44Z,rmarinho
dotnet/roslyn,78403,2025-05-07T06:45:55Z,jaredpar
dotnet/roslyn,78405,2025-05-02T02:36:46Z,CyrusNajmabadi
dotnet/roslyn,78411,2025-05-02T22:01:38Z,CyrusNajmabadi
dotnet/roslyn,78420,2025-05-06T21:35:01Z,JoeRobich
dotnet/roslyn,78425,2025-05-08T17:38:15Z,AlekseyTs
dotnet/roslyn,78429,2025-05-05T13:22:12Z,jjonescz
dotnet/roslyn,78437,2025-05-05T12:57:11Z,ToddGrun
dotnet/roslyn,78442,2025-05-06T15:17:17Z,AlekseyTs
dotnet/roslyn,78448,2025-05-06T22:42:08Z,dibarbet
dotnet/roslyn,78453,2025-05-30T22:34:24Z,RikkiGibson
dotnet/roslyn,78456,2025-05-06T08:27:47Z,ViktorHofer
dotnet/roslyn,78459,2025-05-07T06:47:32Z,jaredpar
dotnet/roslyn,78473,2025-05-07T15:22:44Z,kayle
dotnet/roslyn,78475,2025-05-09T00:16:06Z,jasonmalinowski
dotnet/roslyn,78480,2025-05-13T15:43:57Z,AlekseyTs
dotnet/roslyn,78483,2025-05-13T18:18:24Z,jcouv
dotnet/roslyn,78488,2025-05-07T23:02:56Z,jasonmalinowski
dotnet/roslyn,78490,2025-05-07T20:40:44Z,333fred
dotnet/roslyn,78498,2025-05-09T17:59:49Z,dibarbet
dotnet/roslyn,78507,2025-05-08T22:30:27Z,CyrusNajmabadi
dotnet/roslyn,78511,2025-05-10T04:02:52Z,JoeRobich
dotnet/roslyn,78514,2025-05-09T21:24:47Z,AlekseyTs
dotnet/roslyn,78520,2025-05-12T17:35:51Z,dibarbet
dotnet/roslyn,78530,2025-05-09T18:23:36Z,Daynvheur
dotnet/roslyn,78535,2025-05-09T17:58:13Z,dibarbet
dotnet/roslyn,78552,2025-05-13T14:50:52Z,AlekseyTs
dotnet/roslyn,78553,2025-06-20T15:51:35Z,phil-allen-msft
dotnet/roslyn,78557,2025-05-14T22:59:43Z,dibarbet
dotnet/roslyn,78577,2025-07-21T22:03:23Z,dibarbet
dotnet/roslyn,78597,2025-05-20T15:57:39Z,CyrusNajmabadi
dotnet/roslyn,78599,2025-05-15T20:27:44Z,RikkiGibson
dotnet/roslyn,78605,2025-05-16T21:34:51Z,CyrusNajmabadi
dotnet/roslyn,78620,2025-05-28T23:12:00Z,jaredpar
dotnet/roslyn,78645,2025-05-23T20:48:07Z,AlekseyTs
dotnet/roslyn,78646,2025-05-20T13:51:24Z,AlekseyTs
dotnet/roslyn,78647,2025-05-19T20:49:21Z,RikkiGibson
dotnet/roslyn,78648,2025-05-19T22:20:48Z,jasonmalinowski
dotnet/roslyn,78656,2025-05-20T20:38:28Z,CyrusNajmabadi
dotnet/roslyn,78667,2025-05-23T21:32:53Z,AlekseyTs
dotnet/roslyn,78668,2025-05-21T20:56:14Z,JoeRobich
dotnet/roslyn,78672,2025-05-27T18:08:17Z,jaredpar
dotnet/roslyn,78676,2025-05-23T19:33:10Z,AlekseyTs
dotnet/roslyn,78679,2025-05-23T16:29:34Z,AlekseyTs
dotnet/roslyn,78685,2025-06-03T20:12:22Z,AlekseyTs
dotnet/roslyn,78689,2025-05-30T19:48:08Z,jasonmalinowski
dotnet/roslyn,78690,2025-05-23T21:02:35Z,AlekseyTs
dotnet/roslyn,78691,2025-05-23T18:16:21Z,Mike-E-angelo
dotnet/roslyn,78694,2025-05-23T09:00:34Z,CyrusNajmabadi
dotnet/roslyn,78706,2025-05-28T00:19:13Z,jcouv
dotnet/roslyn,78707,2025-05-23T23:26:44Z,RikkiGibson
dotnet/roslyn,78713,2025-07-24T22:08:53Z,dibarbet
dotnet/roslyn,78725,2025-05-30T13:36:05Z,AlekseyTs
dotnet/roslyn,78731,2025-05-29T00:30:06Z,JoeRobich
dotnet/roslyn,78732,2025-06-11T05:03:19Z,AlekseyTs
dotnet/roslyn,78733,2025-06-11T05:07:05Z,AlekseyTs
dotnet/roslyn,78735,2025-05-30T15:38:53Z,AlekseyTs
dotnet/roslyn,78741,2025-05-29T16:19:23Z,jaredpar
dotnet/roslyn,78747,2025-06-18T16:54:27Z,CyrusNajmabadi
dotnet/roslyn,78748,2025-05-29T14:16:40Z,CyrusNajmabadi
dotnet/roslyn,78758,2025-06-02T15:04:56Z,AlekseyTs
dotnet/roslyn,78773,2025-06-24T20:46:53Z,jcouv
dotnet/roslyn,78774,2025-05-30T22:19:15Z,jaredpar
dotnet/roslyn,78787,2025-06-01T16:30:56Z,DoctorKrolic
dotnet/roslyn,78788,2025-06-02T17:30:50Z,dibarbet
dotnet/roslyn,78790,2025-06-24T16:24:37Z,333fred
dotnet/roslyn,78794,2025-06-03T07:19:10Z,dibarbet
dotnet/roslyn,78796,2025-06-04T20:30:51Z,tmat
dotnet/roslyn,78808,2025-06-03T20:31:12Z,ToddGrun
dotnet/roslyn,78810,2025-06-04T22:01:39Z,jcouv
dotnet/roslyn,78813,2025-06-05T13:14:32Z,AlekseyTs
dotnet/roslyn,78839,2025-06-24T20:54:58Z,CyrusNajmabadi
dotnet/roslyn,78840,2025-06-09T16:02:34Z,jaredpar
dotnet/roslyn,78847,2025-06-10T13:34:57Z,AlekseyTs
dotnet/roslyn,78851,2025-06-06T22:44:15Z,JoeRobich
dotnet/roslyn,78857,2025-06-09T17:20:28Z,CyrusNajmabadi
dotnet/roslyn,78866,2025-06-09T02:00:52Z,CyrusNajmabadi
dotnet/roslyn,78872,2025-06-10T00:57:27Z,RikkiGibson
dotnet/roslyn,78885,2025-06-10T01:06:19Z,CyrusNajmabadi
dotnet/roslyn,78886,2025-07-18T20:52:38Z,JoeRobich
dotnet/roslyn,78906,2025-06-10T19:23:14Z,CyrusNajmabadi
dotnet/roslyn,78908,2025-06-11T20:45:49Z,jcouv
dotnet/roslyn,78922,2025-06-11T23:53:30Z,RikkiGibson
dotnet/roslyn,78925,2025-06-11T21:24:23Z,RikkiGibson
dotnet/roslyn,78947,2025-06-16T08:17:41Z,AlekseyTs
dotnet/roslyn,78971,2025-06-16T08:40:38Z,AlekseyTs
dotnet/roslyn,78975,2025-06-18T22:38:52Z,RikkiGibson
dotnet/roslyn,78976,2025-06-26T11:36:07Z,premun
dotnet/roslyn,78982,2025-06-16T21:59:14Z,333fred
dotnet/roslyn,78989,2025-06-16T18:37:23Z,CyrusNajmabadi
dotnet/roslyn,79010,2025-06-20T12:10:22Z,AlekseyTs
dotnet/roslyn,79021,2025-06-18T13:38:05Z,AlekseyTs
dotnet/roslyn,79026,2025-06-18T22:12:16Z,CyrusNajmabadi
dotnet/roslyn,79034,2025-06-18T12:26:22Z,AlekseyTs
dotnet/roslyn,79041,2025-06-18T23:06:55Z,JoeRobich
dotnet/roslyn,79048,2025-06-19T03:29:46Z,jasonmalinowski
dotnet/roslyn,79056,2025-06-24T19:06:57Z,AlekseyTs
dotnet/roslyn,79057,2025-06-19T19:21:33Z,CyrusNajmabadi
dotnet/roslyn,79058,2025-06-19T18:04:38Z,333fred
dotnet/roslyn,79061,2025-06-19T21:57:10Z,dibarbet
dotnet/roslyn,79073,2025-07-31T00:40:22Z,jasonmalinowski
dotnet/roslyn,79081,2025-06-20T18:51:39Z,JoeRobich
dotnet/roslyn,79088,2025-06-20T22:34:04Z,333fred
dotnet/roslyn,79092,2025-06-21T16:40:08Z,CyrusNajmabadi
dotnet/roslyn,79095,2025-07-16T17:21:25Z,akhera99
dotnet/roslyn,79101,2025-06-23T14:56:20Z,CyrusNajmabadi
dotnet/roslyn,79103,2025-06-24T03:26:32Z,jcouv
dotnet/roslyn,79104,2025-06-24T18:22:40Z,jasonmalinowski
dotnet/roslyn,79105,2025-06-23T18:00:56Z,333fred
dotnet/roslyn,79109,2025-09-25T14:30:30Z,AlekseyTs
dotnet/roslyn,79125,2025-06-24T21:19:32Z,davidwengier
dotnet/roslyn,79134,2025-06-26T02:18:37Z,arunchndr
dotnet/roslyn,79139,2025-06-26T12:40:38Z,AlekseyTs
dotnet/roslyn,79147,2025-06-27T08:24:42Z,premun
dotnet/roslyn,79167,2025-06-27T21:23:23Z,jcouv
dotnet/roslyn,79179,2025-06-30T07:12:19Z,pgroene
dotnet/roslyn,79196,2025-06-30T15:12:47Z,AlekseyTs
dotnet/roslyn,79200,2025-06-30T18:50:31Z,333fred
dotnet/roslyn,79202,2025-06-30T17:32:22Z,AbhitejJohn
dotnet/roslyn,79210,2025-07-01T17:20:46Z,CyrusNajmabadi
dotnet/roslyn,79211,2025-07-01T13:31:45Z,AlekseyTs
dotnet/roslyn,79217,2025-07-02T17:46:45Z,AlekseyTs
dotnet/roslyn,79219,2025-07-02T02:52:49Z,CyrusNajmabadi
dotnet/roslyn,79228,2025-07-02T16:05:12Z,AlekseyTs
dotnet/roslyn,79233,2025-07-09T18:40:30Z,RikkiGibson
dotnet/roslyn,79239,2025-07-16T00:27:21Z,jaredpar
dotnet/roslyn,79254,2025-08-07T04:15:29Z,lonix1
dotnet/roslyn,79256,2025-07-06T17:35:34Z,jaredpar
dotnet/roslyn,79267,2025-07-07T18:18:36Z,dibarbet
dotnet/roslyn,79269,2025-07-07T19:50:50Z,CyrusNajmabadi
dotnet/roslyn,79274,2025-07-08T11:43:50Z,AlekseyTs
dotnet/roslyn,79275,2025-07-07T23:05:12Z,CyrusNajmabadi
dotnet/roslyn,79277,2025-07-11T17:40:07Z,JoeRobich
dotnet/roslyn,79284,2025-07-08T23:24:47Z,dibarbet
dotnet/roslyn,79293,2025-07-10T05:30:47Z,jcouv
dotnet/roslyn,79297,2025-07-10T04:02:48Z,jaredpar
dotnet/roslyn,79308,2025-07-10T16:37:20Z,AlekseyTs
dotnet/roslyn,79311,2025-07-09T16:31:48Z,AlekseyTs
dotnet/roslyn,79319,2025-07-15T12:43:35Z,AlekseyTs
dotnet/roslyn,79327,2025-07-10T15:18:08Z,jaredpar
dotnet/roslyn,79343,2025-07-16T01:30:21Z,dibarbet
dotnet/roslyn,79345,2025-07-15T12:15:49Z,AlekseyTs
dotnet/roslyn,79354,2025-07-19T21:47:57Z,JoeRobich
dotnet/roslyn,79360,2025-07-16T18:42:58Z,dibarbet
dotnet/roslyn,79373,2025-07-16T18:44:48Z,RikkiGibson
dotnet/roslyn,79377,2025-07-14T20:00:21Z,CyrusNajmabadi
dotnet/roslyn,79382,2025-07-16T18:43:22Z,dibarbet
dotnet/roslyn,79385,2025-07-16T18:43:32Z,dibarbet
dotnet/roslyn,79386,2025-07-16T18:43:43Z,dibarbet
dotnet/roslyn,79388,2025-07-16T00:00:01Z,jaredpar
dotnet/roslyn,79391,2025-07-15T00:55:30Z,CyrusNajmabadi
dotnet/roslyn,79393,2025-07-16T18:43:47Z,dibarbet
dotnet/roslyn,79398,2025-07-16T18:44:17Z,dibarbet
dotnet/roslyn,79399,2025-07-16T18:44:36Z,RikkiGibson
dotnet/roslyn,79400,2025-07-16T18:44:23Z,dibarbet
dotnet/roslyn,79401,2025-07-16T18:44:25Z,RikkiGibson
dotnet/roslyn,79403,2025-07-16T18:44:36Z,dibarbet
dotnet/roslyn,79405,2025-07-16T18:44:51Z,dibarbet
dotnet/roslyn,79412,2025-07-16T07:41:55Z,Youssef1313
dotnet/roslyn,79418,2025-07-16T18:44:19Z,RikkiGibson
dotnet/roslyn,79420,2025-07-16T18:49:51Z,dibarbet
dotnet/roslyn,79421,2025-07-16T21:38:06Z,CyrusNajmabadi
dotnet/roslyn,79432,2025-07-18T00:28:34Z,jcouv
dotnet/roslyn,79447,2025-07-29T17:15:28Z,RikkiGibson
dotnet/roslyn,79450,2025-07-18T20:46:49Z,JoeRobich
dotnet/roslyn,79452,2025-07-21T12:20:16Z,AlekseyTs
dotnet/roslyn,79458,2025-07-18T20:45:32Z,JoeRobich
dotnet/roslyn,79460,2025-07-18T16:13:10Z,CyrusNajmabadi
dotnet/roslyn,79471,2025-07-18T20:43:44Z,JoeRobich
dotnet/roslyn,79472,2025-07-21T22:02:36Z,jcouv
dotnet/roslyn,79474,2025-07-21T14:17:41Z,JoeRobich
dotnet/roslyn,79478,2025-07-19T20:45:43Z,CyrusNajmabadi
dotnet/roslyn,79483,2025-07-21T07:42:30Z,akoeplinger
dotnet/roslyn,79491,2025-07-21T15:30:19Z,tmat
dotnet/roslyn,79493,2025-07-21T19:26:08Z,jasonmalinowski
dotnet/roslyn,79494,2025-07-21T22:58:31Z,RikkiGibson
dotnet/roslyn,79505,2025-07-22T01:07:30Z,jcouv
dotnet/roslyn,79507,2025-07-22T02:31:12Z,CyrusNajmabadi
dotnet/roslyn,79510,2025-08-21T18:05:38Z,CyrusNajmabadi
dotnet/roslyn,79524,2025-08-11T20:44:58Z,akhera99
dotnet/roslyn,79530,2025-07-23T03:58:09Z,CyrusNajmabadi
dotnet/roslyn,79533,2025-07-23T13:48:02Z,CyrusNajmabadi
dotnet/roslyn,79535,2025-07-23T11:05:05Z,CyrusNajmabadi
dotnet/roslyn,79537,2025-07-23T12:23:36Z,CyrusNajmabadi
dotnet/roslyn,79547,2025-07-23T18:35:11Z,AbhitejJohn
dotnet/roslyn,79550,2025-07-25T13:41:44Z,jjonescz
dotnet/roslyn,79553,2025-07-24T02:31:52Z,jcouv
dotnet/roslyn,79554,2025-07-23T21:57:06Z,AbhitejJohn
dotnet/roslyn,79557,2025-07-30T18:17:30Z,AlekseyTs
dotnet/roslyn,79562,2025-08-04T15:30:32Z,akoeplinger
dotnet/roslyn,79593,2025-07-25T17:07:50Z,333fred
dotnet/roslyn,79606,2025-07-25T16:27:57Z,jcouv
dotnet/roslyn,79609,2026-04-08T10:00:49Z,CyrusNajmabadi
dotnet/roslyn,79616,2025-07-25T20:44:03Z,dibarbet
dotnet/roslyn,79623,2025-07-28T18:56:38Z,CyrusNajmabadi
dotnet/roslyn,79641,2025-07-30T16:29:28Z,AlekseyTs
dotnet/roslyn,79657,2025-08-05T18:28:16Z,jaredpar
dotnet/roslyn,79666,2025-08-08T22:14:32Z,akhera99
dotnet/roslyn,79667,2025-08-04T15:51:41Z,AlekseyTs
dotnet/roslyn,79669,2025-08-01T00:39:30Z,jasonmalinowski
dotnet/roslyn,79670,2025-07-31T17:51:59Z,CyrusNajmabadi
dotnet/roslyn,79673,2025-07-30T00:40:33Z,JoeRobich
dotnet/roslyn,79674,2025-08-01T03:23:55Z,AlekseyTs
dotnet/roslyn,79682,2025-07-30T18:18:40Z,CyrusNajmabadi
dotnet/roslyn,79688,2025-07-30T20:56:19Z,tmat
dotnet/roslyn,79697,2025-07-31T16:46:09Z,jcouv
dotnet/roslyn,79702,2025-08-02T02:24:48Z,AlekseyTs
dotnet/roslyn,79708,2025-07-31T21:35:03Z,RikkiGibson
dotnet/roslyn,79730,2025-08-04T17:01:57Z,RikkiGibson
dotnet/roslyn,79739,2025-08-21T02:02:26Z,AlekseyTs
dotnet/roslyn,79754,2025-08-03T07:55:14Z,CyrusNajmabadi
dotnet/roslyn,79760,2025-08-04T21:42:44Z,AbhitejJohn
dotnet/roslyn,79764,2025-08-25T23:05:58Z,jaredpar
dotnet/roslyn,79777,2025-08-21T21:45:38Z,jasonmalinowski
dotnet/roslyn,79782,2025-08-25T23:18:44Z,jcouv
dotnet/roslyn,79790,2025-09-16T00:08:42Z,AlekseyTs
dotnet/roslyn,79810,2025-09-08T16:49:50Z,AlekseyTs
dotnet/roslyn,79817,2025-08-19T03:43:46Z,AlekseyTs
dotnet/roslyn,79827,2025-08-07T20:07:34Z,JoeRobich
dotnet/roslyn,79837,2025-08-19T22:35:09Z,jaredpar
dotnet/roslyn,79839,2025-08-08T02:33:34Z,jasonmalinowski
dotnet/roslyn,79844,2025-08-08T21:09:32Z,RikkiGibson
dotnet/roslyn,79861,2025-08-11T22:58:11Z,AbhitejJohn
dotnet/roslyn,79877,2025-08-13T03:05:53Z,AlekseyTs
dotnet/roslyn,79878,2025-08-19T18:25:58Z,333fred
dotnet/roslyn,79880,2025-08-14T03:00:16Z,AlekseyTs
dotnet/roslyn,79883,2025-08-12T19:33:19Z,tmat
dotnet/roslyn,79911,2025-08-21T05:52:02Z,jaredpar
dotnet/roslyn,79916,2025-08-22T01:14:02Z,AlekseyTs
dotnet/roslyn,79918,2025-08-15T14:03:34Z,JoeRobich
dotnet/roslyn,79928,2025-08-15T23:38:14Z,RikkiGibson
dotnet/roslyn,79934,2025-08-19T21:31:21Z,jasonmalinowski
dotnet/roslyn,79936,2025-09-19T09:53:34Z,CyrusNajmabadi
dotnet/roslyn,79940,2026-01-02T21:01:43Z,gtbuchanan
dotnet/roslyn,79942,2025-08-18T16:31:00Z,333fred
dotnet/roslyn,79943,2025-08-19T11:10:03Z,drewnoakes
dotnet/roslyn,79951,2025-08-18T23:56:42Z,CyrusNajmabadi
dotnet/roslyn,79955,2025-08-20T10:00:21Z,jjonescz
dotnet/roslyn,79960,2025-08-19T18:24:21Z,333fred
dotnet/roslyn,79961,2025-08-19T17:59:36Z,RikkiGibson
dotnet/roslyn,79966,2025-09-02T22:21:42Z,jaredpar
dotnet/roslyn,79978,2025-08-20T15:08:12Z,mavasani
dotnet/roslyn,79990,2025-08-20T21:35:32Z,chsienki
dotnet/roslyn,79992,2025-08-20T22:29:10Z,CyrusNajmabadi
dotnet/roslyn,79995,2025-08-25T18:48:33Z,CyrusNajmabadi
dotnet/roslyn,80002,2025-08-27T15:23:15Z,baronfel
dotnet/roslyn,80004,2025-08-21T19:59:06Z,CyrusNajmabadi
dotnet/roslyn,80009,2025-09-16T20:57:14Z,jaredpar
dotnet/roslyn,80020,2025-08-25T22:43:00Z,RikkiGibson
dotnet/roslyn,80021,2025-08-22T21:22:59Z,CyrusNajmabadi
dotnet/roslyn,80026,2025-09-02T13:55:14Z,jaredpar
dotnet/roslyn,80068,2025-09-18T21:51:52Z,RikkiGibson
dotnet/roslyn,80071,2025-08-28T22:45:27Z,jasonmalinowski
dotnet/roslyn,80073,2025-08-29T18:41:40Z,dibarbet
dotnet/roslyn,80086,2025-09-10T00:27:59Z,jasonmalinowski
dotnet/roslyn,80093,2025-09-02T10:17:00Z,jcouv
dotnet/roslyn,80096,2025-08-30T22:08:57Z,CyrusNajmabadi
dotnet/roslyn,80097,2025-08-31T02:00:27Z,CyrusNajmabadi
dotnet/roslyn,80098,2025-09-29T08:48:50Z,jcouv
dotnet/roslyn,80100,2025-09-01T01:35:32Z,AlekseyTs
dotnet/roslyn,80104,2025-09-16T02:41:29Z,RikkiGibson
dotnet/roslyn,80114,2025-09-05T03:57:02Z,AlekseyTs
dotnet/roslyn,80116,2025-09-04T10:25:51Z,jjonescz
dotnet/roslyn,80120,2025-09-03T22:10:37Z,Youssef1313
dotnet/roslyn,80125,2025-09-15T23:51:15Z,AlekseyTs
dotnet/roslyn,80128,2025-09-09T19:59:16Z,jasonmalinowski
dotnet/roslyn,80137,2025-09-04T15:25:55Z,jnm2
dotnet/roslyn,80138,2025-09-05T02:47:53Z,AlekseyTs
dotnet/roslyn,80144,2025-09-04T18:26:47Z,CyrusNajmabadi
dotnet/roslyn,80153,2025-09-09T18:54:40Z,RikkiGibson
dotnet/roslyn,80164,2025-09-10T22:20:20Z,AlekseyTs
dotnet/roslyn,80170,2025-09-11T17:27:29Z,CyrusNajmabadi
dotnet/roslyn,80211,2025-09-10T23:18:05Z,AlekseyTs
dotnet/roslyn,80219,2025-09-10T18:56:15Z,CyrusNajmabadi
dotnet/roslyn,80220,2025-09-10T19:01:45Z,CyrusNajmabadi
dotnet/roslyn,80231,2025-09-11T11:59:57Z,AlekseyTs
dotnet/roslyn,80248,2025-09-15T16:54:40Z,AlekseyTs
dotnet/roslyn,80267,2025-09-13T01:01:28Z,333fred
dotnet/roslyn,80272,2025-09-15T16:47:19Z,AlekseyTs
dotnet/roslyn,80289,2025-09-16T14:27:22Z,AlekseyTs
dotnet/roslyn,80297,2025-09-16T14:55:02Z,AlekseyTs
dotnet/roslyn,80308,2025-09-16T23:05:21Z,RikkiGibson
dotnet/roslyn,80314,2025-09-16T23:14:36Z,RikkiGibson
dotnet/roslyn,80315,2025-09-17T00:02:39Z,jasonmalinowski
dotnet/roslyn,80324,2025-09-17T23:09:09Z,RikkiGibson
dotnet/roslyn,80325,2025-09-18T08:41:49Z,JackCoplandGranta
dotnet/roslyn,80333,2025-11-14T06:45:50Z,JoeRobich
dotnet/roslyn,80336,2025-11-20T04:21:00Z,JoeRobich
dotnet/roslyn,80337,2025-09-18T13:45:16Z,AlekseyTs
dotnet/roslyn,80340,2025-09-18T18:14:36Z,JoeRobich
dotnet/roslyn,80348,2025-09-18T16:40:51Z,AlekseyTs
dotnet/roslyn,80357,2025-09-18T18:07:41Z,AlekseyTs
dotnet/roslyn,80358,2025-09-18T18:28:35Z,dibarbet
dotnet/roslyn,80359,2025-09-18T20:03:51Z,jasonmalinowski
dotnet/roslyn,80367,2025-09-19T19:20:05Z,AlekseyTs
dotnet/roslyn,80372,2025-09-20T17:31:42Z,RikkiGibson
dotnet/roslyn,80376,2025-09-19T21:53:27Z,333fred
dotnet/roslyn,80394,2025-09-29T20:28:10Z,RikkiGibson
dotnet/roslyn,80404,2025-10-17T06:35:06Z,MartyIX
dotnet/roslyn,80407,2025-09-22T19:48:39Z,jasonmalinowski
dotnet/roslyn,80410,2025-09-22T23:18:49Z,dibarbet
dotnet/roslyn,80411,2025-09-23T21:00:52Z,akhera99
dotnet/roslyn,80412,2025-09-23T21:45:03Z,danmoseley
dotnet/roslyn,80420,2025-09-23T16:31:09Z,AlekseyTs
dotnet/roslyn,80421,2025-09-23T16:11:43Z,jjonescz
dotnet/roslyn,80422,2025-10-27T22:42:38Z,jasonmalinowski
dotnet/roslyn,80433,2025-09-23T23:13:01Z,AlekseyTs
dotnet/roslyn,80440,2025-11-05T10:02:32Z,jjonescz
dotnet/roslyn,80453,2025-09-25T14:52:16Z,AlekseyTs
dotnet/roslyn,80455,2025-09-29T16:24:34Z,jcouv
dotnet/roslyn,80456,2025-09-25T18:46:57Z,AlekseyTs
dotnet/roslyn,80461,2025-09-25T14:36:32Z,AlekseyTs
dotnet/roslyn,80474,2025-09-26T16:59:49Z,gfraiteur
dotnet/roslyn,80483,2025-09-29T20:49:42Z,RikkiGibson
dotnet/roslyn,80485,2025-09-30T12:13:23Z,AlekseyTs
dotnet/roslyn,80490,2025-09-29T19:06:12Z,RikkiGibson
dotnet/roslyn,80495,2025-10-07T17:02:25Z,RikkiGibson
dotnet/roslyn,80500,2025-09-30T10:30:13Z,jjonescz
dotnet/roslyn,80510,2025-09-30T12:00:00Z,jjonescz
dotnet/roslyn,80513,2025-10-01T16:08:34Z,jcouv
dotnet/roslyn,80515,2025-10-03T21:12:05Z,RikkiGibson
dotnet/roslyn,80516,2025-09-30T18:06:43Z,AlekseyTs
dotnet/roslyn,80517,2025-10-01T08:58:10Z,jcouv
dotnet/roslyn,80527,2025-10-03T15:12:16Z,AlekseyTs
dotnet/roslyn,80531,2025-10-03T15:39:20Z,AlekseyTs
dotnet/roslyn,80538,2025-10-01T23:20:07Z,dibarbet
dotnet/roslyn,80546,2025-10-02T16:23:26Z,CyrusNajmabadi
dotnet/roslyn,80551,2025-10-03T07:14:34Z,premun
dotnet/roslyn,80552,2025-12-11T17:45:45Z,AlekseyTs
dotnet/roslyn,80553,2025-10-03T17:29:37Z,RikkiGibson
dotnet/roslyn,80557,2025-10-08T15:02:06Z,AlekseyTs
dotnet/roslyn,80568,2025-10-09T18:44:58Z,jcouv
dotnet/roslyn,80570,2025-10-06T14:32:04Z,jcouv
dotnet/roslyn,80582,2025-10-07T18:31:50Z,jaredpar
dotnet/roslyn,80597,2025-10-09T09:18:02Z,jjonescz
dotnet/roslyn,80600,2025-10-09T15:36:54Z,tmat
dotnet/roslyn,80609,2025-10-09T21:07:27Z,333fred
dotnet/roslyn,80617,2025-10-10T19:23:54Z,JoeRobich
dotnet/roslyn,80619,2025-10-10T04:27:05Z,AlekseyTs
dotnet/roslyn,80621,2025-10-10T04:59:32Z,AlekseyTs
dotnet/roslyn,80633,2025-10-10T16:51:14Z,AlekseyTs
dotnet/roslyn,80635,2025-10-13T09:57:25Z,jjonescz
dotnet/roslyn,80638,2025-10-10T22:15:55Z,RikkiGibson
dotnet/roslyn,80641,2025-10-13T16:31:42Z,ViktorHofer
dotnet/roslyn,80646,2025-10-11T00:20:07Z,dibarbet
dotnet/roslyn,80653,2025-11-10T20:17:21Z,JoeRobich
dotnet/roslyn,80654,2025-10-16T14:12:07Z,dkurepa
dotnet/roslyn,80659,2025-10-16T16:52:45Z,AlekseyTs
dotnet/roslyn,80681,2025-10-30T15:05:52Z,AlekseyTs
dotnet/roslyn,80684,2025-10-13T23:05:52Z,333fred
dotnet/roslyn,80691,2025-10-30T13:45:02Z,AlekseyTs
dotnet/roslyn,80694,2025-10-14T18:17:11Z,RikkiGibson
dotnet/roslyn,80697,2025-10-22T20:39:42Z,jcouv
dotnet/roslyn,80698,2025-10-14T16:22:55Z,333fred
dotnet/roslyn,80701,2025-10-14T20:18:26Z,jasonmalinowski
dotnet/roslyn,80704,2025-10-14T16:53:03Z,jcouv
dotnet/roslyn,80707,2025-10-24T06:37:29Z,jcouv
dotnet/roslyn,80708,2025-10-21T19:15:50Z,AlekseyTs
dotnet/roslyn,80709,2025-10-14T18:04:46Z,AlekseyTs
dotnet/roslyn,80710,2025-10-14T17:13:28Z,CyrusNajmabadi
dotnet/roslyn,80734,2025-10-15T17:35:33Z,agocke
dotnet/roslyn,80739,2026-02-17T22:37:15Z,jcouv
dotnet/roslyn,80740,2025-10-16T01:57:43Z,AlekseyTs
dotnet/roslyn,80741,2026-03-30T20:42:16Z,phil-allen-msft
dotnet/roslyn,80748,2025-10-31T22:56:07Z,RikkiGibson
dotnet/roslyn,80760,2025-11-03T17:36:01Z,AlekseyTs
dotnet/roslyn,80764,2025-11-03T20:13:57Z,RikkiGibson
dotnet/roslyn,80770,2025-10-20T19:02:53Z,jcouv
dotnet/roslyn,80782,2025-11-04T23:35:29Z,phil-allen-msft
dotnet/roslyn,80783,2025-10-17T16:51:02Z,jcouv
dotnet/roslyn,80795,2025-11-07T16:43:02Z,AlekseyTs
dotnet/roslyn,80800,2025-10-17T19:42:48Z,AlekseyTs
dotnet/roslyn,80801,2025-11-28T00:06:55Z,bkoelman
dotnet/roslyn,80805,2025-10-20T16:02:06Z,jcouv
dotnet/roslyn,80807,2025-10-23T00:40:35Z,333fred
dotnet/roslyn,80809,2025-10-20T17:50:18Z,CyrusNajmabadi
dotnet/roslyn,80810,2025-11-29T23:43:00Z,CyrusNajmabadi
dotnet/roslyn,80812,2025-10-23T10:52:10Z,jjonescz
dotnet/roslyn,80823,2025-10-21T18:31:52Z,RikkiGibson
dotnet/roslyn,80825,2025-11-30T18:35:23Z,ToddGrun
dotnet/roslyn,80827,2025-10-23T14:51:31Z,AlekseyTs
dotnet/roslyn,80830,2025-10-21T17:54:55Z,dibarbet
dotnet/roslyn,80831,2025-10-22T18:36:06Z,jcouv
dotnet/roslyn,80837,2025-10-23T23:56:04Z,jasonmalinowski
dotnet/roslyn,80845,2025-11-04T19:58:01Z,jjonescz
dotnet/roslyn,80846,2025-10-23T18:23:46Z,CyrusNajmabadi
dotnet/roslyn,80854,2025-10-22T18:30:46Z,333fred
dotnet/roslyn,80866,2025-10-24T15:45:10Z,jaredpar
dotnet/roslyn,80871,2025-10-24T02:43:39Z,CyrusNajmabadi
dotnet/roslyn,80889,2025-10-28T15:27:41Z,AlekseyTs
dotnet/roslyn,80891,2025-10-25T05:43:46Z,Rekkonnect
dotnet/roslyn,80894,2025-10-27T15:47:57Z,AlekseyTs
dotnet/roslyn,80907,2025-10-27T16:10:23Z,AlekseyTs
dotnet/roslyn,80908,2025-10-27T18:41:40Z,AlekseyTs
dotnet/roslyn,80910,2025-10-27T17:10:16Z,AlekseyTs
dotnet/roslyn,80919,2025-10-27T22:40:49Z,jasonmalinowski
dotnet/roslyn,80920,2025-10-27T23:40:56Z,RikkiGibson
dotnet/roslyn,80927,2025-11-05T15:32:49Z,AlekseyTs
dotnet/roslyn,80928,2025-10-29T15:03:36Z,AlekseyTs
dotnet/roslyn,80929,2025-11-17T15:42:28Z,AlekseyTs
dotnet/roslyn,80939,2025-10-30T15:12:18Z,AlekseyTs
dotnet/roslyn,80944,2025-10-29T03:34:02Z,lonix1
dotnet/roslyn,80951,2025-10-30T21:06:40Z,hjihong
dotnet/roslyn,80957,2025-11-03T22:23:20Z,jasonmalinowski
dotnet/roslyn,80959,2025-11-03T22:22:50Z,jasonmalinowski
dotnet/roslyn,80960,2025-11-11T23:05:51Z,akhera99
dotnet/roslyn,80963,2025-10-31T00:35:45Z,333fred
dotnet/roslyn,80970,2025-10-31T17:49:14Z,333fred
dotnet/roslyn,80978,2025-11-10T20:07:44Z,RikkiGibson
dotnet/roslyn,80988,2025-11-03T09:42:45Z,jjonescz
dotnet/roslyn,80993,2025-11-06T15:02:24Z,AlekseyTs
dotnet/roslyn,80997,2025-11-03T20:37:07Z,jasonmalinowski
dotnet/roslyn,80999,2025-11-04T20:03:42Z,RikkiGibson
dotnet/roslyn,81003,2025-11-05T01:56:12Z,RikkiGibson
dotnet/roslyn,81019,2025-11-04T17:42:28Z,jasonmalinowski
dotnet/roslyn,81023,2025-11-04T18:13:00Z,JoeRobich
dotnet/roslyn,81025,2025-11-04T20:35:07Z,AlekseyTs
dotnet/roslyn,81035,2025-11-05T15:49:09Z,AlekseyTs
dotnet/roslyn,81036,2025-12-02T18:55:08Z,333fred
dotnet/roslyn,81037,2026-04-23T21:22:58Z,JoeRobich
dotnet/roslyn,81038,2025-11-05T00:02:26Z,JoeRobich
dotnet/roslyn,81048,2025-11-05T17:44:47Z,dibarbet
dotnet/roslyn,81051,2025-11-05T11:03:42Z,jjonescz
dotnet/roslyn,81058,2025-11-06T21:04:16Z,jcouv
dotnet/roslyn,81059,2025-11-07T16:55:42Z,AlekseyTs
dotnet/roslyn,81098,2025-11-14T06:08:21Z,JoeRobich
dotnet/roslyn,81103,2025-11-08T13:00:38Z,AdmiralSnyder
dotnet/roslyn,81104,2025-11-08T03:42:33Z,jcouv
dotnet/roslyn,81119,2025-11-09T18:06:11Z,CyrusNajmabadi
dotnet/roslyn,81135,2025-11-11T06:49:34Z,jcouv
dotnet/roslyn,81138,2025-11-10T19:55:54Z,RikkiGibson
dotnet/roslyn,81139,2025-11-10T20:11:00Z,JoeRobich
dotnet/roslyn,81140,2025-11-10T20:09:53Z,JoeRobich
dotnet/roslyn,81142,2025-11-10T20:12:07Z,JoeRobich
dotnet/roslyn,81146,2025-11-10T22:26:01Z,RikkiGibson
dotnet/roslyn,81151,2025-11-12T15:03:07Z,AlekseyTs
dotnet/roslyn,81157,2025-11-12T15:19:22Z,AlekseyTs
dotnet/roslyn,81166,2025-11-13T18:59:26Z,AlekseyTs
dotnet/roslyn,81221,2025-11-14T09:41:05Z,CyrusNajmabadi
dotnet/roslyn,81227,2025-11-14T00:21:28Z,AlekseyTs
dotnet/roslyn,81228,2025-11-14T17:00:25Z,ToddGrun
dotnet/roslyn,81243,2025-11-14T21:19:18Z,JoeRobich
dotnet/roslyn,81254,2025-11-18T16:29:37Z,AlekseyTs
dotnet/roslyn,81264,2025-11-15T21:55:20Z,JoeRobich
dotnet/roslyn,81269,2025-11-18T15:27:31Z,AlekseyTs
dotnet/roslyn,81270,2025-11-17T15:57:08Z,AlekseyTs
dotnet/roslyn,81279,2025-11-19T11:22:04Z,jcouv
dotnet/roslyn,81284,2025-11-18T06:57:51Z,RikkiGibson
dotnet/roslyn,81286,2025-11-17T17:46:27Z,JoeRobich
dotnet/roslyn,81289,2025-11-19T16:10:22Z,AlekseyTs
dotnet/roslyn,81293,2025-11-21T15:51:12Z,AlekseyTs
dotnet/roslyn,81294,2025-11-25T18:38:25Z,jcouv
dotnet/roslyn,81304,2025-11-18T00:40:34Z,333fred
dotnet/roslyn,81314,2025-12-09T18:57:22Z,RikkiGibson
dotnet/roslyn,81315,2025-11-18T20:01:26Z,333fred
dotnet/roslyn,81316,2025-11-18T20:38:27Z,333fred
dotnet/roslyn,81323,2025-11-19T05:43:58Z,CyrusNajmabadi
dotnet/roslyn,81341,2025-11-19T17:20:52Z,tmat
dotnet/roslyn,81346,2025-11-19T22:18:06Z,dibarbet
dotnet/roslyn,81380,2025-11-24T19:35:18Z,jcouv
dotnet/roslyn,81385,2025-11-21T07:09:43Z,jcouv
dotnet/roslyn,81427,2025-12-03T16:57:09Z,AlekseyTs
dotnet/roslyn,81428,2025-11-24T22:12:52Z,RikkiGibson
dotnet/roslyn,81442,2025-12-04T05:05:58Z,RikkiGibson
dotnet/roslyn,81444,2025-12-03T18:43:53Z,AlekseyTs
dotnet/roslyn,81445,2025-11-25T18:14:33Z,CyrusNajmabadi
dotnet/roslyn,81453,2025-11-26T13:22:18Z,CyrusNajmabadi
dotnet/roslyn,81468,2025-12-01T19:11:55Z,AlekseyTs
dotnet/roslyn,81478,2025-11-28T15:09:07Z,premun
dotnet/roslyn,81480,2026-01-08T23:06:08Z,tmat
dotnet/roslyn,81485,2025-11-30T01:32:52Z,RikkiGibson
dotnet/roslyn,81486,2025-11-29T23:11:44Z,CyrusNajmabadi
dotnet/roslyn,81499,2025-12-01T13:24:39Z,jjonescz
dotnet/roslyn,81500,2025-12-01T22:34:47Z,CyrusNajmabadi
dotnet/roslyn,81503,2025-12-19T22:02:46Z,JoeRobich
dotnet/roslyn,81511,2025-12-02T18:17:42Z,AlekseyTs
dotnet/roslyn,81512,2025-12-03T15:41:16Z,AlekseyTs
dotnet/roslyn,81515,2025-12-02T20:06:54Z,JoeRobich
dotnet/roslyn,81519,2025-12-02T19:33:39Z,AlekseyTs
dotnet/roslyn,81531,2025-12-03T16:40:51Z,CyrusNajmabadi
dotnet/roslyn,81536,2025-12-10T21:41:23Z,333fred
dotnet/roslyn,81542,2025-12-04T17:53:51Z,RikkiGibson
dotnet/roslyn,81556,2025-12-05T14:03:21Z,CyrusNajmabadi
dotnet/roslyn,81572,2025-12-09T00:45:35Z,jcouv
dotnet/roslyn,81581,2025-12-09T00:00:18Z,jcouv
dotnet/roslyn,81591,2025-12-10T01:47:54Z,AlekseyTs
dotnet/roslyn,81593,2026-03-10T23:11:51Z,jasonmalinowski
dotnet/roslyn,81595,2025-12-09T11:18:45Z,CyrusNajmabadi
dotnet/roslyn,81605,2025-12-09T19:20:14Z,CyrusNajmabadi
dotnet/roslyn,81606,2025-12-11T20:23:55Z,AlekseyTs
dotnet/roslyn,81607,2025-12-10T17:09:37Z,AlekseyTs
dotnet/roslyn,81613,2025-12-10T17:51:53Z,jjonescz
dotnet/roslyn,81623,2026-02-13T16:40:02Z,JoeRobich
dotnet/roslyn,81624,2025-12-10T17:46:32Z,JoeRobich
dotnet/roslyn,81626,2026-01-06T10:55:20Z,premun
dotnet/roslyn,81627,2025-12-16T19:09:28Z,AlekseyTs
dotnet/roslyn,81638,2025-12-11T10:57:32Z,CyrusNajmabadi
dotnet/roslyn,81643,2025-12-17T05:26:21Z,jasonmalinowski
dotnet/roslyn,81652,2025-12-11T17:16:08Z,AlekseyTs
dotnet/roslyn,81658,2025-12-11T17:54:36Z,CyrusNajmabadi
dotnet/roslyn,81659,2025-12-19T00:02:56Z,weitzhandler
dotnet/roslyn,81667,2025-12-12T16:53:19Z,jcouv
dotnet/roslyn,81685,2025-12-16T12:44:35Z,CyrusNajmabadi
dotnet/roslyn,81692,2026-01-07T19:49:04Z,JoeRobich
dotnet/roslyn,81693,2026-02-13T16:40:14Z,JoeRobich
dotnet/roslyn,81705,2025-12-16T02:14:15Z,CyrusNajmabadi
dotnet/roslyn,81717,2025-12-16T19:19:14Z,jasonmalinowski
dotnet/roslyn,81721,2025-12-22T16:44:54Z,CyrusNajmabadi
dotnet/roslyn,81722,2025-12-17T16:46:33Z,AlekseyTs
dotnet/roslyn,81733,2025-12-17T19:02:48Z,jasonmalinowski
dotnet/roslyn,81737,2025-12-19T19:03:24Z,JoeRobich
dotnet/roslyn,81758,2026-03-20T13:18:11Z,ToddGrun
dotnet/roslyn,81771,2025-12-19T18:28:15Z,AlekseyTs
dotnet/roslyn,81786,2025-12-23T16:15:55Z,AlekseyTs
dotnet/roslyn,81788,2025-12-23T18:27:11Z,AlekseyTs
dotnet/roslyn,81793,2025-12-27T01:37:16Z,AlekseyTs
dotnet/roslyn,81800,2026-02-13T16:40:38Z,JoeRobich
dotnet/roslyn,81812,2026-01-28T00:28:46Z,dibarbet
dotnet/roslyn,81825,2025-12-31T16:06:11Z,333fred
dotnet/roslyn,81830,2026-01-01T16:07:53Z,333fred
dotnet/roslyn,81847,2026-01-12T16:17:14Z,AlekseyTs
dotnet/roslyn,81850,2026-01-21T09:58:00Z,CyrusNajmabadi
dotnet/roslyn,81853,2026-01-05T17:02:25Z,CyrusNajmabadi
dotnet/roslyn,81855,2026-01-05T19:16:33Z,333fred
dotnet/roslyn,81857,2026-01-05T20:30:25Z,jcouv
dotnet/roslyn,81858,2026-01-05T17:47:55Z,CyrusNajmabadi
dotnet/roslyn,81863,2026-02-01T22:32:55Z,olivia3215
dotnet/roslyn,81874,2026-02-25T02:47:38Z,phil-allen-msft
dotnet/roslyn,81895,2026-01-07T19:07:03Z,CyrusNajmabadi
dotnet/roslyn,81914,2026-01-08T06:19:40Z,jasonmalinowski
dotnet/roslyn,81924,2026-01-20T17:19:01Z,jcouv
dotnet/roslyn,81928,2026-01-12T23:39:32Z,dibarbet
dotnet/roslyn,81932,2026-01-13T16:38:31Z,RikkiGibson
dotnet/roslyn,81934,2026-01-09T16:10:37Z,AlekseyTs
dotnet/roslyn,81939,2026-01-14T18:02:28Z,RyanToth3
dotnet/roslyn,81948,2026-01-09T19:53:11Z,CyrusNajmabadi
dotnet/roslyn,81949,2026-01-09T19:50:47Z,jasonmalinowski
dotnet/roslyn,81950,2026-01-12T20:28:51Z,dibarbet
dotnet/roslyn,81951,2026-01-09T21:09:20Z,dibarbet
dotnet/roslyn,81959,2026-01-20T17:52:39Z,RikkiGibson
dotnet/roslyn,81960,2026-01-12T23:06:38Z,CyrusNajmabadi
dotnet/roslyn,81961,2026-01-11T19:48:51Z,CyrusNajmabadi
dotnet/roslyn,81971,2026-01-15T17:13:48Z,AlekseyTs
dotnet/roslyn,81981,2026-01-15T22:23:58Z,333fred
dotnet/roslyn,81993,2026-01-22T20:24:26Z,PavelCibulka
dotnet/roslyn,81994,2026-02-13T16:35:39Z,JoeRobich
dotnet/roslyn,82001,2026-01-14T04:04:50Z,jaredpar
dotnet/roslyn,82012,2026-01-15T14:16:36Z,AlekseyTs
dotnet/roslyn,82034,2026-02-13T19:26:59Z,JoeRobich
dotnet/roslyn,82043,2026-01-21T04:08:16Z,jcouv
dotnet/roslyn,82052,2026-01-29T20:21:08Z,AlekseyTs
dotnet/roslyn,82056,2026-01-20T20:25:56Z,jcouv
dotnet/roslyn,82057,2026-01-17T21:36:21Z,CyrusNajmabadi
dotnet/roslyn,82064,2026-01-20T20:01:37Z,CyrusNajmabadi
dotnet/roslyn,82068,2026-01-18T09:54:21Z,CyrusNajmabadi
dotnet/roslyn,82079,2026-01-20T19:09:14Z,jasonmalinowski
dotnet/roslyn,82092,2026-01-21T18:33:36Z,JoeRobich
dotnet/roslyn,82096,2026-01-21T16:38:54Z,jaredpar
dotnet/roslyn,82113,2026-01-28T01:09:31Z,jaredpar
dotnet/roslyn,82118,2026-01-26T20:56:45Z,AlekseyTs
dotnet/roslyn,82123,2026-01-23T15:22:34Z,baronfel
dotnet/roslyn,82129,2026-01-23T20:17:28Z,CyrusNajmabadi
dotnet/roslyn,82131,2026-01-24T19:32:42Z,jcouv
dotnet/roslyn,82132,2026-01-28T16:00:04Z,AlekseyTs
dotnet/roslyn,82139,2026-01-24T16:10:39Z,CyrusNajmabadi
dotnet/roslyn,82142,2026-01-31T01:49:01Z,333fred
dotnet/roslyn,82146,2026-01-30T01:03:03Z,RikkiGibson
dotnet/roslyn,82154,2026-01-26T20:28:29Z,CyrusNajmabadi
dotnet/roslyn,82155,2026-01-26T20:50:08Z,CyrusNajmabadi
dotnet/roslyn,82156,2026-01-27T06:58:56Z,CyrusNajmabadi
dotnet/roslyn,82158,2026-01-26T23:37:42Z,jasonmalinowski
dotnet/roslyn,82159,2026-01-27T00:53:20Z,JoeRobich
dotnet/roslyn,82171,2026-02-09T21:59:48Z,jasonmalinowski
dotnet/roslyn,82192,2026-01-28T17:48:22Z,jaredpar
dotnet/roslyn,82197,2026-01-28T21:24:39Z,jasonmalinowski
dotnet/roslyn,82205,2026-02-05T17:22:26Z,MartyIX
dotnet/roslyn,82214,2026-01-30T00:20:08Z,jasonmalinowski
dotnet/roslyn,82215,2026-01-30T00:27:14Z,RikkiGibson
dotnet/roslyn,82218,2026-02-05T19:45:54Z,AlekseyTs
dotnet/roslyn,82236,2026-02-03T19:58:42Z,jcouv
dotnet/roslyn,82237,2026-01-31T08:37:59Z,CyrusNajmabadi
dotnet/roslyn,82242,2026-02-01T02:11:04Z,JoeRobich
dotnet/roslyn,82244,2026-02-13T16:41:12Z,JoeRobich
dotnet/roslyn,82263,2026-02-03T17:20:49Z,AlekseyTs
dotnet/roslyn,82266,2026-02-03T16:37:50Z,CyrusNajmabadi
dotnet/roslyn,82269,2026-02-03T18:39:40Z,AlekseyTs
dotnet/roslyn,82276,2026-02-03T23:17:24Z,CyrusNajmabadi
dotnet/roslyn,82284,2026-02-04T20:07:31Z,CyrusNajmabadi
dotnet/roslyn,82286,2026-02-04T20:00:10Z,jaredpar
dotnet/roslyn,82295,2026-02-05T01:33:49Z,JoeRobich
dotnet/roslyn,82296,2026-02-05T20:01:01Z,AlekseyTs
dotnet/roslyn,82297,2026-02-05T19:38:26Z,AlekseyTs
dotnet/roslyn,82300,2026-02-17T17:22:51Z,AlekseyTs
dotnet/roslyn,82304,2026-02-25T00:48:01Z,phil-allen-msft
dotnet/roslyn,82324,2026-02-11T16:40:07Z,AlekseyTs
dotnet/roslyn,82329,2026-02-17T20:02:22Z,agocke
dotnet/roslyn,82330,2026-02-09T18:32:00Z,CyrusNajmabadi
dotnet/roslyn,82335,2026-02-11T16:16:53Z,AlekseyTs
dotnet/roslyn,82350,2026-02-13T19:45:22Z,jaredpar
dotnet/roslyn,82358,2026-02-24T02:49:09Z,phil-allen-msft
dotnet/roslyn,82359,2026-02-11T01:52:49Z,davidwengier
dotnet/roslyn,82370,2026-02-11T22:11:24Z,CyrusNajmabadi
dotnet/roslyn,82371,2026-02-12T20:36:54Z,RikkiGibson
dotnet/roslyn,82375,2026-02-12T07:34:19Z,333fred
dotnet/roslyn,82382,2026-02-12T16:48:27Z,CyrusNajmabadi
dotnet/roslyn,82383,2026-02-12T23:13:08Z,jcouv
dotnet/roslyn,82395,2026-02-23T16:46:05Z,AlekseyTs
dotnet/roslyn,82401,2026-04-02T12:53:54Z,AlekseyTs
dotnet/roslyn,82404,2026-02-13T23:20:35Z,AlekseyTs
dotnet/roslyn,82407,2026-02-13T23:10:17Z,CyrusNajmabadi
dotnet/roslyn,82410,2026-02-19T00:45:19Z,RikkiGibson
dotnet/roslyn,82424,2026-02-18T10:03:15Z,jjonescz
dotnet/roslyn,82429,2026-02-17T18:29:36Z,AlekseyTs
dotnet/roslyn,82430,2026-03-18T18:55:28Z,jcouv
dotnet/roslyn,82432,2026-02-18T16:20:23Z,AlekseyTs
dotnet/roslyn,82446,2026-02-19T18:22:01Z,JoeRobich
dotnet/roslyn,82448,2026-02-19T00:16:56Z,RikkiGibson
dotnet/roslyn,82450,2026-02-19T05:28:51Z,333fred
dotnet/roslyn,82453,2026-02-20T18:47:07Z,AlekseyTs
dotnet/roslyn,82457,2026-02-19T13:28:33Z,davkean
dotnet/roslyn,82463,2026-02-20T16:33:12Z,AlekseyTs
dotnet/roslyn,82472,2026-02-23T20:51:47Z,AlekseyTs
dotnet/roslyn,82477,2026-02-20T14:57:57Z,AlekseyTs
dotnet/roslyn,82481,2026-02-20T23:09:31Z,AlekseyTs
dotnet/roslyn,82490,2026-02-23T19:36:29Z,jasonmalinowski
dotnet/roslyn,82500,2026-02-26T07:12:43Z,CyrusNajmabadi
dotnet/roslyn,82509,2026-03-13T23:35:31Z,dibarbet
dotnet/roslyn,82522,2026-02-24T21:53:06Z,CyrusNajmabadi
dotnet/roslyn,82525,2026-02-25T23:51:45Z,akhera99
dotnet/roslyn,82526,2026-02-25T07:19:56Z,CyrusNajmabadi
dotnet/roslyn,82527,2026-02-25T03:53:31Z,RikkiGibson
dotnet/roslyn,82543,2026-02-27T17:45:34Z,AlekseyTs
dotnet/roslyn,82559,2026-02-27T03:57:33Z,AlekseyTs
dotnet/roslyn,82574,2026-02-28T19:17:59Z,333fred
dotnet/roslyn,82575,2026-02-28T19:38:57Z,333fred
dotnet/roslyn,82577,2026-03-09T19:01:22Z,JoeRobich
dotnet/roslyn,82580,2026-03-02T22:31:34Z,jjonescz
dotnet/roslyn,82581,2026-03-17T00:47:15Z,phil-allen-msft
dotnet/roslyn,82582,2026-03-17T00:47:27Z,phil-allen-msft
dotnet/roslyn,82585,2026-03-03T08:19:48Z,CyrusNajmabadi
dotnet/roslyn,82588,2026-03-03T14:23:45Z,AlekseyTs
dotnet/roslyn,82591,2026-03-05T16:29:49Z,AlekseyTs
dotnet/roslyn,82604,2026-03-03T14:39:10Z,AlekseyTs
dotnet/roslyn,82611,2026-03-10T20:40:11Z,jasonmalinowski
dotnet/roslyn,82616,2026-03-11T00:58:48Z,jcouv
dotnet/roslyn,82624,2026-03-04T18:28:50Z,AlekseyTs
dotnet/roslyn,82629,2026-03-04T23:01:54Z,JoeRobich
dotnet/roslyn,82638,2026-03-05T16:34:28Z,jjonescz
dotnet/roslyn,82641,2026-03-05T21:27:14Z,jasonmalinowski
dotnet/roslyn,82651,2026-03-09T18:11:28Z,jcouv
dotnet/roslyn,82656,2026-03-08T08:01:25Z,jcouv
dotnet/roslyn,82659,2026-03-17T00:46:57Z,phil-allen-msft
dotnet/roslyn,82666,2026-03-13T07:39:49Z,CyrusNajmabadi
dotnet/roslyn,82667,2026-03-10T14:08:49Z,AlekseyTs
dotnet/roslyn,82682,2026-03-10T13:53:10Z,AlekseyTs
dotnet/roslyn,82684,2026-03-10T13:14:08Z,AlekseyTs
dotnet/roslyn,82706,2026-03-13T15:47:37Z,dibarbet
dotnet/roslyn,82708,2026-03-30T19:28:20Z,dibarbet
dotnet/roslyn,82711,2026-03-13T12:54:04Z,ToddGrun
dotnet/roslyn,82712,2026-03-12T16:12:44Z,AlekseyTs
dotnet/roslyn,82729,2026-03-16T05:30:25Z,AlekseyTs
dotnet/roslyn,82731,2026-03-13T20:40:42Z,jcouv
dotnet/roslyn,82733,2026-04-08T05:38:41Z,drewnoakes
dotnet/roslyn,82735,2026-03-13T16:29:32Z,jjonescz
dotnet/roslyn,82743,2026-03-13T15:39:28Z,CyrusNajmabadi
dotnet/roslyn,82747,2026-04-01T22:42:18Z,phil-allen-msft
dotnet/roslyn,82757,2026-03-17T20:27:08Z,AlekseyTs
dotnet/roslyn,82761,2026-04-08T17:53:52Z,akhera99
dotnet/roslyn,82767,2026-03-18T09:54:54Z,jjonescz
dotnet/roslyn,82768,2026-03-17T11:49:23Z,jjonescz
dotnet/roslyn,82776,2026-03-15T13:08:56Z,CyrusNajmabadi
dotnet/roslyn,82784,2026-04-08T13:09:58Z,AlekseyTs
dotnet/roslyn,82786,2026-03-16T19:42:36Z,jjonescz
dotnet/roslyn,82796,2026-03-16T20:12:17Z,JoeRobich
dotnet/roslyn,82797,2026-03-17T20:03:11Z,jaredpar
dotnet/roslyn,82809,2026-03-17T23:37:25Z,dibarbet
dotnet/roslyn,82813,2026-03-18T20:38:58Z,jcouv
dotnet/roslyn,82816,2026-03-18T22:10:46Z,ToddGrun
dotnet/roslyn,82820,2026-03-18T15:59:40Z,jjonescz
dotnet/roslyn,82821,2026-03-18T15:59:09Z,jjonescz
dotnet/roslyn,82836,2026-03-31T11:50:53Z,AlekseyTs
dotnet/roslyn,82837,2026-03-18T21:57:39Z,ToddGrun
dotnet/roslyn,82839,2026-03-19T03:47:54Z,RikkiGibson
dotnet/roslyn,82851,2026-03-20T16:13:19Z,jjonescz
dotnet/roslyn,82856,2026-03-20T22:04:31Z,JoeRobich
dotnet/roslyn,82862,2026-03-20T17:02:19Z,JoeRobich
dotnet/roslyn,82865,2026-04-10T12:48:25Z,qiulirui
dotnet/roslyn,82892,2026-04-07T12:13:02Z,jjonescz
dotnet/roslyn,82893,2026-03-23T02:32:21Z,jcouv
dotnet/roslyn,82894,2026-04-03T19:05:27Z,RikkiGibson
dotnet/roslyn,82895,2026-03-23T17:59:22Z,RikkiGibson
dotnet/roslyn,82906,2026-03-24T19:12:11Z,CyrusNajmabadi
dotnet/roslyn,82910,2026-03-24T16:32:05Z,jcouv
dotnet/roslyn,82916,2026-03-25T12:43:00Z,CyrusNajmabadi
dotnet/roslyn,82923,2026-03-31T18:37:05Z,beauvankirk
dotnet/roslyn,82927,2026-04-14T16:49:10Z,jcouv
dotnet/roslyn,82936,2026-03-25T17:33:56Z,tmat
dotnet/roslyn,82946,2026-03-26T15:06:05Z,CyrusNajmabadi
dotnet/roslyn,82950,2026-04-08T17:50:12Z,akhera99
dotnet/roslyn,82952,2026-03-27T09:10:05Z,jjonescz
dotnet/roslyn,82954,2026-04-08T17:49:13Z,akhera99
dotnet/roslyn,82955,2026-04-08T17:48:55Z,akhera99
dotnet/roslyn,82958,2026-04-01T10:16:44Z,jjonescz
dotnet/roslyn,82978,2026-03-31T13:59:33Z,CyrusNajmabadi
dotnet/roslyn,82989,2026-03-31T17:02:32Z,RikkiGibson
dotnet/roslyn,82996,2026-04-02T00:20:34Z,jasonmalinowski
dotnet/roslyn,83000,2026-04-01T16:19:45Z,ToddGrun
dotnet/roslyn,83037,2026-04-02T23:04:06Z,RikkiGibson
dotnet/roslyn,83040,2026-04-03T03:45:55Z,jaredpar
dotnet/roslyn,83041,2026-04-06T12:11:12Z,AlekseyTs
dotnet/roslyn,83044,2026-04-16T00:03:24Z,RikkiGibson
dotnet/roslyn,83058,2026-04-07T09:45:59Z,jjonescz
dotnet/roslyn,83059,2026-04-08T13:00:37Z,AlekseyTs
dotnet/roslyn,83063,2026-04-04T22:44:40Z,RikkiGibson
dotnet/roslyn,83085,2026-04-07T17:04:16Z,333fred
dotnet/roslyn,83087,2026-04-19T17:37:40Z,jcouv
dotnet/roslyn,83088,2026-04-24T18:36:25Z,333fred
dotnet/roslyn,83091,2026-04-08T12:40:20Z,AlekseyTs
dotnet/roslyn,83107,2026-04-10T19:20:48Z,JoeRobich
dotnet/roslyn,83108,2026-04-10T19:20:35Z,JoeRobich
dotnet/roslyn,83112,2026-04-09T19:08:53Z,333fred
dotnet/roslyn,83120,2026-04-27T16:42:42Z,AlekseyTs
dotnet/roslyn,83124,2026-04-15T04:14:52Z,AlekseyTs
dotnet/roslyn,83126,2026-04-10T19:21:06Z,JoeRobich
dotnet/roslyn,83138,2026-04-21T02:29:37Z,RikkiGibson
dotnet/roslyn,83146,2026-04-15T21:28:35Z,akhera99
dotnet/runtime,76017,2025-04-02T02:46:41Z,amanasifkhalid
dotnet/runtime,82765,2025-03-05T13:52:54Z,stephentoub
dotnet/runtime,92460,2025-03-22T23:53:55Z,jeffhandley
dotnet/runtime,95756,2025-05-29T13:15:32Z,stephentoub
dotnet/runtime,96711,2025-05-28T18:12:18Z,stephentoub
dotnet/runtime,97326,2025-07-04T06:31:04Z,risc-vv
dotnet/runtime,97402,2025-03-13T18:01:27Z,IDisposable
dotnet/runtime,97561,2025-03-04T21:12:34Z,steveharter
dotnet/runtime,98521,2025-05-31T07:20:33Z,jkotas
dotnet/runtime,99130,2025-03-28T18:36:58Z,JulieLeeMSFT
dotnet/runtime,99136,2025-03-28T18:33:32Z,JulieLeeMSFT
dotnet/runtime,99546,2025-06-03T00:39:00Z,AndyAyersMS
dotnet/runtime,99596,2025-03-02T15:51:16Z,tannergooding
dotnet/runtime,100590,2025-05-28T18:39:43Z,stephentoub
dotnet/runtime,100729,2025-07-18T04:13:23Z,tannergooding
dotnet/runtime,100787,2025-06-25T21:02:49Z,elinor-fung
dotnet/runtime,100817,2025-06-02T22:17:14Z,hoyosjs
dotnet/runtime,101024,2025-04-02T20:38:35Z,mangod9
dotnet/runtime,102838,2025-03-06T19:37:26Z,bartonjs
dotnet/runtime,103873,2025-06-09T15:11:45Z,jozkee
dotnet/runtime,104589,2025-03-23T16:28:02Z,jeffhandley
dotnet/runtime,104822,2025-03-23T21:36:44Z,jeffhandley
dotnet/runtime,105147,2025-06-02T13:10:49Z,stephentoub
dotnet/runtime,105403,2025-03-23T21:49:02Z,jeffhandley
dotnet/runtime,105517,2025-05-29T13:18:33Z,stephentoub
dotnet/runtime,105570,2025-03-23T17:11:30Z,jeffhandley
dotnet/runtime,106099,2025-07-24T19:14:11Z,EgorBo
dotnet/runtime,106374,2025-07-11T18:40:03Z,liveans
dotnet/runtime,106832,2025-06-10T17:47:42Z,sbomer
dotnet/runtime,106880,2025-05-29T02:28:41Z,stephentoub
dotnet/runtime,106925,2025-06-06T05:24:40Z,stephentoub
dotnet/runtime,107104,2025-06-03T19:27:37Z,bartonjs
dotnet/runtime,107230,2025-03-07T07:13:44Z,BrennanConroy
dotnet/runtime,107365,2025-03-04T09:22:35Z,tmds
dotnet/runtime,107369,2025-03-23T18:08:30Z,kasperk81
dotnet/runtime,107380,2025-05-29T13:20:25Z,stephentoub
dotnet/runtime,107961,2025-05-12T07:07:04Z,huoyaoyuan
dotnet/runtime,108028,2025-06-09T19:31:37Z,jozkee
dotnet/runtime,108080,2025-03-28T18:35:29Z,JulieLeeMSFT
dotnet/runtime,108083,2025-06-04T05:29:12Z,MichalStrehovsky
dotnet/runtime,108205,2025-06-02T13:19:41Z,stephentoub
dotnet/runtime,108340,2025-03-24T10:49:40Z,akoeplinger
dotnet/runtime,108365,2025-03-05T15:43:31Z,MihuBot
dotnet/runtime,108513,2025-04-14T23:45:51Z,bartonjs
dotnet/runtime,108569,2025-07-01T12:10:43Z,eiriktsarpalis
dotnet/runtime,108655,2025-07-21T18:11:21Z,mangod9
dotnet/runtime,108846,2025-02-28T17:59:05Z,jeffschwMSFT
dotnet/runtime,109114,2025-03-03T21:06:35Z,agocke
dotnet/runtime,109136,2025-03-04T13:47:25Z,EgorBo
dotnet/runtime,109138,2025-05-13T15:13:57Z,joshdean2000
dotnet/runtime,109222,2025-08-18T13:29:41Z,SamMonoRT
dotnet/runtime,109346,2025-03-19T20:05:22Z,amanasifkhalid
dotnet/runtime,109431,2025-04-24T19:06:44Z,mangod9
dotnet/runtime,109646,2025-04-02T18:25:33Z,carlossanlop
dotnet/runtime,109648,2025-04-02T18:24:32Z,carlossanlop
dotnet/runtime,109674,2025-03-10T17:22:23Z,carlossanlop
dotnet/runtime,110206,2025-03-04T13:39:26Z,EgorBo
dotnet/runtime,110267,2025-06-12T21:04:42Z,jkotas
dotnet/runtime,110416,2025-05-14T16:34:21Z,ericstj
dotnet/runtime,110432,2025-04-10T07:56:47Z,arrowd
dotnet/runtime,110455,2025-03-13T06:41:25Z,MichalStrehovsky
dotnet/runtime,110472,2025-03-20T15:15:27Z,kunalspathak
dotnet/runtime,110554,2025-03-11T13:49:47Z,tmds
dotnet/runtime,110677,2025-05-29T13:25:25Z,stephentoub
dotnet/runtime,110692,2025-08-15T15:50:09Z,mangod9
dotnet/runtime,110818,2025-04-04T15:32:47Z,javiercn
dotnet/runtime,110943,2025-02-28T08:07:38Z,pavelsavara
dotnet/runtime,110945,2025-03-10T15:46:21Z,ericstj
dotnet/runtime,111050,2025-04-14T14:59:42Z,jozkee
dotnet/runtime,111072,2025-04-01T22:21:23Z,BruceForstall
dotnet/runtime,111091,2025-06-02T13:22:26Z,stephentoub
dotnet/runtime,111170,2025-06-02T13:12:03Z,stephentoub
dotnet/runtime,111177,2025-03-04T19:35:03Z,jeffhandley
dotnet/runtime,111229,2025-06-03T15:41:41Z,PranavSenthilnathan
dotnet/runtime,111259,2025-02-26T17:54:14Z,badrishc
dotnet/runtime,111292,2025-03-10T14:05:01Z,teo-tsirpanis
dotnet/runtime,111335,2025-03-18T01:22:58Z,jkotas
dotnet/runtime,111349,2025-03-18T01:00:39Z,ericstj
dotnet/runtime,111392,2025-06-12T11:17:05Z,eiriktsarpalis
dotnet/runtime,111472,2025-03-17T20:58:49Z,BruceForstall
dotnet/runtime,111505,2025-02-28T15:38:25Z,tannergooding
dotnet/runtime,111543,2025-03-05T17:14:33Z,jakobbotsch
dotnet/runtime,111596,2025-03-25T15:44:09Z,MihaZupan
dotnet/runtime,111598,2025-07-27T04:21:33Z,lewing
dotnet/runtime,111610,2025-02-27T18:38:29Z,Sergio0694
dotnet/runtime,111626,2025-03-03T21:40:35Z,JulieLeeMSFT
dotnet/runtime,111636,2025-03-07T19:29:22Z,cshung
dotnet/runtime,111643,2025-03-01T04:25:03Z,MichalPetryka
dotnet/runtime,111644,2025-03-17T21:01:20Z,BruceForstall
dotnet/runtime,111664,2025-03-17T16:05:47Z,antonfirsov
dotnet/runtime,111666,2025-02-28T17:59:29Z,jeffschwMSFT
dotnet/runtime,111680,2025-02-27T08:58:59Z,pavelsavara
dotnet/runtime,111700,2025-03-13T12:14:05Z,MDThomsen
dotnet/runtime,111728,2025-03-17T16:56:29Z,ViktorHofer
dotnet/runtime,111771,2025-03-05T22:53:29Z,am11
dotnet/runtime,111778,2025-03-17T21:01:10Z,BruceForstall
dotnet/runtime,111798,2025-08-13T13:24:11Z,davidnguyen-tech
dotnet/runtime,111799,2025-03-24T15:57:07Z,bartonjs
dotnet/runtime,111820,2025-05-07T11:27:31Z,vcsjones
dotnet/runtime,111853,2025-03-11T12:17:11Z,EgorBo
dotnet/runtime,111864,2025-04-14T18:17:27Z,ViktorHofer
dotnet/runtime,111883,2025-03-04T21:51:26Z,poblahblahblah
dotnet/runtime,111933,2025-03-24T15:52:29Z,JulieLeeMSFT
dotnet/runtime,111990,2025-04-12T13:47:44Z,jkotas
dotnet/runtime,112008,2025-03-12T10:05:22Z,shnaz
dotnet/runtime,112024,2025-03-12T02:52:03Z,vcsjones
dotnet/runtime,112081,2025-03-24T16:56:08Z,amanasifkhalid
dotnet/runtime,112082,2025-03-03T19:51:54Z,JulieLeeMSFT
dotnet/runtime,112140,2025-03-05T18:36:35Z,ericstj
dotnet/runtime,112152,2025-03-19T08:00:53Z,ViktorHofer
dotnet/runtime,112162,2025-04-04T01:36:13Z,ericstj
dotnet/runtime,112171,2025-02-26T20:30:44Z,hamarb123
dotnet/runtime,112207,2025-03-08T00:16:47Z,joperezr
dotnet/runtime,112213,2025-03-13T05:56:41Z,MichalStrehovsky
dotnet/runtime,112216,2025-03-10T17:22:45Z,carlossanlop
dotnet/runtime,112232,2025-03-18T12:55:04Z,rzikm
dotnet/runtime,112318,2025-03-11T22:21:22Z,JulieLeeMSFT
dotnet/runtime,112323,2025-04-08T03:25:11Z,AaronRobinsonMSFT
dotnet/runtime,112353,2025-04-03T00:59:00Z,AndyAyersMS
dotnet/runtime,112394,2025-03-10T18:18:34Z,carlossanlop
dotnet/runtime,112399,2025-02-28T18:01:20Z,filipnavara
dotnet/runtime,112406,2025-02-27T08:41:17Z,jakobbotsch
dotnet/runtime,112457,2025-03-05T06:23:43Z,MichalStrehovsky
dotnet/runtime,112460,2025-03-04T19:48:47Z,filipnavara
dotnet/runtime,112468,2025-03-10T18:17:39Z,carlossanlop
dotnet/runtime,112479,2025-03-17T20:31:40Z,JulieLeeMSFT
dotnet/runtime,112503,2025-03-10T17:56:32Z,carlossanlop
dotnet/runtime,112509,2025-05-19T22:34:16Z,richlander
dotnet/runtime,112514,2025-03-10T18:16:50Z,carlossanlop
dotnet/runtime,112515,2025-03-10T18:16:18Z,carlossanlop
dotnet/runtime,112522,2025-02-26T19:13:16Z,lewing
dotnet/runtime,112530,2025-02-27T19:36:49Z,ericstj
dotnet/runtime,112531,2025-02-26T19:33:42Z,ericstj
dotnet/runtime,112535,2025-03-03T19:45:01Z,tannergooding
dotnet/runtime,112542,2025-03-25T20:19:17Z,hoyosjs
dotnet/runtime,112548,2025-03-19T01:33:47Z,am11
dotnet/runtime,112549,2025-02-28T18:01:29Z,jeffschwMSFT
dotnet/runtime,112551,2025-03-10T17:58:52Z,carlossanlop
dotnet/runtime,112552,2025-03-10T18:14:09Z,carlossanlop
dotnet/runtime,112556,2025-03-11T22:22:09Z,JulieLeeMSFT
dotnet/runtime,112569,2025-04-04T01:40:22Z,ericstj
dotnet/runtime,112610,2025-05-30T22:58:10Z,AndyAyersMS
dotnet/runtime,112611,2025-03-04T13:36:06Z,EgorBo
dotnet/runtime,112616,2025-02-27T16:43:29Z,EgorBo
dotnet/runtime,112647,2025-02-27T01:33:08Z,agocke
dotnet/runtime,112670,2025-06-02T20:07:24Z,agocke
dotnet/runtime,112693,2025-03-04T08:29:41Z,jakobbotsch
dotnet/runtime,112697,2025-03-03T09:41:17Z,risc-vv
dotnet/runtime,112704,2025-03-19T16:54:18Z,kunalspathak
dotnet/runtime,112730,2025-02-27T18:44:08Z,am11
dotnet/runtime,112736,2025-02-26T03:26:03Z,risc-vv
dotnet/runtime,112750,2025-04-18T21:40:45Z,BruceForstall
dotnet/runtime,112790,2025-02-28T18:00:11Z,jeffschwMSFT
dotnet/runtime,112809,2025-02-27T08:41:47Z,u-less
dotnet/runtime,112815,2025-02-27T00:26:52Z,IDisposable
dotnet/runtime,112825,2025-02-26T18:12:13Z,AaronRobinsonMSFT
dotnet/runtime,112826,2025-02-26T04:57:06Z,jkotas
dotnet/runtime,112831,2025-03-02T19:44:09Z,tarekgh
dotnet/runtime,112835,2025-03-10T18:07:25Z,carlossanlop
dotnet/runtime,112836,2025-03-10T18:06:34Z,carlossanlop
dotnet/runtime,112849,2025-02-27T04:59:40Z,stephentoub
dotnet/runtime,112859,2025-04-02T10:02:34Z,maraf
dotnet/runtime,112861,2025-03-10T17:23:03Z,carlossanlop
dotnet/runtime,112863,2025-03-04T18:03:44Z,kunalspathak
dotnet/runtime,112864,2025-02-28T02:22:25Z,tannergooding
dotnet/runtime,112876,2025-04-11T05:37:01Z,tecel007
dotnet/runtime,112878,2025-02-27T17:21:07Z,tannergooding
dotnet/runtime,112881,2025-03-04T14:00:20Z,antonfirsov
dotnet/runtime,112882,2025-03-04T14:00:15Z,antonfirsov
dotnet/runtime,112884,2025-02-26T12:41:26Z,EgorBo
dotnet/runtime,112885,2025-04-23T16:59:22Z,akoeplinger
dotnet/runtime,112902,2025-02-26T18:31:12Z,DrewScoggins
dotnet/runtime,112905,2025-04-26T23:22:59Z,jkotas
dotnet/runtime,112917,2025-02-26T09:49:20Z,jakobbotsch
dotnet/runtime,112918,2025-03-19T00:13:15Z,VSadov
dotnet/runtime,112921,2025-04-04T01:32:19Z,ericstj
dotnet/runtime,112924,2025-06-25T17:33:21Z,eiriktsarpalis
dotnet/runtime,112930,2025-02-26T17:01:36Z,ericstj
dotnet/runtime,112933,2025-02-26T02:16:33Z,ghost
dotnet/runtime,112937,2025-03-27T20:50:48Z,lewing
dotnet/runtime,112938,2025-02-28T13:03:11Z,ivanpovazan
dotnet/runtime,112945,2025-03-03T18:44:11Z,kunalspathak
dotnet/runtime,112951,2025-02-26T14:38:23Z,ghost
dotnet/runtime,112955,2025-02-26T17:48:58Z,akoeplinger
dotnet/runtime,112957,2025-03-10T08:26:37Z,theolivenbaum
dotnet/runtime,112964,2025-02-26T18:44:26Z,stephentoub
dotnet/runtime,112976,2025-03-02T11:03:59Z,akoeplinger
dotnet/runtime,112977,2025-02-27T05:45:58Z,jkotas
dotnet/runtime,112978,2025-02-27T05:45:56Z,risc-vv
dotnet/runtime,112981,2025-03-02T14:36:52Z,akoeplinger
dotnet/runtime,112985,2025-02-27T16:14:19Z,max-charlamb
dotnet/runtime,112986,2025-03-04T05:06:54Z,jkotas
dotnet/runtime,112991,2025-02-27T18:31:07Z,tannergooding
dotnet/runtime,112992,2025-02-27T18:31:11Z,tannergooding
dotnet/runtime,112995,2025-02-27T19:44:22Z,am11
dotnet/runtime,112996,2025-02-27T20:44:58Z,ericstj
dotnet/runtime,112998,2025-02-27T20:51:05Z,EgorBo
dotnet/runtime,112999,2025-02-27T22:35:05Z,steveisok
dotnet/runtime,113003,2025-02-27T23:22:44Z,ghost
dotnet/runtime,113008,2025-02-28T08:16:24Z,maraf
dotnet/runtime,113011,2025-02-28T11:31:12Z,risc-vv
dotnet/runtime,113015,2025-02-28T16:13:30Z,EgorBo
dotnet/runtime,113017,2025-02-28T15:48:26Z,jkotas
dotnet/runtime,113021,2025-02-28T17:24:03Z,ghost
dotnet/runtime,113023,2025-03-01T16:45:18Z,MichalPetryka
dotnet/runtime,113027,2025-03-04T16:57:35Z,carlossanlop
dotnet/runtime,113028,2025-03-01T03:25:57Z,stephentoub
dotnet/runtime,113032,2025-03-01T23:39:33Z,am11
dotnet/runtime,113034,2025-03-01T19:08:22Z,ghost
dotnet/runtime,113035,2025-03-03T16:12:58Z,tannergooding
dotnet/runtime,113037,2025-03-02T04:39:38Z,EgorBo
dotnet/runtime,113041,2025-03-02T11:51:31Z,am11
dotnet/runtime,113046,2025-03-07T01:46:28Z,srxqds
dotnet/runtime,113048,2025-03-03T03:37:27Z,jkotas
dotnet/runtime,113055,2025-03-10T17:18:15Z,carlossanlop
dotnet/runtime,113078,2025-03-03T22:01:49Z,VSadov
dotnet/runtime,113082,2025-03-03T23:19:23Z,VSadov
dotnet/runtime,113084,2025-03-03T15:47:23Z,akoeplinger
dotnet/runtime,113087,2025-03-03T18:06:26Z,ghost
dotnet/runtime,113093,2025-03-03T23:37:21Z,AndyAyersMS
dotnet/runtime,113094,2025-03-03T21:24:02Z,stephentoub
dotnet/runtime,113095,2025-03-04T08:08:11Z,kotlarmilos
dotnet/runtime,113110,2025-03-04T05:20:09Z,EgorBo
dotnet/runtime,113111,2025-04-18T22:40:25Z,akoeplinger
dotnet/runtime,113112,2025-03-06T00:24:10Z,lewing
dotnet/runtime,113113,2025-03-05T10:09:55Z,a74nh
dotnet/runtime,113125,2025-03-04T14:06:14Z,risc-vv
dotnet/runtime,113128,2025-03-05T18:11:01Z,kunalspathak
dotnet/runtime,113139,2025-03-04T22:44:07Z,MichalStrehovsky
dotnet/runtime,113140,2025-03-20T02:15:56Z,srxqds
dotnet/runtime,113141,2025-03-04T22:47:03Z,jakobbotsch
dotnet/runtime,113146,2025-03-05T00:56:03Z,ghost
dotnet/runtime,113160,2025-03-05T14:03:29Z,filipnavara
dotnet/runtime,113161,2025-03-05T15:01:08Z,risc-vv
dotnet/runtime,113165,2025-03-05T17:35:30Z,EgorBo
dotnet/runtime,113167,2025-03-05T19:45:18Z,carlossanlop
dotnet/runtime,113171,2025-03-05T22:42:08Z,MichalStrehovsky
dotnet/runtime,113175,2025-03-06T01:48:36Z,akoeplinger
dotnet/runtime,113176,2025-04-17T13:25:26Z,am11
dotnet/runtime,113178,2025-03-05T23:14:13Z,neon-sunset
dotnet/runtime,113181,2025-03-06T09:23:40Z,ViktorHofer
dotnet/runtime,113184,2025-03-06T00:09:08Z,ghost
dotnet/runtime,113185,2025-03-06T21:26:22Z,sbomer
dotnet/runtime,113190,2025-03-26T10:45:22Z,akoeplinger
dotnet/runtime,113191,2025-04-16T11:55:31Z,akoeplinger
dotnet/runtime,113192,2025-03-06T10:44:22Z,EgorBo
dotnet/runtime,113194,2025-03-10T22:44:35Z,jkotas
dotnet/runtime,113205,2025-03-07T08:54:12Z,ManickaP
dotnet/runtime,113211,2025-03-06T15:42:08Z,jkoritzinsky
dotnet/runtime,113212,2025-03-06T14:09:39Z,lewing
dotnet/runtime,113214,2025-03-06T12:40:52Z,EgorBo
dotnet/runtime,113218,2025-03-06T16:21:38Z,filipnavara
dotnet/runtime,113225,2025-03-07T17:31:53Z,carlossanlop
dotnet/runtime,113226,2025-03-07T17:32:27Z,carlossanlop
dotnet/runtime,113230,2025-03-10T17:26:00Z,carlossanlop
dotnet/runtime,113232,2025-03-10T18:29:07Z,rhuijben
dotnet/runtime,113233,2025-03-07T14:41:24Z,MihaZupan
dotnet/runtime,113234,2025-03-07T10:48:33Z,kotlarmilos
dotnet/runtime,113237,2025-03-18T00:13:28Z,BruceForstall
dotnet/runtime,113246,2025-03-07T08:18:19Z,eiriktsarpalis
dotnet/runtime,113248,2025-03-07T12:08:13Z,am11
dotnet/runtime,113250,2025-03-07T08:31:15Z,risc-vv
dotnet/runtime,113256,2025-03-07T16:50:32Z,EgorBo
dotnet/runtime,113257,2025-03-21T13:36:49Z,max-charlamb
dotnet/runtime,113258,2025-03-07T15:51:17Z,ghost
dotnet/runtime,113260,2025-03-07T16:08:23Z,gbalykov
dotnet/runtime,113261,2025-03-07T17:04:06Z,pavelsavara
dotnet/runtime,113263,2025-03-10T17:49:45Z,carlossanlop
dotnet/runtime,113264,2025-03-10T18:04:50Z,carlossanlop
dotnet/runtime,113266,2025-03-10T08:42:24Z,MichalStrehovsky
dotnet/runtime,113267,2025-03-07T18:25:18Z,huoyaoyuan
dotnet/runtime,113271,2025-03-07T20:29:57Z,hectorm-bmg
dotnet/runtime,113274,2025-03-10T09:05:38Z,kotlarmilos
dotnet/runtime,113277,2025-03-07T21:26:46Z,am11
dotnet/runtime,113279,2025-03-07T22:14:53Z,am11
dotnet/runtime,113284,2025-03-08T15:46:08Z,pavelsavara
dotnet/runtime,113286,2025-03-24T22:02:10Z,am11
dotnet/runtime,113287,2025-03-10T09:08:26Z,kotlarmilos
dotnet/runtime,113288,2025-03-12T11:00:58Z,vitek-karas
dotnet/runtime,113292,2025-03-17T20:39:32Z,janvorli
dotnet/runtime,113293,2025-03-09T22:20:05Z,EgorBo
dotnet/runtime,113297,2025-03-11T08:49:33Z,ilonatommy
dotnet/runtime,113299,2025-07-01T12:11:40Z,eiriktsarpalis
dotnet/runtime,113304,2025-03-10T15:12:26Z,jakobbotsch
dotnet/runtime,113305,2025-03-10T07:11:23Z,ViktorHofer
dotnet/runtime,113306,2025-03-12T21:22:06Z,carlossanlop
dotnet/runtime,113316,2025-03-10T17:20:53Z,carlossanlop
dotnet/runtime,113323,2025-03-10T17:28:17Z,jkotas
dotnet/runtime,113336,2025-03-10T19:21:35Z,carlossanlop
dotnet/runtime,113343,2025-03-13T21:22:51Z,KalleOlaviNiemitalo
dotnet/runtime,113347,2025-03-10T22:31:53Z,jkotas
dotnet/runtime,113348,2025-03-10T23:16:24Z,ghost
dotnet/runtime,113349,2025-03-10T23:21:09Z,ghost
dotnet/runtime,113350,2025-03-10T23:40:08Z,ghost
dotnet/runtime,113351,2025-03-11T07:54:37Z,jakobbotsch
dotnet/runtime,113359,2025-03-18T14:11:54Z,karelz
dotnet/runtime,113360,2025-03-12T18:17:15Z,jakobbotsch
dotnet/runtime,113364,2025-03-11T07:54:10Z,huoyaoyuan
dotnet/runtime,113366,2025-03-11T09:10:58Z,risc-vv
dotnet/runtime,113375,2025-03-11T14:39:36Z,ghost
dotnet/runtime,113376,2025-03-24T16:36:44Z,jakobbotsch
dotnet/runtime,113381,2025-03-11T22:56:19Z,carlossanlop
dotnet/runtime,113384,2025-03-11T18:37:49Z,carlossanlop
dotnet/runtime,113385,2025-03-11T19:22:06Z,ericstj
dotnet/runtime,113399,2025-03-12T18:05:16Z,vcsjones
dotnet/runtime,113401,2025-03-11T23:38:35Z,ghost
dotnet/runtime,113402,2025-03-12T12:31:33Z,steveisok
dotnet/runtime,113403,2025-03-12T00:37:51Z,ghost
dotnet/runtime,113404,2025-03-13T13:29:03Z,ilonatommy
dotnet/runtime,113405,2025-03-14T01:58:54Z,tarekgh
dotnet/runtime,113407,2025-04-08T04:41:23Z,jkotas
dotnet/runtime,113413,2025-03-13T18:34:30Z,jkotas
dotnet/runtime,113414,2025-03-12T15:33:32Z,filipnavara
dotnet/runtime,113416,2025-03-12T17:40:58Z,jkotas
dotnet/runtime,113418,2025-03-12T17:06:57Z,AndyAyersMS
dotnet/runtime,113420,2025-03-12T16:02:25Z,ghost
dotnet/runtime,113425,2025-03-16T04:58:08Z,kasperk81
dotnet/runtime,113426,2025-03-12T17:48:18Z,ghost
dotnet/runtime,113434,2025-03-12T18:22:52Z,jkotas
dotnet/runtime,113435,2025-05-29T02:48:47Z,stephentoub
dotnet/runtime,113437,2025-03-12T22:04:24Z,MichalStrehovsky
dotnet/runtime,113442,2025-03-13T19:58:55Z,steveharter
dotnet/runtime,113446,2025-03-12T22:46:41Z,carlossanlop
dotnet/runtime,113447,2025-03-12T22:46:32Z,carlossanlop
dotnet/runtime,113448,2025-04-02T17:43:19Z,carlossanlop
dotnet/runtime,113449,2025-04-02T18:27:04Z,carlossanlop
dotnet/runtime,113453,2025-03-13T00:26:44Z,stephentoub
dotnet/runtime,113460,2025-04-02T18:02:52Z,carlossanlop
dotnet/runtime,113461,2025-04-02T18:04:17Z,carlossanlop
dotnet/runtime,113463,2025-03-13T23:27:23Z,hoyosjs
dotnet/runtime,113464,2025-03-13T08:41:59Z,pavelsavara
dotnet/runtime,113466,2025-03-13T15:29:24Z,matouskozak
dotnet/runtime,113475,2025-04-03T16:56:05Z,carlossanlop
dotnet/runtime,113476,2025-03-13T16:12:41Z,antonfirsov
dotnet/runtime,113481,2025-03-13T21:27:56Z,carlossanlop
dotnet/runtime,113483,2025-03-13T21:27:26Z,carlossanlop
dotnet/runtime,113489,2025-03-14T05:01:12Z,mangod9
dotnet/runtime,113496,2025-04-03T01:57:44Z,AndyAyersMS
dotnet/runtime,113500,2025-03-19T16:52:47Z,kg
dotnet/runtime,113503,2025-03-19T17:08:36Z,eiriktsarpalis
dotnet/runtime,113504,2025-03-14T05:04:58Z,carlossanlop
dotnet/runtime,113507,2025-03-18T15:34:36Z,tarekgh
dotnet/runtime,113512,2025-03-14T17:27:54Z,am11
dotnet/runtime,113515,2025-04-03T17:01:45Z,carlossanlop
dotnet/runtime,113517,2025-04-03T17:02:16Z,carlossanlop
dotnet/runtime,113523,2025-03-26T15:40:40Z,jakobbotsch
dotnet/runtime,113524,2025-03-14T10:16:43Z,ghost
dotnet/runtime,113528,2025-03-14T13:05:37Z,filipnavara
dotnet/runtime,113529,2025-03-14T17:10:16Z,AaronRobinsonMSFT
dotnet/runtime,113540,2025-03-15T03:12:49Z,stephentoub
dotnet/runtime,113541,2025-03-15T10:23:51Z,pavelsavara
dotnet/runtime,113550,2025-05-29T02:44:32Z,stephentoub
dotnet/runtime,113551,2025-03-14T23:16:57Z,hoyosjs
dotnet/runtime,113554,2025-03-14T21:16:39Z,noahfalk
dotnet/runtime,113558,2025-03-15T00:53:11Z,AndyAyersMS
dotnet/runtime,113561,2025-04-02T18:07:51Z,carlossanlop
dotnet/runtime,113564,2025-03-17T05:17:38Z,jkotas
dotnet/runtime,113572,2025-03-15T23:32:50Z,jkotas
dotnet/runtime,113575,2025-03-17T09:37:29Z,bencyoung-Fignum
dotnet/runtime,113576,2025-05-15T20:38:53Z,jkotas
dotnet/runtime,113578,2025-03-18T15:58:10Z,filipnavara
dotnet/runtime,113579,2025-03-16T16:25:46Z,AndyAyersMS
dotnet/runtime,113587,2025-03-26T02:01:57Z,stephentoub
dotnet/runtime,113592,2025-03-26T10:49:07Z,akoeplinger
dotnet/runtime,113594,2025-03-24T21:35:48Z,carlossanlop
dotnet/runtime,113595,2025-04-02T18:10:48Z,carlossanlop
dotnet/runtime,113596,2025-04-03T17:02:32Z,carlossanlop
dotnet/runtime,113598,2025-03-17T11:56:08Z,am11
dotnet/runtime,113603,2025-03-18T04:06:01Z,jkotas
dotnet/runtime,113615,2025-03-17T19:22:52Z,jakobbotsch
dotnet/runtime,113618,2025-03-17T17:35:01Z,carlossanlop
dotnet/runtime,113620,2025-03-17T20:03:40Z,jkotas
dotnet/runtime,113627,2025-03-22T16:00:49Z,steveisok
dotnet/runtime,113633,2025-03-18T01:31:09Z,am11
dotnet/runtime,113648,2025-03-18T13:00:05Z,rzikm
dotnet/runtime,113649,2025-03-18T13:00:55Z,rzikm
dotnet/runtime,113653,2025-03-18T17:13:36Z,carlossanlop
dotnet/runtime,113656,2025-03-18T16:43:41Z,EgorBo
dotnet/runtime,113659,2025-03-19T03:33:28Z,jkotas
dotnet/runtime,113662,2025-03-18T23:47:02Z,carlossanlop
dotnet/runtime,113666,2025-03-21T18:23:59Z,AaronRobinsonMSFT
dotnet/runtime,113673,2025-03-18T21:35:22Z,ghost
dotnet/runtime,113675,2025-03-19T05:01:32Z,huoyaoyuan
dotnet/runtime,113676,2025-03-19T00:35:58Z,risc-vv
dotnet/runtime,113678,2025-03-19T05:01:10Z,risc-vv
dotnet/runtime,113679,2025-03-19T07:14:35Z,huoyaoyuan
dotnet/runtime,113682,2025-03-19T10:53:53Z,ghost
dotnet/runtime,113688,2025-07-04T08:11:18Z,risc-vv
dotnet/runtime,113689,2025-03-19T13:06:17Z,risc-vv
dotnet/runtime,113697,2025-03-19T16:26:59Z,ghost
dotnet/runtime,113699,2025-03-21T18:23:57Z,BrennanConroy
dotnet/runtime,113700,2025-03-19T17:45:18Z,AndyAyersMS
dotnet/runtime,113703,2025-03-19T23:16:22Z,Maoni0
dotnet/runtime,113704,2025-03-20T07:20:34Z,jkotas
dotnet/runtime,113706,2025-03-20T03:22:43Z,jkotas
dotnet/runtime,113709,2025-03-20T15:38:48Z,EgorBo
dotnet/runtime,113711,2025-03-20T04:40:59Z,hez2010
dotnet/runtime,113713,2025-03-26T23:30:12Z,BruceForstall
dotnet/runtime,113715,2025-03-20T05:04:14Z,jkotas
dotnet/runtime,113719,2025-03-20T01:13:27Z,ghost
dotnet/runtime,113720,2025-03-20T08:10:14Z,ManickaP
dotnet/runtime,113721,2025-03-20T04:04:09Z,jkotas
dotnet/runtime,113728,2025-03-20T13:49:08Z,MihaZupan
dotnet/runtime,113738,2025-03-20T19:19:38Z,akoeplinger
dotnet/runtime,113746,2025-03-20T22:06:38Z,agocke
dotnet/runtime,113761,2025-03-21T14:48:34Z,SingleAccretion
dotnet/runtime,113764,2025-03-21T15:49:33Z,ghost
dotnet/runtime,113765,2025-03-24T08:01:11Z,tmds
dotnet/runtime,113766,2025-03-21T17:49:42Z,ghost
dotnet/runtime,113769,2025-03-21T19:12:03Z,kg
dotnet/runtime,113771,2025-03-21T20:31:08Z,ghost
dotnet/runtime,113772,2025-03-21T21:34:15Z,EgorBo
dotnet/runtime,113775,2025-03-24T18:04:46Z,steveharter
dotnet/runtime,113776,2025-03-24T17:12:28Z,akoeplinger
dotnet/runtime,113790,2025-03-25T17:05:57Z,xtqqczze
dotnet/runtime,113791,2025-03-23T22:07:19Z,jkotas
dotnet/runtime,113792,2025-03-24T14:54:18Z,EgorBo
dotnet/runtime,113793,2025-03-22T23:09:55Z,jakobbotsch
dotnet/runtime,113801,2025-03-23T01:57:31Z,jeffhandley
dotnet/runtime,113803,2025-03-23T15:48:26Z,jkotas
dotnet/runtime,113804,2025-03-23T05:03:40Z,AaronRobinsonMSFT
dotnet/runtime,113820,2025-03-24T21:36:17Z,carlossanlop
dotnet/runtime,113821,2025-04-02T18:13:52Z,carlossanlop
dotnet/runtime,113822,2025-04-03T17:02:50Z,carlossanlop
dotnet/runtime,113824,2025-03-24T14:54:24Z,EgorBo
dotnet/runtime,113828,2025-03-26T05:58:34Z,jkotas
dotnet/runtime,113835,2025-03-28T18:29:25Z,JulieLeeMSFT
dotnet/runtime,113843,2025-03-24T15:34:25Z,anthonycanino
dotnet/runtime,113845,2025-03-24T19:28:24Z,jakobbotsch
dotnet/runtime,113846,2025-03-24T16:43:38Z,ghost
dotnet/runtime,113849,2025-03-24T18:53:01Z,jkotas
dotnet/runtime,113852,2025-03-31T17:18:38Z,jkotas
dotnet/runtime,113854,2025-03-27T00:26:28Z,BruceForstall
dotnet/runtime,113856,2025-03-25T18:25:26Z,jkotas
dotnet/runtime,113859,2025-03-26T10:55:19Z,ViktorHofer
dotnet/runtime,113864,2025-03-27T15:35:05Z,EgorBo
dotnet/runtime,113872,2025-03-26T02:59:41Z,jkotas
dotnet/runtime,113873,2025-03-25T15:45:41Z,jkotas
dotnet/runtime,113876,2025-03-25T13:59:49Z,jkotas
dotnet/runtime,113879,2025-03-25T14:41:57Z,AndyAyersMS
dotnet/runtime,113882,2025-03-25T15:43:58Z,jkotas
dotnet/runtime,113888,2025-03-25T21:07:49Z,jkotas
dotnet/runtime,113892,2025-04-02T18:26:12Z,carlossanlop
dotnet/runtime,113893,2025-04-02T18:26:18Z,carlossanlop
dotnet/runtime,113896,2025-03-27T17:34:59Z,AndyAyersMS
dotnet/runtime,113897,2025-03-26T10:23:42Z,akoeplinger
dotnet/runtime,113898,2025-04-01T17:19:48Z,BruceForstall
dotnet/runtime,113903,2025-03-26T17:25:08Z,BruceForstall
dotnet/runtime,113905,2025-03-26T05:01:21Z,noahfalk
dotnet/runtime,113907,2025-04-11T16:05:14Z,AustinWise
dotnet/runtime,113908,2025-03-26T00:51:32Z,ghost
dotnet/runtime,113914,2025-03-26T16:22:07Z,kunalspathak
dotnet/runtime,113916,2025-04-01T19:12:34Z,janvorli
dotnet/runtime,113924,2025-04-01T15:04:39Z,tommcdon
dotnet/runtime,113927,2025-03-27T16:00:26Z,tarekgh
dotnet/runtime,113929,2025-06-03T01:38:34Z,stephentoub
dotnet/runtime,113930,2025-04-28T18:45:29Z,tannergooding
dotnet/runtime,113935,2025-06-09T14:32:55Z,am11
dotnet/runtime,113942,2025-03-26T19:36:54Z,jakobbotsch
dotnet/runtime,113944,2025-03-26T20:50:12Z,ghost
dotnet/runtime,113948,2025-04-07T15:53:29Z,janvorli
dotnet/runtime,113953,2025-03-27T16:38:33Z,kg
dotnet/runtime,113954,2025-03-26T23:57:54Z,ghost
dotnet/runtime,113956,2025-06-10T23:41:39Z,tannergooding
dotnet/runtime,113957,2025-03-27T09:12:15Z,akoeplinger
dotnet/runtime,113961,2025-03-27T08:21:01Z,risc-vv
dotnet/runtime,113963,2025-03-27T13:16:36Z,ghost
dotnet/runtime,113965,2025-03-27T14:00:31Z,tmds
dotnet/runtime,113969,2025-03-27T21:57:08Z,akoeplinger
dotnet/runtime,113972,2025-03-27T17:23:50Z,am11
dotnet/runtime,113976,2025-03-27T16:55:08Z,ghost
dotnet/runtime,113977,2025-04-03T11:16:23Z,jakobbotsch
dotnet/runtime,113988,2025-04-21T16:27:58Z,BruceForstall
dotnet/runtime,113989,2025-03-28T17:39:49Z,davidwrighton
dotnet/runtime,113991,2025-03-28T04:55:49Z,jkotas
dotnet/runtime,113993,2025-03-28T00:55:48Z,ghost
dotnet/runtime,113994,2025-03-28T18:31:54Z,JulieLeeMSFT
dotnet/runtime,113995,2025-03-29T04:31:06Z,lewing
dotnet/runtime,113996,2025-03-28T03:03:39Z,huoyaoyuan
dotnet/runtime,113999,2025-03-28T07:36:04Z,risc-vv
dotnet/runtime,114001,2025-03-28T09:06:14Z,ghost
dotnet/runtime,114002,2025-04-18T22:03:13Z,stephentoub
dotnet/runtime,114003,2025-03-28T09:46:08Z,risc-vv
dotnet/runtime,114008,2025-03-28T15:03:39Z,steveharter
dotnet/runtime,114016,2025-03-28T17:36:11Z,AndyAyersMS
dotnet/runtime,114018,2025-04-01T20:26:42Z,filipnavara
dotnet/runtime,114027,2025-04-02T17:50:54Z,jkoritzinsky
dotnet/runtime,114028,2025-03-28T22:49:45Z,ghost
dotnet/runtime,114029,2025-03-31T17:58:48Z,steveisok
dotnet/runtime,114032,2025-04-02T18:23:27Z,carlossanlop
dotnet/runtime,114037,2025-03-29T19:20:29Z,jkotas
dotnet/runtime,114040,2025-04-02T17:01:28Z,tannergooding
dotnet/runtime,114046,2025-04-03T15:24:06Z,akoeplinger
dotnet/runtime,114049,2025-04-02T15:23:32Z,janvorli
dotnet/runtime,114056,2025-04-16T12:01:16Z,akoeplinger
dotnet/runtime,114057,2025-04-08T20:00:46Z,matouskozak
dotnet/runtime,114058,2025-04-02T15:46:56Z,jkoritzinsky
dotnet/runtime,114060,2025-03-31T06:21:07Z,ghost
dotnet/runtime,114062,2025-03-31T06:56:12Z,risc-vv
dotnet/runtime,114067,2025-03-31T14:35:47Z,jkotas
dotnet/runtime,114077,2025-04-02T18:26:31Z,carlossanlop
dotnet/runtime,114078,2025-04-02T18:23:21Z,carlossanlop
dotnet/runtime,114080,2025-04-08T23:18:02Z,lewing
dotnet/runtime,114082,2025-03-31T20:17:44Z,ghost
dotnet/runtime,114083,2025-04-24T10:48:34Z,ManickaP
dotnet/runtime,114086,2025-03-31T21:41:23Z,ghost
dotnet/runtime,114098,2025-04-01T14:33:29Z,ManickaP
dotnet/runtime,114100,2025-04-01T15:45:17Z,wfurt
dotnet/runtime,114105,2025-04-02T13:16:31Z,janvorli
dotnet/runtime,114108,2025-04-01T15:46:27Z,ghost
dotnet/runtime,114117,2025-04-02T19:18:37Z,GerardSmit
dotnet/runtime,114119,2025-04-02T18:26:38Z,carlossanlop
dotnet/runtime,114120,2025-04-03T16:46:40Z,tommcdon
dotnet/runtime,114121,2025-04-01T22:02:16Z,janvorli
dotnet/runtime,114125,2025-04-01T22:21:16Z,EgorBo
dotnet/runtime,114126,2025-04-01T22:30:02Z,ghost
dotnet/runtime,114136,2025-04-02T04:11:08Z,risc-vv
dotnet/runtime,114139,2025-04-03T17:52:34Z,janvorli
dotnet/runtime,114142,2025-04-02T13:36:36Z,jkotas
dotnet/runtime,114146,2025-04-02T12:52:02Z,janvorli
dotnet/runtime,114148,2025-04-28T11:34:17Z,am11
dotnet/runtime,114150,2025-04-02T13:11:15Z,risc-vv
dotnet/runtime,114155,2025-04-02T14:43:32Z,ghost
dotnet/runtime,114157,2025-04-03T05:16:01Z,jkotas
dotnet/runtime,114161,2025-04-03T17:03:25Z,carlossanlop
dotnet/runtime,114162,2025-04-02T22:49:47Z,carlossanlop
dotnet/runtime,114163,2025-04-03T22:19:44Z,vcsjones
dotnet/runtime,114165,2025-04-02T19:23:41Z,steveisok
dotnet/runtime,114169,2025-04-02T19:50:33Z,tarekgh
dotnet/runtime,114170,2025-04-03T17:55:01Z,jkotas
dotnet/runtime,114171,2025-04-02T21:17:35Z,filipnavara
dotnet/runtime,114173,2025-04-03T17:08:13Z,ericstj
dotnet/runtime,114174,2025-04-02T22:15:24Z,tarekgh
dotnet/runtime,114184,2025-04-02T23:46:50Z,ghost
dotnet/runtime,114185,2025-04-03T17:11:51Z,carlossanlop
dotnet/runtime,114187,2025-05-12T20:57:19Z,jkoritzinsky
dotnet/runtime,114190,2025-04-03T00:47:27Z,jkotas
dotnet/runtime,114191,2025-04-03T16:35:01Z,tannergooding
dotnet/runtime,114192,2025-04-03T01:45:53Z,ghost
dotnet/runtime,114194,2025-04-03T08:31:16Z,lilinus
dotnet/runtime,114195,2025-04-03T17:09:15Z,carlossanlop
dotnet/runtime,114200,2025-04-04T07:19:21Z,lilinus
dotnet/runtime,114207,2025-04-03T12:56:16Z,rzikm
dotnet/runtime,114214,2025-04-03T15:33:35Z,jkotas
dotnet/runtime,114223,2025-04-07T17:52:48Z,carlossanlop
dotnet/runtime,114227,2025-04-03T18:54:48Z,jkotas
dotnet/runtime,114228,2025-04-04T17:25:38Z,jkotas
dotnet/runtime,114237,2025-07-01T13:38:50Z,eiriktsarpalis
dotnet/runtime,114238,2025-04-03T22:53:06Z,carlossanlop
dotnet/runtime,114246,2025-04-10T06:32:10Z,am11
dotnet/runtime,114249,2025-04-07T22:38:58Z,jkotas
dotnet/runtime,114255,2025-06-09T16:51:13Z,jozkee
dotnet/runtime,114256,2025-04-14T17:16:09Z,carlossanlop
dotnet/runtime,114261,2025-05-18T13:47:13Z,vcsjones
dotnet/runtime,114266,2025-04-04T16:00:45Z,ghost
dotnet/runtime,114273,2025-04-04T23:00:18Z,teo-tsirpanis
dotnet/runtime,114278,2025-04-04T18:45:08Z,akoeplinger
dotnet/runtime,114281,2025-04-04T21:47:06Z,ericstj
dotnet/runtime,114285,2025-04-05T05:17:54Z,tmds
dotnet/runtime,114289,2025-04-07T09:04:38Z,adamsitnik
dotnet/runtime,114291,2025-04-05T00:56:03Z,risc-vv
dotnet/runtime,114292,2025-04-05T01:01:04Z,risc-vv
dotnet/runtime,114293,2025-04-05T02:45:28Z,kg
dotnet/runtime,114299,2025-04-11T17:16:58Z,carlossanlop
dotnet/runtime,114304,2025-04-06T02:29:54Z,ghost
dotnet/runtime,114320,2025-04-07T16:26:46Z,jkotas
dotnet/runtime,114323,2025-04-07T09:28:55Z,am11
dotnet/runtime,114326,2025-04-07T12:09:48Z,ManickaP
dotnet/runtime,114329,2025-04-07T16:07:21Z,akoeplinger
dotnet/runtime,114330,2025-04-11T18:19:41Z,carlossanlop
dotnet/runtime,114337,2025-04-07T16:05:59Z,risc-vv
dotnet/runtime,114341,2025-04-07T20:58:28Z,jkotas
dotnet/runtime,114343,2025-04-07T19:20:29Z,am11
dotnet/runtime,114346,2025-04-07T19:07:07Z,ghost
dotnet/runtime,114354,2025-04-07T23:16:15Z,am11
dotnet/runtime,114356,2025-04-08T01:10:26Z,teo-tsirpanis
dotnet/runtime,114357,2025-04-07T22:51:28Z,ghost
dotnet/runtime,114360,2025-04-08T01:36:14Z,ghost
dotnet/runtime,114362,2025-04-08T10:40:06Z,vitek-karas
dotnet/runtime,114363,2025-04-08T03:12:27Z,ghost
dotnet/runtime,114374,2025-04-09T01:16:38Z,Sergio0694
dotnet/runtime,114376,2025-04-08T17:14:46Z,amanasifkhalid
dotnet/runtime,114387,2025-04-08T17:18:17Z,kg
dotnet/runtime,114391,2025-04-11T13:46:29Z,akoeplinger
dotnet/runtime,114392,2025-04-08T17:53:31Z,ghost
dotnet/runtime,114394,2025-04-08T18:36:06Z,risc-vv
dotnet/runtime,114399,2025-04-08T21:21:54Z,kg
dotnet/runtime,114406,2025-04-08T20:14:02Z,ghost
dotnet/runtime,114408,2025-04-08T22:18:47Z,tarekgh
dotnet/runtime,114410,2025-04-20T20:56:16Z,BruceForstall
dotnet/runtime,114419,2025-04-09T08:31:13Z,janvorli
dotnet/runtime,114421,2025-04-09T02:58:27Z,ghost
dotnet/runtime,114427,2025-04-09T09:20:25Z,ghost
dotnet/runtime,114429,2025-04-28T17:23:34Z,baronfel
dotnet/runtime,114432,2025-04-09T12:36:58Z,tommcdon
dotnet/runtime,114435,2025-04-09T14:49:07Z,BruceForstall
dotnet/runtime,114438,2025-04-09T15:10:46Z,a74nh
dotnet/runtime,114440,2025-04-11T18:18:34Z,carlossanlop
dotnet/runtime,114441,2025-04-11T18:16:43Z,carlossanlop
dotnet/runtime,114442,2025-04-11T18:24:32Z,carlossanlop
dotnet/runtime,114444,2025-04-11T04:03:29Z,jkotas
dotnet/runtime,114448,2025-04-09T16:36:48Z,janvorli
dotnet/runtime,114454,2025-04-14T20:02:59Z,carlossanlop
dotnet/runtime,114457,2025-04-11T17:35:15Z,JulieLeeMSFT
dotnet/runtime,114459,2025-04-10T06:29:55Z,Sergio0694
dotnet/runtime,114462,2025-04-10T14:54:00Z,am11
dotnet/runtime,114463,2025-04-10T14:39:32Z,jkotas
dotnet/runtime,114464,2025-04-10T03:08:13Z,jkotas
dotnet/runtime,114469,2025-05-06T17:18:12Z,BrzVlad
dotnet/runtime,114470,2025-04-10T04:36:05Z,risc-vv
dotnet/runtime,114471,2025-04-10T04:37:13Z,ghost
dotnet/runtime,114473,2025-04-11T17:15:10Z,carlossanlop
dotnet/runtime,114477,2025-04-10T22:20:28Z,MichalPetryka
dotnet/runtime,114485,2025-04-10T12:09:28Z,ghost
dotnet/runtime,114488,2025-04-10T13:51:07Z,risc-vv
dotnet/runtime,114494,2025-04-10T16:36:01Z,tarekgh
dotnet/runtime,114495,2025-04-10T23:39:42Z,MichalPetryka
dotnet/runtime,114496,2025-04-10T20:24:18Z,janvorli
dotnet/runtime,114497,2025-04-10T19:41:05Z,EgorBo
dotnet/runtime,114498,2025-04-10T16:40:01Z,MihaZupan
dotnet/runtime,114503,2025-04-10T19:38:04Z,ViktorHofer
dotnet/runtime,114509,2025-04-11T17:21:22Z,carlossanlop
dotnet/runtime,114511,2025-04-11T17:59:09Z,saucecontrol
dotnet/runtime,114515,2025-04-11T00:05:59Z,ghost
dotnet/runtime,114519,2025-04-11T15:32:06Z,jkotas
dotnet/runtime,114520,2025-04-11T15:38:33Z,AaronRobinsonMSFT
dotnet/runtime,114523,2025-05-06T21:33:24Z,liveans
dotnet/runtime,114529,2025-04-11T16:10:19Z,jkotas
dotnet/runtime,114537,2025-04-12T13:37:47Z,teo-tsirpanis
dotnet/runtime,114540,2025-04-11T15:12:36Z,mangod9
dotnet/runtime,114541,2025-04-11T14:57:53Z,jkoritzinsky
dotnet/runtime,114545,2025-04-11T16:08:59Z,tannergooding
dotnet/runtime,114548,2025-04-23T18:01:49Z,steveisok
dotnet/runtime,114567,2025-04-22T16:12:34Z,sbomer
dotnet/runtime,114574,2025-04-11T23:08:43Z,bartonjs
dotnet/runtime,114576,2025-04-14T19:50:14Z,carlossanlop
dotnet/runtime,114577,2025-04-14T19:55:43Z,carlossanlop
dotnet/runtime,114582,2025-04-13T09:44:07Z,filipnavara
dotnet/runtime,114583,2025-04-14T22:57:54Z,JamesNK
dotnet/runtime,114585,2025-04-14T23:17:44Z,noahfalk
dotnet/runtime,114587,2025-04-12T17:39:55Z,jkotas
dotnet/runtime,114588,2025-04-14T19:53:53Z,carlossanlop
dotnet/runtime,114589,2025-04-14T19:28:50Z,carlossanlop
dotnet/runtime,114591,2025-04-18T15:27:39Z,mangod9
dotnet/runtime,114597,2025-04-12T22:59:59Z,AaronRobinsonMSFT
dotnet/runtime,114602,2025-04-13T20:13:28Z,am11
dotnet/runtime,114603,2025-04-14T00:19:27Z,jkotas
dotnet/runtime,114605,2025-04-14T00:20:29Z,jkotas
dotnet/runtime,114606,2025-04-13T22:05:14Z,ghost
dotnet/runtime,114607,2025-04-13T22:10:40Z,ghost
dotnet/runtime,114610,2025-04-15T06:49:01Z,ViktorHofer
dotnet/runtime,114612,2025-04-14T19:51:30Z,carlossanlop
dotnet/runtime,114616,2025-04-14T08:55:25Z,am11
dotnet/runtime,114617,2025-04-14T07:24:03Z,matouskozak
dotnet/runtime,114618,2025-04-22T08:30:11Z,am11
dotnet/runtime,114619,2025-04-14T14:30:44Z,jkotas
dotnet/runtime,114622,2025-04-22T11:28:12Z,CarnaViire
dotnet/runtime,114624,2025-04-15T10:06:45Z,jnyrup
dotnet/runtime,114628,2025-04-25T22:07:50Z,kunalspathak
dotnet/runtime,114629,2025-04-30T17:19:51Z,am11
dotnet/runtime,114630,2025-04-15T06:15:55Z,jkotas
dotnet/runtime,114633,2025-04-17T13:57:31Z,ivanpovazan
dotnet/runtime,114637,2025-04-14T17:34:16Z,filipnavara
dotnet/runtime,114641,2025-04-14T17:56:38Z,carlossanlop
dotnet/runtime,114649,2025-04-22T06:16:39Z,jkotas
dotnet/runtime,114654,2025-04-16T22:54:48Z,BruceForstall
dotnet/runtime,114657,2025-04-14T21:21:19Z,ghost
dotnet/runtime,114658,2025-04-14T22:01:49Z,AaronRobinsonMSFT
dotnet/runtime,114660,2025-04-15T00:14:40Z,jkotas
dotnet/runtime,114662,2025-04-15T15:51:44Z,carlossanlop
dotnet/runtime,114664,2025-04-15T03:12:35Z,stephentoub
dotnet/runtime,114667,2025-04-15T16:54:47Z,carlossanlop
dotnet/runtime,114668,2025-04-22T19:31:17Z,carlossanlop
dotnet/runtime,114670,2025-05-08T22:02:07Z,jozkee
dotnet/runtime,114672,2025-04-28T18:05:23Z,stephentoub
dotnet/runtime,114674,2025-04-15T12:52:54Z,MihaZupan
dotnet/runtime,114675,2025-04-15T07:53:43Z,ghost
dotnet/runtime,114682,2025-04-28T09:19:44Z,vitek-karas
dotnet/runtime,114687,2025-04-15T13:11:20Z,risc-vv
dotnet/runtime,114689,2025-04-17T11:04:59Z,CarnaViire
dotnet/runtime,114700,2025-04-22T19:06:34Z,carlossanlop
dotnet/runtime,114702,2025-05-09T17:49:38Z,jozkee
dotnet/runtime,114709,2025-04-15T22:01:32Z,jkoritzinsky
dotnet/runtime,114710,2025-04-15T19:57:40Z,ghost
dotnet/runtime,114713,2025-04-16T23:10:13Z,BruceForstall
dotnet/runtime,114718,2025-04-15T23:13:45Z,AaronRobinsonMSFT
dotnet/runtime,114720,2025-04-15T23:27:50Z,ghost
dotnet/runtime,114728,2025-04-16T07:56:47Z,risc-vv
dotnet/runtime,114732,2025-04-16T11:56:25Z,ViktorHofer
dotnet/runtime,114741,2025-04-16T15:41:50Z,ghost
dotnet/runtime,114743,2025-04-16T16:39:11Z,ghost
dotnet/runtime,114747,2025-07-10T00:41:27Z,agocke
dotnet/runtime,114752,2025-04-17T07:42:44Z,matouskozak
dotnet/runtime,114754,2025-04-17T17:07:45Z,MihaZupan
dotnet/runtime,114762,2025-05-08T21:58:21Z,jozkee
dotnet/runtime,114764,2025-04-21T20:21:41Z,jkotas
dotnet/runtime,114766,2025-04-17T11:29:33Z,am11
dotnet/runtime,114774,2025-04-18T18:27:21Z,akoeplinger
dotnet/runtime,114776,2025-04-18T18:26:34Z,akoeplinger
dotnet/runtime,114777,2025-04-17T16:49:13Z,lewing
dotnet/runtime,114779,2025-04-17T13:09:22Z,akoeplinger
dotnet/runtime,114791,2025-04-21T22:29:38Z,sbomer
dotnet/runtime,114795,2025-04-17T19:06:37Z,filipnavara
dotnet/runtime,114806,2025-04-24T20:29:30Z,EgorBo
dotnet/runtime,114807,2025-04-19T08:26:21Z,akoeplinger
dotnet/runtime,114810,2025-04-18T00:09:15Z,am11
dotnet/runtime,114812,2025-04-18T15:15:47Z,jkotas
dotnet/runtime,114814,2025-04-18T15:42:30Z,akoeplinger
dotnet/runtime,114818,2025-05-28T22:33:19Z,tannergooding
dotnet/runtime,114821,2025-04-20T15:18:45Z,EgorBo
dotnet/runtime,114828,2025-04-19T02:45:48Z,ghost
dotnet/runtime,114829,2025-04-19T08:22:33Z,akoeplinger
dotnet/runtime,114830,2025-05-12T16:12:50Z,jozkee
dotnet/runtime,114836,2025-04-22T18:29:58Z,janvorli
dotnet/runtime,114843,2025-04-20T14:20:15Z,filipnavara
dotnet/runtime,114845,2025-04-21T18:11:15Z,neon-sunset
dotnet/runtime,114850,2025-04-22T06:12:59Z,jkotas
dotnet/runtime,114852,2025-04-21T15:33:17Z,lewing
dotnet/runtime,114856,2025-05-08T21:53:03Z,jozkee
dotnet/runtime,114861,2025-04-29T23:44:48Z,kunalspathak
dotnet/runtime,114862,2025-04-22T12:19:26Z,BrzVlad
dotnet/runtime,114867,2025-05-02T22:46:12Z,BruceForstall
dotnet/runtime,114868,2025-04-21T21:10:36Z,mmitche
dotnet/runtime,114877,2025-04-23T21:46:41Z,bartonjs
dotnet/runtime,114881,2025-04-21T23:28:38Z,ghost
dotnet/runtime,114883,2025-04-22T00:43:47Z,saucecontrol
dotnet/runtime,114895,2025-04-22T18:12:13Z,BruceForstall
dotnet/runtime,114900,2025-04-22T10:26:20Z,risc-vv
dotnet/runtime,114901,2025-05-19T08:00:09Z,pavelsavara
dotnet/runtime,114903,2025-04-23T10:36:16Z,akoeplinger
dotnet/runtime,114904,2025-04-23T10:34:52Z,akoeplinger
dotnet/runtime,114905,2025-04-23T10:40:18Z,akoeplinger
dotnet/runtime,114906,2025-04-23T10:42:11Z,akoeplinger
dotnet/runtime,114914,2025-04-28T18:43:39Z,stephentoub
dotnet/runtime,114917,2025-04-22T15:44:04Z,tommcdon
dotnet/runtime,114920,2025-04-23T03:45:10Z,jkotas
dotnet/runtime,114927,2025-04-22T20:17:07Z,ghost
dotnet/runtime,114928,2025-05-19T11:24:24Z,jakobbotsch
dotnet/runtime,114929,2025-04-22T21:01:27Z,ghost
dotnet/runtime,114932,2025-05-07T21:47:07Z,jozkee
dotnet/runtime,114940,2025-04-23T04:45:24Z,jkoritzinsky
dotnet/runtime,114942,2025-04-24T15:50:12Z,carlossanlop
dotnet/runtime,114943,2025-04-23T03:05:14Z,ghost
dotnet/runtime,114949,2025-04-23T07:34:23Z,am11
dotnet/runtime,114953,2025-04-23T10:27:57Z,akoeplinger
dotnet/runtime,114958,2025-04-23T13:36:10Z,risc-vv
dotnet/runtime,114960,2025-04-24T15:54:41Z,carlossanlop
dotnet/runtime,114961,2025-04-23T16:21:29Z,jeffhandley
dotnet/runtime,114970,2025-04-24T08:30:20Z,lateralusX
dotnet/runtime,114971,2025-04-24T16:59:01Z,carlossanlop
dotnet/runtime,114977,2025-04-25T22:41:37Z,carlossanlop
dotnet/runtime,114979,2025-04-23T22:42:09Z,ghost
dotnet/runtime,114982,2025-05-16T09:00:09Z,a74nh
dotnet/runtime,114988,2025-05-08T01:32:44Z,shushanhf
dotnet/runtime,114990,2025-04-24T17:14:37Z,akoeplinger
dotnet/runtime,114993,2025-04-28T07:32:29Z,ilonatommy
dotnet/runtime,114995,2025-04-24T14:44:36Z,ghost
dotnet/runtime,114997,2025-04-24T22:27:53Z,tarekgh
dotnet/runtime,115007,2025-04-28T15:42:27Z,ericstj
dotnet/runtime,115008,2025-04-24T18:09:51Z,ghost
dotnet/runtime,115009,2025-04-24T19:02:07Z,jkotas
dotnet/runtime,115010,2025-04-24T18:52:44Z,akoeplinger
dotnet/runtime,115011,2025-04-24T18:53:01Z,akoeplinger
dotnet/runtime,115012,2025-04-24T18:52:52Z,akoeplinger
dotnet/runtime,115013,2025-04-29T15:46:28Z,ericstj
dotnet/runtime,115016,2025-04-24T21:02:47Z,ghost
dotnet/runtime,115018,2025-04-24T22:12:15Z,carlossanlop
dotnet/runtime,115019,2025-05-19T15:52:25Z,tommcdon
dotnet/runtime,115021,2025-04-25T15:42:29Z,tarekgh
dotnet/runtime,115023,2025-04-30T23:33:34Z,Maoni0
dotnet/runtime,115026,2025-05-07T21:52:52Z,jozkee
dotnet/runtime,115027,2025-04-26T06:34:34Z,carlossanlop
dotnet/runtime,115028,2025-04-25T22:37:26Z,carlossanlop
dotnet/runtime,115031,2025-04-25T10:56:55Z,jakobbotsch
dotnet/runtime,115039,2025-04-25T09:30:55Z,risc-vv
dotnet/runtime,115044,2025-04-25T14:33:10Z,akoeplinger
dotnet/runtime,115050,2025-04-25T14:49:10Z,akoeplinger
dotnet/runtime,115054,2025-04-25T23:31:09Z,BruceForstall
dotnet/runtime,115057,2025-04-25T19:04:48Z,kg
dotnet/runtime,115062,2025-04-29T19:39:25Z,radekdoulik
dotnet/runtime,115065,2025-04-25T22:04:13Z,jkotas
dotnet/runtime,115066,2025-04-28T22:42:00Z,bartonjs
dotnet/runtime,115067,2025-04-25T23:21:57Z,hoyosjs
dotnet/runtime,115068,2025-04-25T22:46:05Z,ghost
dotnet/runtime,115069,2025-06-09T15:02:28Z,stephentoub
dotnet/runtime,115071,2025-04-26T05:26:47Z,jkotas
dotnet/runtime,115074,2025-05-04T16:30:38Z,saucecontrol
dotnet/runtime,115076,2025-05-07T21:52:31Z,jozkee
dotnet/runtime,115081,2025-04-27T01:33:26Z,AndyAyersMS
dotnet/runtime,115083,2025-04-28T20:40:08Z,jkotas
dotnet/runtime,115085,2025-05-08T21:50:01Z,jozkee
dotnet/runtime,115086,2025-04-27T20:18:54Z,jkotas
dotnet/runtime,115089,2025-04-28T22:54:56Z,jkotas
dotnet/runtime,115105,2025-04-28T14:46:49Z,akoeplinger
dotnet/runtime,115113,2025-05-14T01:54:25Z,lewing
dotnet/runtime,115114,2025-04-28T16:24:39Z,akoeplinger
dotnet/runtime,115116,2025-04-28T17:31:22Z,marek-safar
dotnet/runtime,115117,2025-04-28T18:29:58Z,kunalspathak
dotnet/runtime,115119,2025-05-02T11:53:12Z,EgorBo
dotnet/runtime,115121,2025-04-28T17:54:12Z,kunalspathak
dotnet/runtime,115126,2025-04-28T21:36:30Z,VSadov
dotnet/runtime,115128,2025-04-29T00:36:39Z,jkoritzinsky
dotnet/runtime,115129,2025-04-29T02:13:44Z,jkotas
dotnet/runtime,115130,2025-05-06T16:18:10Z,steveisok
dotnet/runtime,115134,2025-04-29T12:58:23Z,EgorBo
dotnet/runtime,115139,2025-04-29T08:50:18Z,akoeplinger
dotnet/runtime,115158,2025-04-29T19:04:10Z,ghost
dotnet/runtime,115159,2025-04-29T19:35:03Z,jkoritzinsky
dotnet/runtime,115161,2025-06-11T15:08:18Z,jozkee
dotnet/runtime,115163,2025-04-29T23:39:13Z,jkoritzinsky
dotnet/runtime,115166,2025-04-30T03:44:27Z,mcdurdin
dotnet/runtime,115172,2025-04-30T02:56:12Z,hez2010
dotnet/runtime,115173,2025-04-30T14:01:28Z,AaronRobinsonMSFT
dotnet/runtime,115176,2025-04-30T07:56:33Z,akoeplinger
dotnet/runtime,115181,2025-04-30T21:04:23Z,VSadov
dotnet/runtime,115186,2025-05-09T05:38:02Z,BrzVlad
dotnet/runtime,115188,2025-04-30T18:56:42Z,jkotas
dotnet/runtime,115191,2025-04-30T19:00:03Z,jkotas
dotnet/runtime,115192,2025-05-06T20:30:49Z,steveharter
dotnet/runtime,115195,2025-04-30T18:59:37Z,jkotas
dotnet/runtime,115197,2025-04-30T16:09:19Z,jakobbotsch
dotnet/runtime,115198,2025-04-30T16:34:56Z,cshung
dotnet/runtime,115209,2025-05-02T06:53:20Z,ViktorHofer
dotnet/runtime,115212,2025-05-01T01:11:52Z,ghost
dotnet/runtime,115214,2025-05-02T11:18:24Z,ViktorHofer
dotnet/runtime,115235,2025-05-02T02:04:48Z,ghost
dotnet/runtime,115236,2025-05-03T07:49:26Z,filipnavara
dotnet/runtime,115240,2025-05-04T08:00:22Z,rhuijben
dotnet/runtime,115247,2025-05-05T13:55:40Z,ViktorHofer
dotnet/runtime,115251,2025-05-02T20:37:56Z,jkotas
dotnet/runtime,115252,2025-06-05T07:12:07Z,filipnavara
dotnet/runtime,115253,2025-05-02T21:49:33Z,am11
dotnet/runtime,115254,2025-05-06T23:33:14Z,bartonjs
dotnet/runtime,115257,2025-05-06T11:44:59Z,ViktorHofer
dotnet/runtime,115265,2025-05-29T23:16:08Z,noahfalk
dotnet/runtime,115268,2025-05-06T19:06:00Z,tmat
dotnet/runtime,115271,2025-05-06T00:21:23Z,bartonjs
dotnet/runtime,115272,2025-05-05T05:39:39Z,jkoritzinsky
dotnet/runtime,115284,2025-05-05T22:03:28Z,BruceForstall
dotnet/runtime,115290,2025-05-04T23:23:12Z,ghost
dotnet/runtime,115294,2025-05-05T02:04:19Z,ghost
dotnet/runtime,115298,2025-05-27T13:55:29Z,risc-vv
dotnet/runtime,115308,2025-05-06T16:19:57Z,bartonjs
dotnet/runtime,115310,2025-05-05T18:36:36Z,ghost
dotnet/runtime,115311,2025-05-06T15:16:47Z,ericstj
dotnet/runtime,115312,2025-05-06T00:49:23Z,jkotas
dotnet/runtime,115314,2025-05-05T23:18:02Z,jkotas
dotnet/runtime,115315,2025-05-12T16:41:31Z,elinor-fung
dotnet/runtime,115327,2025-05-06T08:24:25Z,ghost
dotnet/runtime,115332,2025-05-06T16:28:09Z,huoyaoyuan
dotnet/runtime,115335,2025-05-06T14:43:59Z,risc-vv
dotnet/runtime,115339,2025-05-07T21:18:17Z,jkotas
dotnet/runtime,115342,2025-05-06T21:28:17Z,hoyosjs
dotnet/runtime,115348,2025-05-09T01:57:59Z,AndyAyersMS
dotnet/runtime,115353,2025-05-07T21:39:14Z,jozkee
dotnet/runtime,115354,2025-05-08T09:59:26Z,ViktorHofer
dotnet/runtime,115361,2025-05-07T18:30:38Z,bartonjs
dotnet/runtime,115367,2025-05-07T18:28:14Z,bartonjs
dotnet/runtime,115373,2025-05-08T11:54:54Z,akoeplinger
dotnet/runtime,115374,2025-05-15T14:59:34Z,mcclure
dotnet/runtime,115375,2025-05-08T07:35:54Z,kg
dotnet/runtime,115376,2025-05-07T21:46:20Z,jozkee
dotnet/runtime,115378,2025-05-07T19:44:40Z,am11
dotnet/runtime,115379,2025-05-28T13:22:48Z,karelz
dotnet/runtime,115380,2025-05-07T21:52:07Z,jozkee
dotnet/runtime,115384,2025-05-08T19:04:55Z,jozkee
dotnet/runtime,115385,2025-05-08T19:04:00Z,jozkee
dotnet/runtime,115387,2025-05-08T17:53:42Z,ilyas1974
dotnet/runtime,115388,2025-05-09T02:20:02Z,kendall1997
dotnet/runtime,115393,2025-05-12T12:55:46Z,janvorli
dotnet/runtime,115395,2025-05-08T14:07:10Z,akoeplinger
dotnet/runtime,115408,2025-05-11T02:17:42Z,jkotas
dotnet/runtime,115410,2025-05-12T22:28:01Z,jozkee
dotnet/runtime,115413,2025-05-09T12:23:48Z,tomap
dotnet/runtime,115414,2025-05-09T18:43:34Z,carlossanlop
dotnet/runtime,115415,2025-05-09T21:45:31Z,jkotas
dotnet/runtime,115416,2025-05-09T16:11:01Z,AndyAyersMS
dotnet/runtime,115421,2025-05-14T15:14:24Z,jeffhandley
dotnet/runtime,115422,2025-05-09T16:38:03Z,wfurt
dotnet/runtime,115423,2025-05-09T16:40:10Z,akoeplinger
dotnet/runtime,115440,2025-05-12T22:09:54Z,jozkee
dotnet/runtime,115444,2025-05-10T08:29:39Z,kg
dotnet/runtime,115445,2025-05-10T13:25:40Z,huoyaoyuan
dotnet/runtime,115456,2025-05-12T16:32:45Z,wfurt
dotnet/runtime,115463,2025-05-12T14:05:09Z,lewing
dotnet/runtime,115466,2025-05-12T22:06:54Z,jozkee
dotnet/runtime,115471,2025-05-12T09:23:02Z,T-Gro
dotnet/runtime,115486,2025-06-09T11:39:19Z,gbalykov
dotnet/runtime,115494,2025-05-12T22:23:35Z,am11
dotnet/runtime,115502,2025-07-02T15:56:38Z,wfurt
dotnet/runtime,115503,2025-06-08T13:25:16Z,jkotas
dotnet/runtime,115504,2025-06-09T16:37:24Z,jozkee
dotnet/runtime,115507,2025-05-13T16:32:40Z,tarekgh
dotnet/runtime,115509,2025-05-14T19:06:11Z,vcsjones
dotnet/runtime,115513,2025-05-16T16:01:46Z,a74nh
dotnet/runtime,115525,2025-05-13T23:35:10Z,kunalspathak
dotnet/runtime,115531,2025-05-14T00:25:27Z,VSadov
dotnet/runtime,115537,2025-06-09T21:00:46Z,jozkee
dotnet/runtime,115542,2025-05-14T07:33:50Z,jakobbotsch
dotnet/runtime,115545,2025-05-16T09:25:37Z,akoeplinger
dotnet/runtime,115546,2025-05-21T02:05:58Z,jkotas
dotnet/runtime,115566,2025-06-10T01:30:49Z,kunalspathak
dotnet/runtime,115569,2025-05-20T16:11:07Z,huoyaoyuan
dotnet/runtime,115573,2025-05-14T21:05:54Z,vitek-karas
dotnet/runtime,115574,2025-05-14T19:48:55Z,lewing
dotnet/runtime,115576,2025-06-10T02:35:45Z,jozkee
dotnet/runtime,115577,2025-06-17T15:40:48Z,jozkee
dotnet/runtime,115583,2025-05-15T01:39:49Z,teo-tsirpanis
dotnet/runtime,115585,2025-06-09T19:56:02Z,jozkee
dotnet/runtime,115587,2025-06-10T03:37:01Z,jozkee
dotnet/runtime,115588,2025-06-09T16:56:50Z,jozkee
dotnet/runtime,115589,2025-06-09T16:33:51Z,jozkee
dotnet/runtime,115590,2025-05-15T17:43:32Z,jkotas
dotnet/runtime,115596,2025-06-09T16:56:22Z,jozkee
dotnet/runtime,115597,2025-06-09T16:54:40Z,jozkee
dotnet/runtime,115602,2025-05-15T19:30:08Z,jkotas
dotnet/runtime,115604,2025-05-15T17:09:13Z,kunalspathak
dotnet/runtime,115606,2025-05-15T14:31:12Z,jakobbotsch
dotnet/runtime,115609,2025-05-16T11:20:10Z,a74nh
dotnet/runtime,115623,2025-06-09T19:41:05Z,jozkee
dotnet/runtime,115624,2025-05-20T19:09:43Z,lewing
dotnet/runtime,115631,2025-05-22T00:43:52Z,jkotas
dotnet/runtime,115633,2025-05-16T07:14:15Z,ViktorHofer
dotnet/runtime,115634,2025-05-16T07:14:22Z,ViktorHofer
dotnet/runtime,115635,2025-05-16T10:51:29Z,steveisok
dotnet/runtime,115639,2025-05-16T03:07:44Z,jkotas
dotnet/runtime,115645,2025-05-16T10:57:35Z,tannergooding
dotnet/runtime,115648,2025-05-16T11:19:34Z,filipnavara
dotnet/runtime,115655,2025-06-09T15:16:24Z,jozkee
dotnet/runtime,115658,2025-05-17T22:04:22Z,jkotas
dotnet/runtime,115659,2025-05-16T18:28:07Z,tannergooding
dotnet/runtime,115676,2025-06-09T19:33:17Z,jozkee
dotnet/runtime,115677,2025-06-09T16:47:12Z,jozkee
dotnet/runtime,115678,2025-05-19T05:12:04Z,MichalStrehovsky
dotnet/runtime,115685,2025-05-17T20:33:05Z,jkotas
dotnet/runtime,115688,2025-05-18T00:55:20Z,MihaZupan
dotnet/runtime,115698,2025-05-19T13:02:18Z,jakobbotsch
dotnet/runtime,115702,2025-05-19T14:26:32Z,jkotas
dotnet/runtime,115704,2025-05-25T19:52:41Z,jakobbotsch
dotnet/runtime,115707,2025-05-19T21:52:59Z,Maoni0
dotnet/runtime,115709,2025-06-02T10:50:47Z,akoeplinger
dotnet/runtime,115710,2025-06-09T16:20:55Z,jozkee
dotnet/runtime,115718,2025-05-19T20:18:04Z,VSadov
dotnet/runtime,115722,2025-05-19T13:45:08Z,MihaZupan
dotnet/runtime,115729,2025-05-19T22:05:23Z,am11
dotnet/runtime,115732,2025-05-21T23:45:32Z,spixy
dotnet/runtime,115733,2025-05-21T12:31:35Z,JabSYsEmb
dotnet/runtime,115734,2025-05-19T22:44:01Z,AndyAyersMS
dotnet/runtime,115743,2025-05-21T16:43:12Z,vjp23
dotnet/runtime,115746,2025-05-21T22:37:45Z,max-charlamb
dotnet/runtime,115747,2025-05-19T22:12:12Z,agocke
dotnet/runtime,115748,2025-05-19T22:12:35Z,am11
dotnet/runtime,115749,2025-05-19T23:30:17Z,thaystg
dotnet/runtime,115752,2025-05-21T16:12:08Z,jkotas
dotnet/runtime,115756,2025-05-20T14:32:34Z,liveans
dotnet/runtime,115762,2025-05-21T11:21:13Z,lloydjatkinson
dotnet/runtime,115766,2025-05-26T13:28:42Z,ViktorHofer
dotnet/runtime,115767,2025-05-20T16:55:14Z,elinor-fung
dotnet/runtime,115774,2025-06-03T18:07:58Z,kunalspathak
dotnet/runtime,115775,2025-05-22T17:43:26Z,kunalspathak
dotnet/runtime,115776,2025-05-20T18:07:40Z,kunalspathak
dotnet/runtime,115778,2025-05-27T15:30:27Z,ericstj
dotnet/runtime,115784,2025-05-21T17:30:45Z,elinor-fung
dotnet/runtime,115785,2025-05-20T14:41:50Z,saitama951
dotnet/runtime,115788,2025-05-22T20:47:48Z,jkotas
dotnet/runtime,115798,2025-05-21T05:28:52Z,jakobbotsch
dotnet/runtime,115802,2025-05-20T20:47:05Z,jkotas
dotnet/runtime,115803,2025-05-20T21:15:33Z,jkotas
dotnet/runtime,115806,2025-05-20T22:34:44Z,tarekgh
dotnet/runtime,115818,2025-05-21T09:35:55Z,ViktorHofer
dotnet/runtime,115824,2025-05-21T16:41:49Z,lateralusX
dotnet/runtime,115826,2025-05-23T00:28:48Z,kasthack
dotnet/runtime,115827,2025-05-21T15:45:52Z,tomeksowi
dotnet/runtime,115829,2025-05-21T17:45:24Z,MorrowShore
dotnet/runtime,115833,2025-05-22T08:24:54Z,akoeplinger
dotnet/runtime,115834,2025-05-21T15:35:28Z,stephentoub
dotnet/runtime,115840,2025-05-27T07:03:25Z,liveans
dotnet/runtime,115841,2025-05-27T07:03:20Z,liveans
dotnet/runtime,115850,2025-05-27T15:08:38Z,AndyAyersMS
dotnet/runtime,115854,2025-05-22T03:14:49Z,platform-cane891
dotnet/runtime,115855,2025-06-09T16:14:42Z,jozkee
dotnet/runtime,115856,2025-05-22T10:23:53Z,eiriktsarpalis
dotnet/runtime,115857,2025-05-22T15:22:18Z,jkotas
dotnet/runtime,115858,2025-05-22T05:34:59Z,huoyaoyuan
dotnet/runtime,115877,2025-05-22T06:07:07Z,AaronRobinsonMSFT
dotnet/runtime,115885,2025-05-23T03:25:10Z,AaronRobinsonMSFT
dotnet/runtime,115889,2025-05-22T15:19:03Z,jakobbotsch
dotnet/runtime,115902,2025-05-28T17:30:08Z,stephentoub
dotnet/runtime,115909,2025-05-28T17:40:32Z,vcsjones
dotnet/runtime,115914,2025-05-23T00:19:04Z,jkotas
dotnet/runtime,115917,2025-05-23T03:28:24Z,agocke
dotnet/runtime,115921,2025-05-27T14:21:26Z,rmarinho
dotnet/runtime,115925,2025-05-23T19:29:35Z,jkotas
dotnet/runtime,115932,2025-05-24T03:36:18Z,jkotas
dotnet/runtime,115933,2025-05-27T13:56:31Z,risc-vv
dotnet/runtime,115935,2025-05-23T10:29:18Z,jakobbotsch
dotnet/runtime,115937,2025-05-23T13:38:59Z,akoeplinger
dotnet/runtime,115942,2025-05-23T14:44:41Z,agocke
dotnet/runtime,115943,2025-05-27T13:57:02Z,risc-vv
dotnet/runtime,115947,2025-05-27T22:27:03Z,lewing
dotnet/runtime,115948,2025-07-04T08:11:16Z,risc-vv
dotnet/runtime,115956,2025-05-24T04:06:16Z,hoyosjs
dotnet/runtime,115957,2025-05-24T04:41:20Z,jkotas
dotnet/runtime,115959,2025-05-30T14:30:49Z,antonfirsov
dotnet/runtime,115963,2025-05-24T20:50:49Z,jkotas
dotnet/runtime,115964,2025-05-27T07:28:59Z,MichalStrehovsky
dotnet/runtime,115966,2025-07-03T09:52:05Z,jakobbotsch
dotnet/runtime,115967,2025-05-26T00:00:06Z,AaronRobinsonMSFT
dotnet/runtime,115974,2025-06-03T03:23:49Z,stephentoub
dotnet/runtime,115977,2025-05-26T18:30:46Z,tannergooding
dotnet/runtime,115978,2025-06-19T20:52:12Z,stephentoub
dotnet/runtime,115983,2025-05-28T18:36:00Z,jkotas
dotnet/runtime,115984,2025-06-09T16:11:23Z,jozkee
dotnet/runtime,115985,2025-05-26T02:47:01Z,am11
dotnet/runtime,115993,2025-05-26T14:10:02Z,jkotas
dotnet/runtime,116000,2025-05-27T07:57:56Z,akoeplinger
dotnet/runtime,116002,2025-05-27T08:37:41Z,jakobbotsch
dotnet/runtime,116011,2025-06-02T06:06:00Z,risc-vv
dotnet/runtime,116017,2025-05-28T19:40:46Z,jakobbotsch
dotnet/runtime,116018,2025-05-27T21:15:28Z,jkoritzinsky
dotnet/runtime,116021,2025-06-02T04:20:53Z,PranavSenthilnathan
dotnet/runtime,116025,2025-05-27T19:44:29Z,steveisok
dotnet/runtime,116031,2025-07-09T07:58:26Z,noahfalk
dotnet/runtime,116034,2025-05-27T19:05:14Z,tannergooding
dotnet/runtime,116035,2025-06-10T10:01:21Z,risc-vv
dotnet/runtime,116036,2025-05-27T20:08:08Z,jkotas
dotnet/runtime,116038,2025-05-27T21:49:46Z,jkoritzinsky
dotnet/runtime,116042,2025-05-28T12:15:33Z,rzikm
dotnet/runtime,116045,2025-05-27T22:14:07Z,stephentoub
dotnet/runtime,116046,2025-05-29T18:16:44Z,kg
dotnet/runtime,116048,2025-05-28T03:19:34Z,huoyaoyuan
dotnet/runtime,116054,2025-07-14T22:03:36Z,LoopedBard3
dotnet/runtime,116057,2025-05-28T06:49:04Z,neon-sunset
dotnet/runtime,116061,2025-05-29T11:54:31Z,matouskozak
dotnet/runtime,116066,2025-06-11T18:28:48Z,jkotas
dotnet/runtime,116069,2025-05-30T10:54:20Z,srxqds
dotnet/runtime,116072,2025-05-28T18:34:39Z,filipnavara
dotnet/runtime,116074,2025-06-04T13:28:50Z,MichalStrehovsky
dotnet/runtime,116075,2025-06-02T17:52:07Z,jkotas
dotnet/runtime,116078,2025-05-30T00:17:40Z,nagilson
dotnet/runtime,116082,2025-07-02T20:09:39Z,jkotas
dotnet/runtime,116083,2025-05-29T03:31:37Z,jkotas
dotnet/runtime,116085,2025-05-29T09:32:58Z,filipnavara
dotnet/runtime,116091,2025-06-04T13:47:28Z,jkotas
dotnet/runtime,116095,2025-06-06T14:08:52Z,kunalspathak
dotnet/runtime,116096,2025-05-29T14:55:27Z,jkotas
dotnet/runtime,116097,2025-06-03T04:09:23Z,davidfowl
dotnet/runtime,116098,2025-06-05T16:55:59Z,wfurt
dotnet/runtime,116099,2025-05-30T09:39:39Z,jakobbotsch
dotnet/runtime,116102,2025-06-02T07:44:54Z,am11
dotnet/runtime,116104,2025-05-29T21:19:41Z,AndyAyersMS
dotnet/runtime,116106,2025-05-30T13:39:40Z,jkotas
dotnet/runtime,116107,2025-05-29T18:23:22Z,jkotas
dotnet/runtime,116109,2025-05-31T05:24:52Z,jkotas
dotnet/runtime,116114,2025-05-29T20:41:28Z,jkotas
dotnet/runtime,116117,2025-06-04T20:19:58Z,tannergooding
dotnet/runtime,116119,2025-05-29T23:51:54Z,tarekgh
dotnet/runtime,116121,2025-05-30T00:18:22Z,jkotas
dotnet/runtime,116122,2025-05-30T02:35:21Z,VSadov
dotnet/runtime,116124,2025-05-30T08:47:14Z,jakobbotsch
dotnet/runtime,116126,2025-05-30T03:05:42Z,huoyaoyuan
dotnet/runtime,116132,2025-05-30T16:29:20Z,JulieLeeMSFT
dotnet/runtime,116141,2025-05-30T12:09:58Z,EgorBo
dotnet/runtime,116144,2025-06-11T05:26:23Z,jakobbotsch
dotnet/runtime,116145,2025-06-02T11:19:16Z,akoeplinger
dotnet/runtime,116149,2025-05-30T15:06:18Z,stephentoub
dotnet/runtime,116157,2025-07-31T14:49:24Z,AndyAyersMS
dotnet/runtime,116162,2025-06-02T20:19:00Z,jakobbotsch
dotnet/runtime,116164,2025-05-31T00:47:46Z,jkotas
dotnet/runtime,116165,2025-05-31T05:40:24Z,eiriktsarpalis
dotnet/runtime,116166,2025-05-31T04:48:53Z,jkoritzinsky
dotnet/runtime,116167,2025-05-31T19:09:46Z,jkotas
dotnet/runtime,116171,2025-06-03T12:11:17Z,MichalStrehovsky
dotnet/runtime,116175,2025-06-03T01:33:24Z,stephentoub
dotnet/runtime,116177,2025-05-31T16:07:37Z,filipnavara
dotnet/runtime,116178,2025-06-03T09:38:25Z,kemats
dotnet/runtime,116187,2025-06-01T04:20:09Z,stephentoub
dotnet/runtime,116188,2025-06-03T01:30:03Z,stephentoub
dotnet/runtime,116189,2025-06-03T01:29:56Z,stephentoub
dotnet/runtime,116193,2025-06-01T15:38:04Z,rhuijben
dotnet/runtime,116194,2025-06-08T16:30:48Z,jkotas
dotnet/runtime,116196,2025-06-06T19:50:05Z,tannergooding
dotnet/runtime,116198,2025-06-12T22:08:55Z,jakobbotsch
dotnet/runtime,116203,2025-06-30T14:02:49Z,mangod9
dotnet/runtime,116209,2025-06-04T02:51:00Z,jkotas
dotnet/runtime,116216,2025-06-02T20:14:03Z,kunalspathak
dotnet/runtime,116217,2025-06-02T15:56:33Z,VSadov
dotnet/runtime,116224,2025-06-03T03:08:38Z,stephentoub
dotnet/runtime,116228,2025-06-03T05:38:45Z,MichalStrehovsky
dotnet/runtime,116235,2025-06-03T03:05:34Z,filipnavara
dotnet/runtime,116240,2025-06-03T01:02:56Z,AndyAyersMS
dotnet/runtime,116241,2025-06-03T12:45:43Z,EgorBo
dotnet/runtime,116244,2025-06-07T16:02:10Z,agocke
dotnet/runtime,116250,2025-06-03T08:24:41Z,Emanuele9xx
dotnet/runtime,116255,2025-06-10T21:37:00Z,kunalspathak
dotnet/runtime,116269,2025-06-06T12:21:09Z,antonfirsov
dotnet/runtime,116271,2025-06-10T20:33:37Z,eiriktsarpalis
dotnet/runtime,116283,2025-06-05T15:52:07Z,WeihanLi
dotnet/runtime,116288,2025-06-04T05:31:21Z,am11
dotnet/runtime,116289,2025-06-04T05:00:53Z,AaronRobinsonMSFT
dotnet/runtime,116290,2025-06-04T06:35:59Z,jkotas
dotnet/runtime,116292,2025-06-04T08:51:29Z,huoyaoyuan
dotnet/runtime,116298,2025-06-04T11:21:55Z,jakobbotsch
dotnet/runtime,116308,2025-06-05T18:19:26Z,jkotas
dotnet/runtime,116310,2025-06-25T12:36:50Z,jkotas
dotnet/runtime,116315,2025-06-04T18:21:37Z,akoeplinger
dotnet/runtime,116316,2025-06-07T18:11:29Z,jkotas
dotnet/runtime,116317,2025-06-04T23:53:28Z,stephentoub
dotnet/runtime,116324,2025-06-04T23:16:12Z,jkotas
dotnet/runtime,116328,2025-06-05T09:42:42Z,ViktorHofer
dotnet/runtime,116331,2025-06-05T10:35:17Z,huoyaoyuan
dotnet/runtime,116332,2025-06-05T15:08:07Z,jkoritzinsky
dotnet/runtime,116339,2025-06-05T19:22:11Z,tarekgh
dotnet/runtime,116340,2025-06-05T16:55:30Z,kunalspathak
dotnet/runtime,116343,2025-06-05T18:00:58Z,jkotas
dotnet/runtime,116346,2025-06-05T23:46:01Z,jkotas
dotnet/runtime,116353,2025-06-10T07:50:09Z,am11
dotnet/runtime,116355,2025-06-06T12:03:04Z,MichalStrehovsky
dotnet/runtime,116356,2025-06-06T06:53:46Z,BrzVlad
dotnet/runtime,116359,2025-06-06T12:40:30Z,eterekhin
dotnet/runtime,116363,2025-06-06T19:54:59Z,gregsdennis
dotnet/runtime,116378,2025-06-06T15:26:47Z,richlander
dotnet/runtime,116380,2025-06-17T19:05:12Z,kunalspathak
dotnet/runtime,116383,2025-07-04T08:11:15Z,risc-vv
dotnet/runtime,116388,2025-06-07T01:42:09Z,jkotas
dotnet/runtime,116391,2025-06-07T00:11:55Z,jkotas
dotnet/runtime,116404,2025-06-08T01:14:36Z,jkotas
dotnet/runtime,116409,2025-06-08T05:29:15Z,jkotas
dotnet/runtime,116410,2025-06-08T06:37:30Z,hez2010
dotnet/runtime,116411,2025-07-08T08:43:03Z,risc-vv
dotnet/runtime,116413,2025-06-11T19:48:45Z,jakobbotsch
dotnet/runtime,116422,2025-06-09T18:41:56Z,janvorli
dotnet/runtime,116428,2025-06-09T16:01:31Z,jozkee
dotnet/runtime,116429,2025-06-19T18:51:40Z,kunalspathak
dotnet/runtime,116432,2025-07-18T15:44:36Z,tarekgh
dotnet/runtime,116433,2025-06-11T12:20:54Z,lateralusX
dotnet/runtime,116434,2025-06-09T20:28:21Z,kunalspathak
dotnet/runtime,116439,2025-06-09T19:34:57Z,jozkee
dotnet/runtime,116441,2025-06-11T21:12:55Z,amanasifkhalid
dotnet/runtime,116443,2025-06-09T22:38:31Z,jkotas
dotnet/runtime,116445,2025-07-14T09:46:53Z,jakobbotsch
dotnet/runtime,116447,2025-06-09T21:31:06Z,jkotas
dotnet/runtime,116452,2025-06-13T19:20:24Z,bartonjs
dotnet/runtime,116453,2025-06-11T09:56:01Z,jakobbotsch
dotnet/runtime,116458,2025-06-10T15:16:08Z,ericstj
dotnet/runtime,116460,2025-06-10T18:04:21Z,jozkee
dotnet/runtime,116471,2025-07-02T08:24:04Z,jkotas
dotnet/runtime,116480,2025-06-21T17:13:22Z,jkotas
dotnet/runtime,116481,2025-06-11T17:50:54Z,bartonjs
dotnet/runtime,116483,2025-06-10T17:36:09Z,jkotas
dotnet/runtime,116484,2025-06-11T16:09:32Z,jkotas
dotnet/runtime,116497,2025-06-11T06:32:14Z,T-Gro
dotnet/runtime,116499,2025-06-11T18:46:43Z,hoyosjs
dotnet/runtime,116505,2025-06-11T00:13:15Z,jtschuster
dotnet/runtime,116512,2025-06-11T04:02:13Z,jkoritzinsky
dotnet/runtime,116514,2025-06-16T22:48:21Z,jozkee
dotnet/runtime,116525,2025-06-12T15:08:51Z,kunalspathak
dotnet/runtime,116528,2025-06-11T14:54:44Z,EgorBo
dotnet/runtime,116534,2025-07-10T17:50:24Z,tarekgh
dotnet/runtime,116535,2025-06-11T15:00:15Z,janvorli
dotnet/runtime,116536,2025-06-11T20:28:03Z,akoeplinger
dotnet/runtime,116537,2025-06-16T18:11:30Z,jozkee
dotnet/runtime,116539,2025-06-11T20:36:13Z,EgorBo
dotnet/runtime,116540,2025-06-12T06:01:42Z,jkotas
dotnet/runtime,116549,2025-06-11T17:56:22Z,jakobbotsch
dotnet/runtime,116552,2025-07-09T21:55:20Z,tarekgh
dotnet/runtime,116557,2025-06-11T22:14:49Z,tmat
dotnet/runtime,116563,2025-06-11T23:16:41Z,janvorli
dotnet/runtime,116565,2025-06-12T06:38:06Z,jkotas
dotnet/runtime,116569,2025-06-12T06:15:43Z,BrzVlad
dotnet/runtime,116574,2025-06-12T15:05:44Z,MihaZupan
dotnet/runtime,116579,2025-06-12T13:41:40Z,ViktorHofer
dotnet/runtime,116581,2025-06-13T08:45:07Z,risc-vv
dotnet/runtime,116582,2025-06-18T18:48:12Z,tannergooding
dotnet/runtime,116583,2025-06-12T13:35:42Z,premun
dotnet/runtime,116589,2025-06-12T16:12:28Z,EgorBo
dotnet/runtime,116590,2025-06-16T18:20:27Z,PranavSenthilnathan
dotnet/runtime,116591,2025-06-12T18:28:06Z,EgorBo
dotnet/runtime,116601,2025-06-13T03:24:06Z,PranavSenthilnathan
dotnet/runtime,116602,2025-06-16T15:34:51Z,ericstj
dotnet/runtime,116603,2025-06-12T21:07:35Z,kg
dotnet/runtime,116609,2025-06-13T16:13:11Z,MihaZupan
dotnet/runtime,116612,2025-06-13T00:07:50Z,MihuBot
dotnet/runtime,116617,2025-06-13T15:17:45Z,jkotas
dotnet/runtime,116618,2025-06-13T20:11:21Z,noahfalk
dotnet/runtime,116619,2025-06-13T08:22:58Z,jkotas
dotnet/runtime,116623,2025-06-13T08:37:30Z,akoeplinger
dotnet/runtime,116626,2025-07-09T00:09:14Z,tarekgh
dotnet/runtime,116630,2025-06-13T14:57:53Z,antonfirsov
dotnet/runtime,116631,2025-06-13T14:59:12Z,antonfirsov
dotnet/runtime,116635,2025-06-16T18:13:40Z,PranavSenthilnathan
dotnet/runtime,116637,2025-06-13T22:14:40Z,AndyAyersMS
dotnet/runtime,116639,2025-06-13T17:58:41Z,jkotas
dotnet/runtime,116640,2025-06-14T01:32:23Z,jkotas
dotnet/runtime,116641,2025-07-01T09:32:40Z,akoeplinger
dotnet/runtime,116646,2025-06-13T18:21:49Z,jkotas
dotnet/runtime,116651,2025-06-18T16:27:28Z,jkotas
dotnet/runtime,116652,2025-06-14T03:20:25Z,jkotas
dotnet/runtime,116656,2025-06-14T15:04:04Z,agocke
dotnet/runtime,116660,2025-06-27T12:46:34Z,MichalStrehovsky
dotnet/runtime,116661,2025-06-16T16:00:43Z,kg
dotnet/runtime,116662,2025-06-14T04:06:59Z,jkotas
dotnet/runtime,116669,2025-07-08T13:18:04Z,uweigand
dotnet/runtime,116673,2025-06-16T10:26:25Z,rzikm
dotnet/runtime,116677,2025-06-30T08:40:03Z,jdutkiewicz-krk
dotnet/runtime,116687,2025-06-16T12:38:42Z,rzikm
dotnet/runtime,116707,2025-06-16T18:35:49Z,danmoseley
dotnet/runtime,116711,2025-07-14T15:14:03Z,JulieLeeMSFT
dotnet/runtime,116715,2025-08-04T17:38:48Z,bartonjs
dotnet/runtime,116716,2025-06-16T22:13:21Z,jkotas
dotnet/runtime,116721,2025-06-18T19:41:37Z,tannergooding
dotnet/runtime,116723,2025-06-17T17:40:20Z,stephentoub
dotnet/runtime,116725,2025-06-18T18:32:25Z,AaronRobinsonMSFT
dotnet/runtime,116726,2025-06-17T08:29:12Z,jakobbotsch
dotnet/runtime,116729,2025-06-24T13:04:57Z,CarnaViire
dotnet/runtime,116732,2025-07-13T08:03:05Z,akoeplinger
dotnet/runtime,116741,2025-06-24T11:28:55Z,rokonec
dotnet/runtime,116745,2025-06-17T15:38:18Z,lewing
dotnet/runtime,116752,2025-06-17T17:14:16Z,stephentoub
dotnet/runtime,116757,2025-06-19T12:26:10Z,liveans
dotnet/runtime,116767,2025-06-17T21:42:14Z,jkoritzinsky
dotnet/runtime,116769,2025-06-18T05:21:10Z,jkotas
dotnet/runtime,116773,2025-06-18T12:19:57Z,jakobbotsch
dotnet/runtime,116774,2025-06-18T16:44:47Z,eiriktsarpalis
dotnet/runtime,116777,2025-06-18T07:49:14Z,huoyaoyuan
dotnet/runtime,116779,2025-07-04T08:11:11Z,risc-vv
dotnet/runtime,116780,2025-06-18T10:26:04Z,risc-vv
dotnet/runtime,116782,2025-06-20T16:07:29Z,ViktorHofer
dotnet/runtime,116783,2025-06-18T11:20:58Z,risc-vv
dotnet/runtime,116784,2025-06-19T18:49:09Z,kunalspathak
dotnet/runtime,116788,2025-08-18T11:04:43Z,steveisok
dotnet/runtime,116791,2025-07-04T08:11:13Z,risc-vv
dotnet/runtime,116792,2025-06-18T16:38:00Z,jkotas
dotnet/runtime,116794,2025-06-18T18:47:25Z,janvorli
dotnet/runtime,116795,2025-06-26T07:54:27Z,akoeplinger
dotnet/runtime,116804,2025-06-20T22:05:30Z,kunalspathak
dotnet/runtime,116805,2025-08-08T16:09:26Z,tannergooding
dotnet/runtime,116806,2025-07-04T08:11:08Z,risc-vv
dotnet/runtime,116807,2025-06-19T17:32:12Z,joperezr
dotnet/runtime,116808,2025-07-02T14:31:44Z,AndyAyersMS
dotnet/runtime,116809,2025-06-19T09:11:17Z,rzikm
dotnet/runtime,116817,2025-06-25T13:06:27Z,MihaZupan
dotnet/runtime,116822,2025-06-19T22:44:24Z,AndyAyersMS
dotnet/runtime,116824,2025-06-19T17:06:22Z,jkotas
dotnet/runtime,116828,2025-06-19T17:59:41Z,PranavSenthilnathan
dotnet/runtime,116830,2025-06-24T08:20:57Z,MaceWindu
dotnet/runtime,116833,2025-06-20T20:08:06Z,stephentoub
dotnet/runtime,116834,2025-06-25T04:50:55Z,jkotas
dotnet/runtime,116843,2025-06-20T13:22:26Z,amanasifkhalid
dotnet/runtime,116844,2025-06-25T12:39:33Z,jkotas
dotnet/runtime,116848,2025-06-30T10:52:39Z,a74nh
dotnet/runtime,116852,2025-06-20T17:33:42Z,kunalspathak
dotnet/runtime,116854,2025-06-24T00:52:33Z,kunalspathak
dotnet/runtime,116860,2025-06-26T15:04:35Z,akoeplinger
dotnet/runtime,116865,2025-06-20T19:25:28Z,brianrob
dotnet/runtime,116882,2025-06-20T22:45:06Z,jkotas
dotnet/runtime,116892,2025-06-23T17:47:52Z,kunalspathak
dotnet/runtime,116901,2025-06-25T12:51:48Z,jkotas
dotnet/runtime,116903,2025-06-23T06:56:14Z,filipnavara
dotnet/runtime,116907,2025-06-23T13:55:18Z,kotlarmilos
dotnet/runtime,116910,2025-06-23T19:08:02Z,wfurt
dotnet/runtime,116913,2025-06-24T11:02:39Z,tannergooding
dotnet/runtime,116914,2025-06-25T16:10:21Z,kunalspathak
dotnet/runtime,116924,2025-07-07T13:47:11Z,janvorli
dotnet/runtime,116925,2025-06-23T19:53:23Z,jkotas
dotnet/runtime,116935,2025-06-23T23:24:50Z,hoyosjs
dotnet/runtime,116940,2025-06-29T15:15:08Z,AnalogFeelings
dotnet/runtime,116947,2025-07-18T11:12:50Z,eiriktsarpalis
dotnet/runtime,116949,2025-06-24T13:50:42Z,AndyAyersMS
dotnet/runtime,116951,2025-07-10T18:25:14Z,tarekgh
dotnet/runtime,116954,2025-06-24T12:29:09Z,stephentoub
dotnet/runtime,116955,2025-06-24T09:26:25Z,MihaZupan
dotnet/runtime,116956,2025-06-24T10:36:13Z,risc-vv
dotnet/runtime,116964,2025-06-24T17:16:46Z,kg
dotnet/runtime,116973,2025-06-28T09:30:57Z,huoyaoyuan
dotnet/runtime,116980,2025-06-24T19:44:41Z,yariks5s
dotnet/runtime,116986,2025-06-24T21:07:01Z,am11
dotnet/runtime,116990,2025-06-25T00:36:09Z,kg
dotnet/runtime,116991,2025-06-27T14:42:54Z,a74nh
dotnet/runtime,117009,2025-06-25T15:29:03Z,geeknoid
dotnet/runtime,117010,2025-08-18T16:17:54Z,NikolaMilosavljevic
dotnet/runtime,117012,2025-06-25T10:10:43Z,vitek-karas
dotnet/runtime,117013,2025-06-25T07:37:43Z,clamp03
dotnet/runtime,117016,2025-07-01T13:48:13Z,rzikm
dotnet/runtime,117018,2025-06-25T13:03:30Z,steveisok
dotnet/runtime,117021,2025-06-25T14:11:08Z,am11
dotnet/runtime,117023,2025-06-25T18:19:30Z,am11
dotnet/runtime,117028,2025-06-26T07:45:41Z,huoyaoyuan
dotnet/runtime,117035,2025-06-26T05:42:25Z,jkotas
dotnet/runtime,117046,2025-06-26T14:19:32Z,akoeplinger
dotnet/runtime,117048,2025-06-26T12:26:08Z,risc-vv
dotnet/runtime,117051,2025-07-01T13:55:48Z,amanasifkhalid
dotnet/runtime,117059,2025-07-08T12:28:36Z,janvorli
dotnet/runtime,117066,2025-06-26T18:54:35Z,amanasifkhalid
dotnet/runtime,117079,2025-06-27T10:12:41Z,eiriktsarpalis
dotnet/runtime,117080,2025-06-27T16:43:15Z,jkotas
dotnet/runtime,117081,2025-06-27T10:38:49Z,akoeplinger
dotnet/runtime,117083,2025-06-27T14:08:02Z,amanasifkhalid
dotnet/runtime,117088,2025-07-10T22:00:36Z,risc-vv
dotnet/runtime,117100,2025-06-28T05:25:07Z,am11
dotnet/runtime,117103,2025-06-27T22:06:53Z,AustinWise
dotnet/runtime,117104,2025-07-03T10:26:34Z,VSadov
dotnet/runtime,117108,2025-06-27T23:55:23Z,mangod9
dotnet/runtime,117115,2025-07-21T10:39:44Z,akoeplinger
dotnet/runtime,117118,2025-06-28T21:35:38Z,risc-vv
dotnet/runtime,117139,2025-06-30T15:51:19Z,jkotas
dotnet/runtime,117160,2025-06-30T21:12:22Z,EgorBo
dotnet/runtime,117180,2025-07-01T02:30:10Z,richlander
dotnet/runtime,117181,2025-07-01T02:23:26Z,vcsjones
dotnet/runtime,117182,2025-07-01T09:52:08Z,EgorBo
dotnet/runtime,117187,2025-07-02T00:56:20Z,jkotas
dotnet/runtime,117188,2025-07-01T18:11:57Z,amanasifkhalid
dotnet/runtime,117192,2025-07-01T21:50:07Z,stephentoub
dotnet/runtime,117196,2025-07-01T13:51:02Z,risc-vv
dotnet/runtime,117201,2025-07-01T15:35:36Z,risc-vv
dotnet/runtime,117208,2025-07-02T00:03:03Z,jkotas
dotnet/runtime,117219,2025-07-01T23:32:35Z,jtschuster
dotnet/runtime,117221,2025-07-02T00:01:52Z,elinor-fung
dotnet/runtime,117223,2025-07-02T00:20:32Z,MichalPetryka
dotnet/runtime,117224,2025-07-02T04:13:21Z,hoyosjs
dotnet/runtime,117230,2025-07-02T09:35:47Z,MichalStrehovsky
dotnet/runtime,117238,2025-07-03T05:28:32Z,rhuijben
dotnet/runtime,117245,2025-07-02T19:03:03Z,akoeplinger
dotnet/runtime,117246,2025-07-02T16:35:45Z,BrzVlad
dotnet/runtime,117252,2025-07-17T08:39:13Z,SwapnilGaikwad
dotnet/runtime,117254,2025-07-04T00:43:19Z,mangod9
dotnet/runtime,117256,2025-07-03T15:47:53Z,vcsjones
dotnet/runtime,117258,2025-07-04T08:11:10Z,risc-vv
dotnet/runtime,117259,2025-07-20T09:41:50Z,Neustradamus
dotnet/runtime,117261,2025-07-28T13:48:33Z,JulieLeeMSFT
dotnet/runtime,117263,2025-07-10T11:58:40Z,kg
dotnet/runtime,117272,2025-07-04T06:18:09Z,risc-vv
dotnet/runtime,117276,2025-07-21T08:38:55Z,akoeplinger
dotnet/runtime,117283,2025-07-04T00:20:54Z,tarekgh
dotnet/runtime,117287,2025-07-03T20:14:49Z,MihuBot
dotnet/runtime,117294,2025-07-04T03:11:49Z,jkotas
dotnet/runtime,117313,2025-07-24T16:33:46Z,tannergooding
dotnet/runtime,117314,2025-07-11T15:19:10Z,VSadov
dotnet/runtime,117315,2025-07-10T14:44:51Z,jkoritzinsky
dotnet/runtime,117321,2025-07-08T02:05:43Z,am11
dotnet/runtime,117323,2025-07-05T16:02:30Z,MichalPetryka
dotnet/runtime,117324,2025-07-04T18:51:14Z,tannergooding
dotnet/runtime,117330,2025-07-05T21:30:04Z,jkotas
dotnet/runtime,117332,2025-07-05T19:19:06Z,jkotas
dotnet/runtime,117333,2025-07-29T11:57:24Z,filipnavara
dotnet/runtime,117334,2025-07-06T12:02:30Z,KalleOlaviNiemitalo
dotnet/runtime,117336,2025-07-10T14:01:49Z,srxqds
dotnet/runtime,117345,2025-07-07T03:29:00Z,jkotas
dotnet/runtime,117357,2025-07-07T06:07:36Z,eiriktsarpalis
dotnet/runtime,117361,2025-07-08T14:24:43Z,amanasifkhalid
dotnet/runtime,117365,2025-07-07T13:14:12Z,skyoxZ
dotnet/runtime,117376,2025-07-15T10:28:05Z,jakobbotsch
dotnet/runtime,117382,2025-07-08T08:43:12Z,risc-vv
dotnet/runtime,117390,2025-07-09T02:04:49Z,jkotas
dotnet/runtime,117395,2025-07-08T16:26:47Z,akoeplinger
dotnet/runtime,117397,2025-07-08T08:43:07Z,risc-vv
dotnet/runtime,117405,2025-07-08T04:49:45Z,jkotas
dotnet/runtime,117408,2025-07-08T08:43:58Z,risc-vv
dotnet/runtime,117410,2025-07-08T16:07:45Z,ericstj
dotnet/runtime,117411,2025-07-08T08:26:26Z,jkotas
dotnet/runtime,117414,2025-07-09T21:42:31Z,bartonjs
dotnet/runtime,117417,2025-07-13T20:00:58Z,jkotas
dotnet/runtime,117418,2025-07-10T04:04:32Z,agocke
dotnet/runtime,117419,2025-07-09T21:14:12Z,agocke
dotnet/runtime,117429,2025-08-08T15:45:12Z,tarekgh
dotnet/runtime,117432,2025-07-10T12:04:18Z,kg
dotnet/runtime,117436,2025-07-08T20:40:41Z,risc-vv
dotnet/runtime,117437,2025-08-03T15:43:44Z,jkotas
dotnet/runtime,117440,2025-07-09T18:33:02Z,tarekgh
dotnet/runtime,117442,2025-07-09T18:42:55Z,tarekgh
dotnet/runtime,117446,2025-07-09T08:26:01Z,risc-vv
dotnet/runtime,117456,2025-07-09T17:39:42Z,Sergio0694
dotnet/runtime,117460,2025-07-09T13:57:47Z,huoyaoyuan
dotnet/runtime,117461,2025-07-09T15:38:35Z,risc-vv
dotnet/runtime,117462,2025-07-13T09:50:57Z,jkotas
dotnet/runtime,117464,2025-07-10T15:04:30Z,am11
dotnet/runtime,117465,2025-07-11T22:37:46Z,bartonjs
dotnet/runtime,117471,2025-07-11T16:17:58Z,tarekgh
dotnet/runtime,117472,2025-07-10T05:50:55Z,rzikm
dotnet/runtime,117473,2025-07-15T04:28:51Z,filipnavara
dotnet/runtime,117478,2025-07-13T10:08:35Z,jkotas
dotnet/runtime,117482,2025-07-11T16:21:28Z,tarekgh
dotnet/runtime,117487,2025-07-17T09:59:52Z,jkotas
dotnet/runtime,117489,2025-07-10T00:46:01Z,agocke
dotnet/runtime,117502,2025-07-10T16:34:57Z,Sergio0694
dotnet/runtime,117505,2025-07-10T20:56:42Z,tannergooding
dotnet/runtime,117508,2025-07-15T09:14:05Z,a74nh
dotnet/runtime,117511,2025-07-11T06:38:09Z,jkotas
dotnet/runtime,117513,2025-07-10T20:30:01Z,lewing
dotnet/runtime,117515,2025-07-12T00:10:49Z,risc-vv
dotnet/runtime,117518,2025-07-11T15:50:37Z,jkotas
dotnet/runtime,117519,2025-07-18T21:32:25Z,skhaz
dotnet/runtime,117522,2025-07-13T08:56:06Z,jkotas
dotnet/runtime,117523,2025-07-11T18:37:33Z,elinor-fung
dotnet/runtime,117530,2025-07-11T17:33:04Z,KalleOlaviNiemitalo
dotnet/runtime,117531,2025-07-11T08:39:12Z,jakobbotsch
dotnet/runtime,117532,2025-07-11T14:12:38Z,akoeplinger
dotnet/runtime,117542,2025-07-14T08:47:12Z,kotlarmilos
dotnet/runtime,117543,2025-07-11T16:34:44Z,tarekgh
dotnet/runtime,117553,2025-07-11T18:15:36Z,risc-vv
dotnet/runtime,117554,2025-07-14T09:51:24Z,EgorBo
dotnet/runtime,117562,2025-07-14T14:29:41Z,tannergooding
dotnet/runtime,117563,2025-07-14T09:52:19Z,eiriktsarpalis
dotnet/runtime,117572,2025-07-14T09:58:51Z,EgorBo
dotnet/runtime,117576,2025-07-13T07:30:39Z,risc-vv
dotnet/runtime,117578,2025-07-14T21:17:39Z,jkotas
dotnet/runtime,117580,2025-07-13T13:54:22Z,akoeplinger
dotnet/runtime,117583,2025-07-13T16:43:21Z,jkotas
dotnet/runtime,117587,2025-07-17T01:24:15Z,jkotas
dotnet/runtime,117588,2025-07-13T19:40:41Z,risc-vv
dotnet/runtime,117590,2025-07-18T12:53:44Z,akoeplinger
dotnet/runtime,117593,2025-07-25T09:44:57Z,kotlarmilos
dotnet/runtime,117594,2025-07-14T18:23:57Z,tarekgh
dotnet/runtime,117595,2025-07-14T13:31:50Z,lewing
dotnet/runtime,117599,2025-07-14T12:57:40Z,filipnavara
dotnet/runtime,117606,2025-07-14T15:05:15Z,amanasifkhalid
dotnet/runtime,117609,2025-07-14T20:27:11Z,amanasifkhalid
dotnet/runtime,117611,2025-07-14T19:42:23Z,liveans
dotnet/runtime,117613,2025-07-16T21:27:51Z,bartonjs
dotnet/runtime,117620,2025-07-14T19:52:13Z,jkotas
dotnet/runtime,117621,2025-07-17T10:22:34Z,jkotas
dotnet/runtime,117622,2025-07-15T18:22:01Z,tannergooding
dotnet/runtime,117625,2025-07-14T21:26:02Z,jkotas
dotnet/runtime,117631,2025-07-14T23:02:58Z,EgorBo
dotnet/runtime,117635,2025-07-15T04:52:08Z,jkotas
dotnet/runtime,117641,2025-07-15T18:31:53Z,AaronRobinsonMSFT
dotnet/runtime,117645,2025-07-15T08:51:04Z,janvorli
dotnet/runtime,117646,2025-07-15T10:23:52Z,jkotas
dotnet/runtime,117655,2025-07-15T13:45:09Z,jkotas
dotnet/runtime,117660,2025-07-15T23:26:41Z,amanasifkhalid
dotnet/runtime,117667,2025-07-15T18:01:10Z,wfurt
dotnet/runtime,117671,2025-07-16T00:52:36Z,tarekgh
dotnet/runtime,117672,2025-07-15T22:12:39Z,tarekgh
dotnet/runtime,117674,2025-07-15T19:23:30Z,bartonjs
dotnet/runtime,117679,2025-07-17T13:19:27Z,vitek-karas
dotnet/runtime,117687,2025-07-17T00:11:07Z,bartonjs
dotnet/runtime,117690,2025-07-16T23:45:58Z,AaronRobinsonMSFT
dotnet/runtime,117692,2025-07-16T18:03:33Z,pentp
dotnet/runtime,117693,2025-07-22T22:23:27Z,richlander
dotnet/runtime,117694,2025-07-22T08:55:44Z,ManickaP
dotnet/runtime,117700,2025-07-16T16:21:09Z,tannergooding
dotnet/runtime,117702,2025-07-16T08:16:00Z,a74nh
dotnet/runtime,117705,2025-07-16T10:31:35Z,MichalStrehovsky
dotnet/runtime,117706,2025-07-18T22:32:55Z,amanasifkhalid
dotnet/runtime,117707,2025-07-16T14:52:39Z,tarekgh
dotnet/runtime,117708,2025-07-17T00:14:55Z,eerhardt
dotnet/runtime,117711,2025-07-18T18:20:42Z,amanasifkhalid
dotnet/runtime,117715,2025-07-16T12:54:44Z,stephentoub
dotnet/runtime,117719,2025-07-16T14:56:57Z,a74nh
dotnet/runtime,117738,2025-07-24T11:33:37Z,filipnavara
dotnet/runtime,117742,2025-07-21T18:43:59Z,tarekgh
dotnet/runtime,117744,2025-08-18T08:07:35Z,akoeplinger
dotnet/runtime,117755,2025-08-11T20:10:01Z,AaronRobinsonMSFT
dotnet/runtime,117758,2025-07-18T18:23:12Z,amanasifkhalid
dotnet/runtime,117761,2025-07-17T23:52:02Z,bartonjs
dotnet/runtime,117762,2025-07-17T23:30:35Z,bartonjs
dotnet/runtime,117763,2025-07-21T12:37:19Z,vitek-karas
dotnet/runtime,117769,2025-07-17T16:09:38Z,kg
dotnet/runtime,117779,2025-08-06T01:48:05Z,AaronRobinsonMSFT
dotnet/runtime,117790,2025-07-20T22:49:14Z,jkotas
dotnet/runtime,117792,2025-07-18T08:32:25Z,MihaZupan
dotnet/runtime,117797,2025-07-18T00:24:18Z,reflectronic
dotnet/runtime,117800,2025-07-25T22:48:11Z,jkotas
dotnet/runtime,117806,2025-07-22T19:00:48Z,tarekgh
dotnet/runtime,117817,2025-07-21T15:33:34Z,ladeak
dotnet/runtime,117831,2025-07-24T01:21:26Z,PranavSenthilnathan
dotnet/runtime,117839,2025-07-22T05:54:02Z,eiriktsarpalis
dotnet/runtime,117844,2025-07-19T18:55:11Z,jkotas
dotnet/runtime,117845,2025-08-03T14:19:09Z,tannergooding
dotnet/runtime,117846,2025-08-04T18:58:56Z,tarekgh
dotnet/runtime,117849,2025-07-19T15:19:03Z,vcsjones
dotnet/runtime,117856,2025-07-20T09:42:35Z,Neustradamus
dotnet/runtime,117857,2025-07-20T18:23:16Z,rcj1
dotnet/runtime,117864,2025-07-20T21:08:58Z,jkotas
dotnet/runtime,117865,2025-07-20T21:46:14Z,MihuBot
dotnet/runtime,117868,2025-07-21T01:21:17Z,stephentoub
dotnet/runtime,117871,2025-08-14T17:12:04Z,DrewScoggins
dotnet/runtime,117872,2025-07-21T20:23:25Z,tarekgh
dotnet/runtime,117873,2025-07-21T18:49:10Z,tarekgh
dotnet/runtime,117875,2025-07-21T16:32:59Z,sbomer
dotnet/runtime,117878,2025-07-21T20:39:06Z,tarekgh
dotnet/runtime,117879,2025-07-21T20:22:12Z,tarekgh
dotnet/runtime,117887,2025-07-21T16:11:31Z,MihaZupan
dotnet/runtime,117889,2025-07-23T09:46:21Z,PranavSenthilnathan
dotnet/runtime,117890,2025-07-25T10:50:07Z,maraf
dotnet/runtime,117891,2025-07-22T22:02:34Z,tarekgh
dotnet/runtime,117892,2025-07-21T18:53:42Z,MihuBot
dotnet/runtime,117901,2025-07-21T23:52:10Z,jkotas
dotnet/runtime,117906,2025-07-22T16:54:38Z,BrennanConroy
dotnet/runtime,117910,2025-07-23T18:20:47Z,tarekgh
dotnet/runtime,117913,2025-07-23T17:49:58Z,jeffschwMSFT
dotnet/runtime,117915,2025-07-22T05:01:14Z,risc-vv
dotnet/runtime,117916,2025-07-22T15:58:06Z,ericstj
dotnet/runtime,117917,2025-07-22T16:33:07Z,PranavSenthilnathan
dotnet/runtime,117932,2025-07-25T10:22:21Z,sirntar
dotnet/runtime,117933,2025-07-22T15:09:51Z,akoeplinger
dotnet/runtime,117934,2025-07-24T16:06:34Z,amanasifkhalid
dotnet/runtime,117936,2025-07-28T13:28:58Z,pavelsavara
dotnet/runtime,117937,2025-07-25T17:43:53Z,jjonescz
dotnet/runtime,117939,2025-07-29T01:36:44Z,jkotas
dotnet/runtime,117941,2025-07-22T18:54:11Z,tannergooding
dotnet/runtime,117943,2025-07-23T19:19:39Z,MihuBot
dotnet/runtime,117945,2025-07-22T19:58:39Z,jkotas
dotnet/runtime,117950,2025-07-31T17:09:15Z,jkotas
dotnet/runtime,117953,2025-07-22T22:21:10Z,risc-vv
dotnet/runtime,117957,2025-08-04T18:58:36Z,tarekgh
dotnet/runtime,117962,2025-07-23T23:27:02Z,tarekgh
dotnet/runtime,117966,2025-07-24T01:57:56Z,vcsjones
dotnet/runtime,117967,2025-07-25T05:47:03Z,sirntar
dotnet/runtime,117971,2025-07-23T14:30:29Z,akoeplinger
dotnet/runtime,117975,2025-07-23T16:07:10Z,bollhals
dotnet/runtime,117978,2025-07-23T15:25:34Z,thaystg
dotnet/runtime,117981,2025-07-23T13:58:43Z,akoeplinger
dotnet/runtime,117983,2025-07-30T16:53:12Z,pavelsavara
dotnet/runtime,117991,2025-07-23T22:15:02Z,JulieLeeMSFT
dotnet/runtime,117993,2025-07-24T19:38:00Z,jeffhandley
dotnet/runtime,117995,2025-07-23T23:55:45Z,jkotas
dotnet/runtime,117996,2025-07-24T17:08:16Z,tannergooding
dotnet/runtime,118001,2025-07-24T17:43:51Z,tarekgh
dotnet/runtime,118002,2025-07-29T16:11:18Z,jkoritzinsky
dotnet/runtime,118007,2025-07-24T03:44:00Z,driver1998
dotnet/runtime,118015,2025-07-24T11:56:30Z,janvorli
dotnet/runtime,118016,2025-07-24T15:12:23Z,jkotas
dotnet/runtime,118024,2025-07-24T16:00:02Z,jkotas
dotnet/runtime,118027,2025-07-24T16:31:04Z,jakobbotsch
dotnet/runtime,118029,2025-07-28T10:10:07Z,lateralusX
dotnet/runtime,118037,2025-07-25T07:26:09Z,risc-vv
dotnet/runtime,118041,2025-07-25T15:58:26Z,NinoFloris
dotnet/runtime,118050,2025-07-25T07:26:11Z,risc-vv
dotnet/runtime,118057,2025-07-25T10:53:30Z,am11
dotnet/runtime,118065,2025-07-25T18:49:09Z,MiYanni
dotnet/runtime,118067,2025-07-25T20:26:17Z,risc-vv
dotnet/runtime,118069,2025-07-25T21:36:57Z,jkotas
dotnet/runtime,118075,2025-07-28T16:00:28Z,tarekgh
dotnet/runtime,118079,2025-07-26T02:00:21Z,MihuBot
dotnet/runtime,118080,2025-07-28T20:25:08Z,tarekgh
dotnet/runtime,118083,2025-07-26T11:18:07Z,MihuBot
dotnet/runtime,118084,2025-07-26T12:57:28Z,MihuBot
dotnet/runtime,118085,2025-07-30T15:31:12Z,akoeplinger
dotnet/runtime,118087,2025-07-26T20:33:42Z,MihuBot
dotnet/runtime,118091,2025-07-27T01:56:47Z,MihuBot
dotnet/runtime,118095,2025-07-28T08:46:32Z,ManickaP
dotnet/runtime,118097,2025-07-27T16:49:00Z,Clockwork-Muse
dotnet/runtime,118099,2025-07-28T09:25:55Z,pavelsavara
dotnet/runtime,118101,2025-07-27T21:11:06Z,risc-vv
dotnet/runtime,118105,2025-07-27T22:47:04Z,MihuBot
dotnet/runtime,118106,2025-07-27T22:46:23Z,MihuBot
dotnet/runtime,118108,2025-07-29T15:03:50Z,MihuBot
dotnet/runtime,118109,2025-07-28T01:38:32Z,MihuBot
dotnet/runtime,118111,2025-07-28T01:54:08Z,MihuBot
dotnet/runtime,118114,2025-07-28T22:28:24Z,tarekgh
dotnet/runtime,118120,2025-07-30T15:40:22Z,steveisok
dotnet/runtime,118136,2025-07-29T18:26:04Z,jkoritzinsky
dotnet/runtime,118137,2025-07-28T20:43:39Z,MihuBot
dotnet/runtime,118140,2025-07-30T21:48:32Z,jkotas
dotnet/runtime,118141,2025-07-29T15:50:51Z,max-charlamb
dotnet/runtime,118144,2025-07-29T08:19:23Z,ViktorHofer
dotnet/runtime,118149,2025-07-30T07:48:43Z,pavelsavara
dotnet/runtime,118153,2025-07-29T03:24:43Z,MihuBot
dotnet/runtime,118154,2025-07-29T10:03:05Z,EgorBo
dotnet/runtime,118156,2025-08-02T03:35:45Z,reflectronic
dotnet/runtime,118157,2025-08-02T15:42:58Z,tannergooding
dotnet/runtime,118161,2025-08-06T19:02:31Z,BrzVlad
dotnet/runtime,118165,2025-07-29T15:20:49Z,jkotas
dotnet/runtime,118180,2025-08-01T14:50:05Z,ViktorHofer
dotnet/runtime,118188,2025-08-07T23:51:21Z,tannergooding
dotnet/runtime,118191,2025-07-30T02:07:18Z,MihuBot
dotnet/runtime,118199,2025-07-30T13:46:11Z,jkotas
dotnet/runtime,118202,2025-07-31T14:40:57Z,amanasifkhalid
dotnet/runtime,118203,2025-08-15T13:52:03Z,akoeplinger
dotnet/runtime,118207,2025-07-31T14:26:52Z,Patjedjtruckers
dotnet/runtime,118208,2025-07-31T13:34:18Z,amanasifkhalid
dotnet/runtime,118212,2025-08-05T17:58:14Z,steveisok
dotnet/runtime,118216,2025-07-30T20:42:49Z,vcsjones
dotnet/runtime,118221,2025-07-30T22:37:08Z,MihuBot
dotnet/runtime,118228,2025-07-31T16:01:07Z,AaronRobinsonMSFT
dotnet/runtime,118231,2025-07-31T10:28:12Z,MichalStrehovsky
dotnet/runtime,118237,2025-07-31T11:46:23Z,BrzVlad
dotnet/runtime,118239,2025-07-31T15:28:26Z,MihaZupan
dotnet/runtime,118241,2025-08-05T11:35:22Z,MichalStrehovsky
dotnet/runtime,118246,2025-07-31T19:18:43Z,AaronRobinsonMSFT
dotnet/runtime,118248,2025-07-31T20:34:02Z,PranavSenthilnathan
dotnet/runtime,118249,2025-08-04T05:20:44Z,jaredpar
dotnet/runtime,118250,2025-08-01T17:18:45Z,max-charlamb
dotnet/runtime,118259,2025-08-01T06:28:36Z,vcsjones
dotnet/runtime,118261,2025-08-01T06:37:19Z,huoyaoyuan
dotnet/runtime,118270,2025-08-01T10:23:43Z,sirntar
dotnet/runtime,118271,2025-08-01T12:49:37Z,pavelsavara
dotnet/runtime,118273,2025-08-01T13:03:04Z,a74nh
dotnet/runtime,118277,2025-08-05T16:59:17Z,janvorli
dotnet/runtime,118279,2025-08-12T18:03:20Z,ericstj
dotnet/runtime,118285,2025-08-01T19:44:44Z,jkotas
dotnet/runtime,118289,2025-08-08T23:04:36Z,AndyAyersMS
dotnet/runtime,118291,2025-08-03T15:04:34Z,tannergooding
dotnet/runtime,118296,2025-08-02T00:02:53Z,teo-tsirpanis
dotnet/runtime,118302,2025-08-04T08:52:14Z,KalleOlaviNiemitalo
dotnet/runtime,118316,2025-08-04T14:57:33Z,jkotas
dotnet/runtime,118326,2025-08-04T13:59:59Z,stephentoub
dotnet/runtime,118328,2025-08-05T03:33:35Z,jeffhandley
dotnet/runtime,118332,2025-08-15T22:56:12Z,amanasifkhalid
dotnet/runtime,118335,2025-08-04T17:39:59Z,jkotas
dotnet/runtime,118336,2025-08-04T19:07:41Z,jkotas
dotnet/runtime,118338,2025-08-04T15:54:19Z,amanasifkhalid
dotnet/runtime,118340,2025-08-04T15:01:57Z,MihuBot
dotnet/runtime,118341,2025-08-04T17:26:24Z,MihaZupan
dotnet/runtime,118348,2025-08-07T15:26:21Z,krwq
dotnet/runtime,118349,2025-08-07T15:27:44Z,krwq
dotnet/runtime,118352,2025-08-04T18:13:18Z,tarekgh
dotnet/runtime,118354,2025-08-05T06:28:31Z,eterekhin
dotnet/runtime,118355,2025-08-05T22:31:54Z,lewing
dotnet/runtime,118357,2025-08-04T19:32:33Z,vcsjones
dotnet/runtime,118360,2025-08-05T00:27:49Z,jkotas
dotnet/runtime,118361,2025-08-11T17:58:50Z,jkotas
dotnet/runtime,118363,2025-08-05T12:51:23Z,am11
dotnet/runtime,118368,2025-08-05T15:12:07Z,jakobbotsch
dotnet/runtime,118369,2025-08-05T08:34:35Z,kasperk81
dotnet/runtime,118376,2025-08-05T07:26:12Z,risc-vv
dotnet/runtime,118379,2025-08-05T17:01:29Z,CarnaViire
dotnet/runtime,118380,2025-08-11T15:00:36Z,a74nh
dotnet/runtime,118394,2025-08-06T14:03:44Z,akoeplinger
dotnet/runtime,118400,2025-08-05T21:21:25Z,jkotas
dotnet/runtime,118402,2025-08-05T20:49:30Z,jkotas
dotnet/runtime,118404,2025-08-06T12:05:46Z,janvorli
dotnet/runtime,118406,2025-08-06T15:49:07Z,jkotas
dotnet/runtime,118407,2025-08-05T20:06:02Z,risc-vv
dotnet/runtime,118408,2025-08-05T23:20:05Z,PranavSenthilnathan
dotnet/runtime,118410,2025-08-06T21:28:26Z,jeffhandley
dotnet/runtime,118415,2025-08-06T08:29:18Z,lateralusX
dotnet/runtime,118416,2025-08-18T10:28:23Z,pavelsavara
dotnet/runtime,118419,2025-08-07T20:02:12Z,agocke
dotnet/runtime,118424,2025-08-06T09:04:12Z,xtqqczze
dotnet/runtime,118425,2025-08-06T14:35:13Z,AndyAyersMS
dotnet/runtime,118430,2025-08-06T13:58:41Z,jakobbotsch
dotnet/runtime,118432,2025-08-07T19:57:49Z,elinor-fung
dotnet/runtime,118439,2025-08-06T12:56:27Z,risc-vv
dotnet/runtime,118455,2025-08-06T16:20:54Z,tarekgh
dotnet/runtime,118456,2025-08-06T16:57:37Z,wfurt
dotnet/runtime,118457,2025-08-06T16:26:06Z,risc-vv
dotnet/runtime,118458,2025-08-08T15:40:53Z,BrzVlad
dotnet/runtime,118459,2025-08-08T15:42:08Z,BrzVlad
dotnet/runtime,118461,2025-08-07T01:05:31Z,stephentoub
dotnet/runtime,118462,2025-08-06T20:57:10Z,jkotas
dotnet/runtime,118465,2025-08-06T21:23:23Z,jkotas
dotnet/runtime,118467,2025-08-07T01:37:49Z,xtqqczze
dotnet/runtime,118480,2025-08-07T20:28:12Z,Maoni0
dotnet/runtime,118490,2025-08-08T08:09:43Z,skyoxZ
dotnet/runtime,118495,2025-08-08T02:59:19Z,jkotas
dotnet/runtime,118499,2025-08-11T14:34:26Z,jkotas
dotnet/runtime,118513,2025-08-08T18:47:34Z,elinor-fung
dotnet/runtime,118514,2025-08-12T21:13:24Z,tannergooding
dotnet/runtime,118515,2025-08-08T07:52:38Z,tannergooding
dotnet/runtime,118516,2025-08-08T14:48:18Z,jkotas
dotnet/runtime,118518,2025-08-11T14:42:43Z,amanasifkhalid
dotnet/runtime,118525,2025-08-18T10:14:59Z,akoeplinger
dotnet/runtime,118530,2025-08-08T13:26:22Z,risc-vv
dotnet/runtime,118542,2025-08-08T15:54:10Z,thaystg
dotnet/runtime,118546,2025-08-08T19:15:52Z,jkotas
dotnet/runtime,118549,2025-08-12T16:23:33Z,Lanayx
dotnet/runtime,118550,2025-08-09T01:16:06Z,AndyAyersMS
dotnet/runtime,118559,2025-08-20T07:03:32Z,ilonatommy
dotnet/runtime,118560,2025-08-10T20:33:08Z,tannergooding
dotnet/runtime,118563,2025-08-14T23:35:25Z,lambdageek
dotnet/runtime,118567,2025-08-13T07:26:40Z,anderspedersen
dotnet/runtime,118570,2025-08-11T11:48:30Z,stephentoub
dotnet/runtime,118574,2025-08-12T17:44:28Z,ericstj
dotnet/runtime,118585,2025-08-11T15:52:41Z,MihaZupan
dotnet/runtime,118589,2025-08-11T15:11:22Z,risc-vv
dotnet/runtime,118605,2025-08-12T00:20:02Z,jkotas
dotnet/runtime,118607,2025-08-12T11:12:18Z,MichalStrehovsky
dotnet/runtime,118608,2025-08-13T10:48:39Z,kg
dotnet/runtime,118611,2025-08-12T14:02:31Z,vcsjones
dotnet/runtime,118613,2025-08-11T22:26:45Z,bartonjs
dotnet/runtime,118622,2025-08-12T19:18:25Z,elinor-fung
dotnet/runtime,118626,2025-08-14T15:01:07Z,akoeplinger
dotnet/runtime,118629,2025-08-14T14:44:14Z,stephentoub
dotnet/runtime,118633,2025-08-12T14:01:46Z,jkotas
dotnet/runtime,118635,2025-08-13T07:21:58Z,pavelsavara
dotnet/runtime,118636,2025-08-13T13:14:02Z,tomeksowi
dotnet/runtime,118641,2025-08-12T15:23:27Z,tannergooding
dotnet/runtime,118649,2025-08-12T18:45:35Z,jkotas
dotnet/runtime,118653,2025-08-12T21:05:32Z,davidwrighton
dotnet/runtime,118655,2025-08-12T20:17:34Z,EgorBo
dotnet/runtime,118657,2025-08-13T09:39:15Z,MichalStrehovsky
dotnet/runtime,118660,2025-08-13T04:33:06Z,MichalStrehovsky
dotnet/runtime,118664,2025-08-13T14:24:07Z,mmitche
dotnet/runtime,118668,2025-08-15T11:20:48Z,xtqqczze
dotnet/runtime,118680,2025-08-13T16:02:26Z,MichalPetryka
dotnet/runtime,118682,2025-08-13T15:52:23Z,stephentoub
dotnet/runtime,118687,2025-08-13T18:04:18Z,tarekgh
dotnet/runtime,118691,2025-08-13T19:41:09Z,tarekgh
dotnet/runtime,118694,2025-08-13T20:06:51Z,stephentoub
dotnet/runtime,118699,2025-08-15T18:27:24Z,jkotas
dotnet/runtime,118715,2025-08-14T01:55:16Z,skyoxZ
dotnet/runtime,118716,2025-08-14T19:43:45Z,akoeplinger
dotnet/runtime,118718,2025-08-14T13:43:52Z,jkotas
dotnet/runtime,118730,2025-08-15T16:13:09Z,a74nh
dotnet/runtime,118732,2025-08-19T13:43:51Z,jkotas
dotnet/runtime,118733,2025-08-14T16:09:29Z,PranavSenthilnathan
dotnet/runtime,118736,2025-08-15T18:10:43Z,AndyAyersMS
dotnet/runtime,118742,2025-08-14T17:15:32Z,stephentoub
dotnet/runtime,118743,2025-08-15T00:15:16Z,AndyAyersMS
dotnet/runtime,118750,2025-08-15T21:33:42Z,jeffhandley
dotnet/runtime,118755,2025-08-18T16:33:13Z,jtschuster
dotnet/runtime,118760,2025-08-15T20:25:25Z,sbomer
dotnet/runtime,118763,2025-08-15T14:27:11Z,jozkee
dotnet/runtime,118764,2025-08-15T14:23:44Z,jozkee
dotnet/runtime,118769,2025-08-15T16:25:13Z,jkoritzinsky
dotnet/runtime,118771,2025-08-16T07:01:57Z,jkotas
dotnet/runtime,118776,2025-08-15T14:53:18Z,Sergio0694
dotnet/runtime,118777,2025-08-15T17:43:56Z,bartonjs
dotnet/runtime,118780,2025-08-15T19:12:12Z,jkotas
dotnet/runtime,118787,2025-08-18T13:31:16Z,risc-vv
dotnet/runtime,118795,2025-08-15T23:00:20Z,bartonjs
dotnet/runtime,118797,2025-08-15T21:27:21Z,jkotas
dotnet/runtime,118805,2025-08-20T14:40:24Z,am11
dotnet/runtime,118806,2025-08-16T07:11:03Z,MichalPetryka
dotnet/runtime,118810,2025-08-20T14:44:40Z,am11
dotnet/runtime,118824,2025-08-18T02:35:32Z,xtqqczze
dotnet/runtime,118827,2025-08-18T04:57:00Z,mangod9
dotnet/runtime,118829,2025-08-18T19:42:41Z,agocke
dotnet/runtime,118832,2025-08-19T00:22:19Z,jkotas
dotnet/runtime,118845,2025-08-19T16:20:27Z,tannergooding
dotnet/runtime,118856,2025-08-18T19:33:24Z,MichalPetryka
dotnet/runtime,118858,2025-08-19T06:54:24Z,am11
dotnet/runtime,118859,2025-08-18T19:13:55Z,akoeplinger
dotnet/runtime,118862,2025-08-19T03:19:34Z,MichalPetryka
dotnet/runtime,118870,2025-08-19T00:46:37Z,jkotas
dotnet/runtime,118878,2025-08-19T19:37:49Z,VSadov
dotnet/runtime,118880,2025-08-20T12:02:02Z,vcsjones
dotnet/runtime,118905,2025-08-19T20:50:11Z,AndyAyersMS
dotnet/runtime,118911,2025-08-20T07:45:27Z,kotlarmilos
dotnet/runtime,118914,2025-08-20T13:35:10Z,ericstj
dotnet/runtime,118919,2025-08-20T11:56:07Z,risc-vv
microsoft/aspire,2858,2025-08-29T00:33:17Z,KirillOsenkov
microsoft/aspire,5066,2025-03-04T04:03:34Z,danmoseley
microsoft/aspire,5277,2025-03-04T04:04:00Z,danmoseley
microsoft/aspire,5505,2025-03-04T04:04:16Z,danmoseley
microsoft/aspire,5712,2025-05-01T20:42:11Z,danmoseley
microsoft/aspire,6056,2025-03-04T04:22:18Z,danmoseley
microsoft/aspire,6104,2025-05-01T20:42:29Z,danmoseley
microsoft/aspire,6276,2025-04-02T22:52:43Z,eerhardt
microsoft/aspire,6303,2025-03-04T04:23:20Z,danmoseley
microsoft/aspire,6379,2025-05-01T20:43:08Z,danmoseley
microsoft/aspire,6529,2025-04-30T16:04:41Z,danmoseley
microsoft/aspire,6577,2025-03-31T17:09:00Z,eerhardt
microsoft/aspire,6636,2025-03-06T23:07:03Z,eerhardt
microsoft/aspire,6878,2025-03-04T04:21:08Z,danmoseley
microsoft/aspire,6886,2025-04-02T22:48:47Z,eerhardt
microsoft/aspire,6948,2025-05-01T20:43:29Z,danmoseley
microsoft/aspire,6963,2025-03-31T09:40:52Z,WeihanLi
microsoft/aspire,6969,2025-04-03T01:31:04Z,DamianEdwards
microsoft/aspire,7017,2025-05-01T20:45:13Z,danmoseley
microsoft/aspire,7021,2025-03-19T07:54:44Z,JamesNK
microsoft/aspire,7120,2025-04-30T16:05:45Z,danmoseley
microsoft/aspire,7243,2025-05-01T20:45:54Z,danmoseley
microsoft/aspire,7251,2025-05-01T20:46:16Z,danmoseley
microsoft/aspire,7575,2025-03-01T19:43:30Z,danmoseley
microsoft/aspire,7600,2025-03-03T01:23:47Z,davidfowl
microsoft/aspire,7700,2025-02-27T23:24:23Z,eerhardt
microsoft/aspire,7723,2025-03-04T02:44:23Z,davidfowl
microsoft/aspire,7753,2025-03-04T19:54:29Z,joperezr
microsoft/aspire,7765,2025-02-28T22:47:51Z,danmoseley
microsoft/aspire,7769,2025-02-26T02:04:01Z,JamesNK
microsoft/aspire,7775,2025-02-26T08:32:13Z,davidfowl
microsoft/aspire,7789,2025-02-26T17:02:49Z,davidfowl
microsoft/aspire,7798,2025-02-27T15:14:46Z,davidfowl
microsoft/aspire,7800,2025-02-27T09:39:09Z,davidfowl
microsoft/aspire,7801,2025-02-27T06:29:15Z,davidfowl
microsoft/aspire,7811,2025-03-20T22:09:31Z,radical
microsoft/aspire,7819,2025-05-01T20:46:33Z,danmoseley
microsoft/aspire,7824,2025-02-28T09:49:00Z,JamesNK
microsoft/aspire,7830,2025-03-03T01:11:56Z,davidfowl
microsoft/aspire,7849,2025-03-03T02:19:21Z,mitchdenny
microsoft/aspire,7857,2025-03-03T22:58:00Z,RussKie
microsoft/aspire,7864,2025-03-03T18:20:23Z,radical
microsoft/aspire,7868,2025-04-16T17:23:36Z,danmoseley
microsoft/aspire,7874,2025-03-04T04:12:04Z,davidfowl
microsoft/aspire,7879,2025-03-06T18:12:37Z,danmoseley
microsoft/aspire,7884,2025-03-06T15:14:24Z,JamesNK
microsoft/aspire,7887,2025-03-05T08:51:19Z,mitchdenny
microsoft/aspire,7888,2025-03-04T22:10:07Z,mitchdenny
microsoft/aspire,7893,2025-03-05T01:05:20Z,danmoseley
microsoft/aspire,7894,2025-03-05T00:17:52Z,DamianEdwards
microsoft/aspire,7896,2025-03-05T07:14:38Z,davidfowl
microsoft/aspire,7899,2025-03-05T15:06:04Z,davidfowl
microsoft/aspire,7919,2025-03-07T00:50:21Z,davidfowl
microsoft/aspire,7924,2025-03-10T22:19:55Z,DamianEdwards
microsoft/aspire,7938,2025-03-06T20:26:27Z,eerhardt
microsoft/aspire,7939,2025-03-07T22:36:36Z,davidfowl
microsoft/aspire,7941,2025-03-06T23:07:22Z,adamint
microsoft/aspire,7944,2025-03-08T18:52:42Z,eerhardt
microsoft/aspire,7950,2025-03-07T21:50:24Z,eerhardt
microsoft/aspire,7954,2025-03-07T17:07:53Z,joperezr
microsoft/aspire,7961,2025-03-08T01:24:23Z,davidfowl
microsoft/aspire,7963,2025-03-08T02:36:30Z,davidfowl
microsoft/aspire,7964,2025-03-09T19:44:18Z,danmoseley
microsoft/aspire,7978,2025-03-11T18:02:40Z,adamint
microsoft/aspire,7979,2025-03-10T17:24:54Z,wtgodbe
microsoft/aspire,7983,2025-03-11T15:50:03Z,danmoseley
microsoft/aspire,7991,2025-03-11T13:55:05Z,davidfowl
microsoft/aspire,7994,2025-03-11T11:28:30Z,mitchdenny
microsoft/aspire,7997,2025-03-11T13:07:04Z,davidfowl
microsoft/aspire,7999,2025-03-11T15:20:33Z,AArnott
microsoft/aspire,8010,2025-03-11T22:58:53Z,karolz-ms
microsoft/aspire,8012,2025-03-11T19:36:24Z,radical
microsoft/aspire,8022,2025-03-12T06:41:18Z,davidfowl
microsoft/aspire,8025,2025-03-17T16:48:55Z,maddymontaquila
microsoft/aspire,8039,2025-03-12T16:28:12Z,DamianEdwards
microsoft/aspire,8041,2025-03-12T19:16:00Z,eerhardt
microsoft/aspire,8042,2025-03-13T00:14:55Z,danhpaiva
microsoft/aspire,8047,2025-03-13T00:17:11Z,joperezr
microsoft/aspire,8094,2025-03-17T01:43:28Z,danmoseley
microsoft/aspire,8097,2025-03-16T05:23:19Z,davidfowl
microsoft/aspire,8098,2025-03-23T12:44:20Z,mitchdenny
microsoft/aspire,8102,2025-03-17T18:20:23Z,davidfowl
microsoft/aspire,8112,2025-03-17T18:19:07Z,davidfowl
microsoft/aspire,8120,2025-03-18T02:48:12Z,JamesNK
microsoft/aspire,8121,2025-03-17T22:40:08Z,mitchdenny
microsoft/aspire,8122,2025-03-17T20:58:55Z,radical
microsoft/aspire,8123,2025-03-17T22:28:59Z,mitchdenny
microsoft/aspire,8124,2025-03-18T13:53:48Z,eerhardt
microsoft/aspire,8136,2025-03-18T18:04:18Z,davidfowl
microsoft/aspire,8138,2025-03-19T14:37:30Z,danmoseley
microsoft/aspire,8144,2025-03-18T22:17:02Z,DamianEdwards
microsoft/aspire,8171,2025-03-24T19:27:21Z,eerhardt
microsoft/aspire,8180,2025-04-30T17:05:53Z,danmoseley
microsoft/aspire,8184,2025-03-20T00:53:55Z,JamesNK
microsoft/aspire,8195,2025-03-20T01:06:24Z,radical
microsoft/aspire,8196,2025-03-20T00:57:37Z,joperezr
microsoft/aspire,8199,2025-03-20T07:30:52Z,radical
microsoft/aspire,8201,2025-03-20T08:00:05Z,RussKie
microsoft/aspire,8203,2025-03-20T12:59:49Z,IEvangelist
microsoft/aspire,8222,2025-03-20T22:19:06Z,radical
microsoft/aspire,8224,2025-03-21T14:37:54Z,davidfowl
microsoft/aspire,8229,2025-03-21T03:45:53Z,JamesNK
microsoft/aspire,8230,2025-03-21T02:41:21Z,davidfowl
microsoft/aspire,8236,2025-03-22T05:10:40Z,davidfowl
microsoft/aspire,8237,2025-03-31T09:05:08Z,davidfowl
microsoft/aspire,8248,2025-03-22T03:48:28Z,davidfowl
microsoft/aspire,8259,2025-03-23T06:43:42Z,davidfowl
microsoft/aspire,8260,2025-03-23T06:25:50Z,davidfowl
microsoft/aspire,8264,2025-03-28T18:35:38Z,werddomain
microsoft/aspire,8265,2025-03-24T22:21:29Z,radical
microsoft/aspire,8266,2025-03-25T15:53:01Z,davidfowl
microsoft/aspire,8272,2025-03-24T18:29:22Z,ViktorHofer
microsoft/aspire,8276,2025-03-25T18:58:10Z,IEvangelist
microsoft/aspire,8279,2025-03-26T03:38:48Z,radical
microsoft/aspire,8282,2025-03-25T06:58:22Z,davidfowl
microsoft/aspire,8301,2025-03-26T04:03:18Z,mitchdenny
microsoft/aspire,8303,2025-03-26T04:45:54Z,davidfowl
microsoft/aspire,8307,2025-03-26T16:46:04Z,maddymontaquila
microsoft/aspire,8308,2025-04-30T16:02:15Z,danmoseley
microsoft/aspire,8327,2025-03-27T05:09:51Z,JamesNK
microsoft/aspire,8331,2025-03-27T05:31:14Z,JamesNK
microsoft/aspire,8333,2025-03-27T00:34:34Z,RussKie
microsoft/aspire,8352,2025-03-27T20:15:01Z,davidfowl
microsoft/aspire,8362,2025-03-28T20:39:44Z,radical
microsoft/aspire,8378,2025-03-28T13:36:28Z,davidfowl
microsoft/aspire,8385,2025-03-28T20:22:54Z,radical
microsoft/aspire,8390,2025-03-28T22:54:49Z,radical
microsoft/aspire,8396,2025-09-03T13:59:21Z,davidfowl
microsoft/aspire,8403,2025-03-29T18:05:14Z,danmoseley
microsoft/aspire,8406,2025-04-02T00:15:18Z,eerhardt
microsoft/aspire,8407,2025-03-30T08:19:46Z,roji
microsoft/aspire,8408,2025-03-29T20:56:38Z,davidfowl
microsoft/aspire,8423,2025-04-04T18:19:22Z,danmoseley
microsoft/aspire,8430,2025-03-31T06:53:18Z,davidfowl
microsoft/aspire,8431,2025-04-01T01:26:15Z,adamint
microsoft/aspire,8439,2025-04-01T21:02:35Z,joperezr
microsoft/aspire,8444,2025-03-31T18:38:25Z,davidfowl
microsoft/aspire,8448,2025-04-01T18:25:58Z,radical
microsoft/aspire,8451,2025-03-31T23:33:53Z,vhvb1989
microsoft/aspire,8468,2025-04-15T12:11:54Z,mitchdenny
microsoft/aspire,8470,2025-04-01T23:31:07Z,JamesNK
microsoft/aspire,8475,2025-04-01T21:02:16Z,adamint
microsoft/aspire,8477,2025-04-02T03:46:57Z,davidfowl
microsoft/aspire,8478,2025-08-21T07:21:42Z,davidfowl
microsoft/aspire,8479,2025-04-01T22:00:52Z,mitchdenny
microsoft/aspire,8482,2025-04-01T22:21:16Z,radical
microsoft/aspire,8484,2025-04-01T23:19:09Z,JamesNK
microsoft/aspire,8492,2025-04-15T03:47:21Z,danmoseley
microsoft/aspire,8493,2025-04-02T04:02:19Z,davidfowl
microsoft/aspire,8498,2025-04-04T15:54:07Z,danmoseley
microsoft/aspire,8503,2025-04-02T15:39:15Z,danmoseley
microsoft/aspire,8507,2025-04-02T20:52:18Z,davidfowl
microsoft/aspire,8518,2025-04-04T02:36:20Z,radical
microsoft/aspire,8520,2025-04-03T14:52:58Z,davidfowl
microsoft/aspire,8524,2025-04-03T18:25:09Z,eerhardt
microsoft/aspire,8531,2025-04-03T20:52:28Z,danmoseley
microsoft/aspire,8532,2025-04-03T22:31:31Z,danmoseley
microsoft/aspire,8534,2025-04-04T15:32:08Z,eerhardt
microsoft/aspire,8538,2025-04-04T00:31:12Z,davidfowl
microsoft/aspire,8541,2025-04-04T02:58:24Z,mitchdenny
microsoft/aspire,8552,2025-04-04T15:28:37Z,eerhardt
microsoft/aspire,8577,2025-04-07T16:27:32Z,danmoseley
microsoft/aspire,8585,2025-04-07T16:26:02Z,danmoseley
microsoft/aspire,8591,2025-04-07T20:42:58Z,danmoseley
microsoft/aspire,8593,2025-04-09T22:51:04Z,JamesNK
microsoft/aspire,8595,2025-04-07T16:53:09Z,danmoseley
microsoft/aspire,8600,2025-04-08T08:21:00Z,JamesNK
microsoft/aspire,8601,2025-04-07T21:53:33Z,danmoseley
microsoft/aspire,8606,2025-04-08T04:35:08Z,davidfowl
microsoft/aspire,8608,2025-04-08T15:43:35Z,danmoseley
microsoft/aspire,8609,2025-04-08T14:13:00Z,danmoseley
microsoft/aspire,8618,2025-04-08T08:27:24Z,radical
microsoft/aspire,8621,2025-04-08T20:48:38Z,danmoseley
microsoft/aspire,8635,2025-04-10T02:04:14Z,JamesNK
microsoft/aspire,8637,2025-04-08T20:37:21Z,danmoseley
microsoft/aspire,8641,2025-04-08T19:52:08Z,radical
microsoft/aspire,8643,2025-04-08T18:33:03Z,joperezr
microsoft/aspire,8651,2025-04-08T21:11:46Z,joperezr
microsoft/aspire,8652,2025-04-08T21:08:48Z,joperezr
microsoft/aspire,8658,2025-04-09T00:05:16Z,joperezr
microsoft/aspire,8686,2025-04-14T16:14:39Z,eerhardt
microsoft/aspire,8704,2025-04-14T23:19:32Z,RussKie
microsoft/aspire,8723,2025-04-13T07:32:21Z,mitchdenny
microsoft/aspire,8736,2025-05-13T17:46:13Z,joperezr
microsoft/aspire,8743,2025-04-11T23:58:20Z,davidfowl
microsoft/aspire,8749,2025-04-13T01:00:17Z,JamesNK
microsoft/aspire,8751,2025-04-13T06:44:34Z,mitchdenny
microsoft/aspire,8771,2025-04-15T03:46:33Z,danmoseley
microsoft/aspire,8774,2025-04-15T03:44:00Z,radical
microsoft/aspire,8779,2025-04-15T11:58:52Z,mitchdenny
microsoft/aspire,8785,2025-04-16T07:18:38Z,JamesNK
microsoft/aspire,8790,2025-08-21T07:23:32Z,davidfowl
microsoft/aspire,8796,2025-04-15T22:12:12Z,RussKie
microsoft/aspire,8802,2025-04-16T01:53:39Z,RussKie
microsoft/aspire,8806,2025-04-16T22:22:37Z,radical
microsoft/aspire,8811,2025-04-16T13:40:03Z,davidfowl
microsoft/aspire,8819,2025-04-16T19:58:15Z,danmoseley
microsoft/aspire,8821,2025-04-17T13:03:35Z,IEvangelist
microsoft/aspire,8825,2025-04-16T20:41:09Z,danmoseley
microsoft/aspire,8833,2025-04-17T01:34:16Z,radical
microsoft/aspire,8834,2025-04-17T01:22:43Z,davidfowl
microsoft/aspire,8837,2025-04-17T08:35:14Z,davidfowl
microsoft/aspire,8840,2025-04-18T07:27:58Z,davidfowl
microsoft/aspire,8856,2025-05-01T17:29:02Z,adityamandaleeka
microsoft/aspire,8859,2025-04-17T20:04:09Z,danmoseley
microsoft/aspire,8864,2025-04-18T17:52:53Z,danmoseley
microsoft/aspire,8877,2025-04-24T19:22:10Z,sebastienros
microsoft/aspire,8886,2025-04-19T12:24:25Z,mitchdenny
microsoft/aspire,8887,2025-04-19T21:09:28Z,davidfowl
microsoft/aspire,8892,2025-04-22T02:27:53Z,davidfowl
microsoft/aspire,8907,2025-04-29T03:11:54Z,danmoseley
microsoft/aspire,8908,2025-04-22T14:38:49Z,eerhardt
microsoft/aspire,8912,2025-04-24T19:07:22Z,sebastienros
microsoft/aspire,8930,2025-04-24T02:35:37Z,davidfowl
microsoft/aspire,8933,2025-04-28T14:39:37Z,davidfowl
microsoft/aspire,8935,2025-04-23T21:57:57Z,JamesNK
microsoft/aspire,8943,2025-04-24T04:58:08Z,davidfowl
microsoft/aspire,8945,2025-05-06T19:53:00Z,zhenlan
microsoft/aspire,8948,2025-04-24T21:29:55Z,illay1994
microsoft/aspire,8951,2025-04-29T07:35:17Z,RussKie
microsoft/aspire,8953,2025-04-29T03:02:00Z,danmoseley
microsoft/aspire,8954,2025-04-29T15:35:45Z,danmoseley
microsoft/aspire,8955,2025-04-29T15:35:48Z,danmoseley
microsoft/aspire,8956,2025-04-28T23:39:16Z,Zombach
microsoft/aspire,8959,2025-04-28T01:35:21Z,RussKie
microsoft/aspire,8972,2025-04-28T14:40:38Z,davidfowl
microsoft/aspire,8976,2025-04-28T02:05:38Z,RussKie
microsoft/aspire,8978,2025-04-28T02:48:20Z,RussKie
microsoft/aspire,8981,2025-04-29T03:05:18Z,danmoseley
microsoft/aspire,9003,2025-04-29T03:30:11Z,JamesNK
microsoft/aspire,9008,2025-04-29T01:27:47Z,davidfowl
microsoft/aspire,9017,2025-04-29T15:03:22Z,JamesNK
microsoft/aspire,9021,2025-04-29T15:45:07Z,danmoseley
microsoft/aspire,9022,2025-04-29T23:57:26Z,danmoseley
microsoft/aspire,9023,2025-04-29T20:16:34Z,danmoseley
microsoft/aspire,9025,2025-04-29T20:55:26Z,davidfowl
microsoft/aspire,9028,2025-04-30T05:32:02Z,davidfowl
microsoft/aspire,9030,2025-04-30T05:29:37Z,davidfowl
microsoft/aspire,9034,2025-04-30T07:13:40Z,davidfowl
microsoft/aspire,9038,2025-04-30T15:32:21Z,davidfowl
microsoft/aspire,9041,2025-05-03T15:24:03Z,davidfowl
microsoft/aspire,9048,2025-05-01T17:41:38Z,danmoseley
microsoft/aspire,9054,2025-05-01T17:39:57Z,danmoseley
microsoft/aspire,9063,2025-05-02T00:43:39Z,JamesNK
microsoft/aspire,9068,2025-05-02T04:36:44Z,JamesNK
microsoft/aspire,9069,2025-05-02T04:08:44Z,mitchdenny
microsoft/aspire,9072,2025-05-05T20:32:41Z,radical
microsoft/aspire,9077,2025-05-02T16:09:34Z,captainsafia
microsoft/aspire,9081,2025-05-02T15:12:45Z,davidfowl
microsoft/aspire,9082,2025-05-06T16:58:26Z,DamianEdwards
microsoft/aspire,9090,2025-05-04T12:30:36Z,mitchdenny
microsoft/aspire,9091,2025-05-04T11:29:54Z,mitchdenny
microsoft/aspire,9092,2025-05-07T06:24:30Z,davidfowl
microsoft/aspire,9099,2025-05-05T04:31:45Z,davidfowl
microsoft/aspire,9103,2025-05-12T19:03:23Z,danmoseley
microsoft/aspire,9108,2025-05-05T20:43:48Z,davidfowl
microsoft/aspire,9114,2025-05-06T05:15:45Z,davidfowl
microsoft/aspire,9123,2025-05-06T14:39:36Z,davidfowl
microsoft/aspire,9132,2025-05-07T18:03:28Z,Meir017
microsoft/aspire,9137,2025-05-19T02:17:05Z,davidfowl
microsoft/aspire,9147,2025-05-08T01:58:44Z,davidfowl
microsoft/aspire,9159,2025-05-08T09:05:34Z,davidfowl
microsoft/aspire,9172,2025-05-08T23:04:46Z,danmoseley
microsoft/aspire,9175,2025-05-08T23:20:32Z,RussKie
microsoft/aspire,9176,2025-05-08T19:22:52Z,phenning
microsoft/aspire,9178,2025-05-08T22:58:22Z,danmoseley
microsoft/aspire,9180,2025-05-09T04:37:48Z,JamesNK
microsoft/aspire,9182,2025-05-08T22:30:50Z,danmoseley
microsoft/aspire,9186,2025-05-08T23:52:51Z,danegsta
microsoft/aspire,9195,2025-05-09T16:32:02Z,danegsta
microsoft/aspire,9199,2025-05-09T16:32:30Z,danegsta
microsoft/aspire,9200,2025-05-09T15:52:07Z,radical
microsoft/aspire,9206,2025-05-09T17:31:33Z,radical
microsoft/aspire,9207,2025-05-09T23:11:48Z,danmoseley
microsoft/aspire,9210,2025-05-09T19:25:43Z,joperezr
microsoft/aspire,9213,2025-05-09T23:27:01Z,danmoseley
microsoft/aspire,9216,2025-05-09T22:25:52Z,davidfowl
microsoft/aspire,9223,2025-05-10T04:18:00Z,davidfowl
microsoft/aspire,9227,2025-05-10T14:49:01Z,davidfowl
microsoft/aspire,9232,2025-05-12T04:53:27Z,davidfowl
microsoft/aspire,9244,2025-05-12T15:55:56Z,danmoseley
microsoft/aspire,9245,2025-05-12T07:26:31Z,davidfowl
microsoft/aspire,9255,2025-05-12T19:05:15Z,danmoseley
microsoft/aspire,9261,2025-05-12T23:09:15Z,RussKie
microsoft/aspire,9263,2025-05-12T23:22:08Z,danmoseley
microsoft/aspire,9264,2025-05-13T01:41:45Z,danmoseley
microsoft/aspire,9267,2025-05-12T23:31:26Z,radical
microsoft/aspire,9269,2025-05-12T23:44:16Z,radical
microsoft/aspire,9278,2025-05-13T14:01:32Z,davidfowl
microsoft/aspire,9280,2025-05-15T14:22:22Z,davidfowl
microsoft/aspire,9282,2025-05-13T16:04:35Z,eerhardt
microsoft/aspire,9285,2025-05-13T16:07:04Z,davidfowl
microsoft/aspire,9287,2025-05-14T13:07:37Z,danmoseley
microsoft/aspire,9289,2025-05-13T21:17:44Z,radical
microsoft/aspire,9302,2025-05-14T16:06:37Z,danmoseley
microsoft/aspire,9304,2025-05-14T13:03:47Z,danmoseley
microsoft/aspire,9308,2025-05-14T16:04:59Z,danmoseley
microsoft/aspire,9314,2025-05-14T22:38:57Z,JamesNK
microsoft/aspire,9316,2025-05-14T22:41:21Z,JamesNK
microsoft/aspire,9317,2025-05-14T23:09:24Z,radical
microsoft/aspire,9330,2025-05-15T15:41:58Z,sebastienros
microsoft/aspire,9333,2025-05-15T17:11:01Z,danegsta
microsoft/aspire,9338,2025-05-16T02:26:06Z,RussKie
microsoft/aspire,9342,2025-05-16T13:48:12Z,davidfowl
microsoft/aspire,9349,2025-05-31T05:13:25Z,davidfowl
microsoft/aspire,9359,2025-05-17T19:05:16Z,davidfowl
microsoft/aspire,9361,2025-05-16T18:02:28Z,radical
microsoft/aspire,9371,2025-05-17T08:48:41Z,davidfowl
microsoft/aspire,9383,2025-05-19T14:32:57Z,danmoseley
microsoft/aspire,9391,2025-05-19T21:51:03Z,danmoseley
microsoft/aspire,9395,2025-05-19T19:11:38Z,davidfowl
microsoft/aspire,9399,2025-05-20T00:03:11Z,adamint
microsoft/aspire,9400,2025-05-20T01:12:30Z,mitchdenny
microsoft/aspire,9402,2025-05-19T23:32:13Z,radical
microsoft/aspire,9404,2025-05-20T15:30:31Z,davidfowl
microsoft/aspire,9405,2025-05-22T07:24:05Z,davidfowl
microsoft/aspire,9409,2025-05-20T00:38:18Z,radical
microsoft/aspire,9411,2025-05-20T02:16:27Z,JamesNK
microsoft/aspire,9412,2025-05-20T01:57:19Z,maddymontaquila
microsoft/aspire,9413,2025-05-20T04:56:11Z,radical
microsoft/aspire,9414,2025-05-20T04:52:29Z,mitchdenny
microsoft/aspire,9425,2025-05-20T22:24:33Z,mitchdenny
microsoft/aspire,9427,2025-09-03T06:54:56Z,davidfowl
microsoft/aspire,9432,2025-05-23T04:48:48Z,inlineHamed
microsoft/aspire,9433,2025-05-21T01:06:09Z,radical
microsoft/aspire,9435,2025-05-21T02:02:11Z,radical
microsoft/aspire,9439,2025-05-30T19:32:02Z,joperezr
microsoft/aspire,9440,2025-05-21T21:39:21Z,aradalvand
microsoft/aspire,9443,2025-05-21T08:41:15Z,davidfowl
microsoft/aspire,9465,2025-05-22T14:43:56Z,davidfowl
microsoft/aspire,9466,2025-06-02T15:04:28Z,eerhardt
microsoft/aspire,9471,2025-05-29T05:34:06Z,davidfowl
microsoft/aspire,9473,2025-05-22T21:45:15Z,radical
microsoft/aspire,9474,2025-05-23T14:56:03Z,danegsta
microsoft/aspire,9479,2025-05-29T15:31:54Z,davidfowl
microsoft/aspire,9485,2025-05-23T14:50:20Z,danegsta
microsoft/aspire,9491,2025-05-29T00:54:01Z,mitchdenny
microsoft/aspire,9494,2025-05-29T20:09:45Z,danmoseley
microsoft/aspire,9495,2025-05-23T22:55:04Z,davidfowl
microsoft/aspire,9496,2025-05-27T15:23:53Z,eerhardt
microsoft/aspire,9498,2025-05-26T23:38:45Z,davidfowl
microsoft/aspire,9500,2025-05-27T15:18:59Z,captainsafia
microsoft/aspire,9513,2025-05-29T06:24:23Z,davidfowl
microsoft/aspire,9517,2025-05-27T04:23:48Z,davidfowl
microsoft/aspire,9528,2025-05-27T17:48:04Z,davidfowl
microsoft/aspire,9530,2025-05-27T20:22:01Z,davidfowl
microsoft/aspire,9531,2025-05-28T04:19:56Z,mitchdenny
microsoft/aspire,9535,2025-05-29T20:08:35Z,joperezr
microsoft/aspire,9536,2025-05-27T22:48:24Z,sebastienros
microsoft/aspire,9539,2025-05-28T16:46:35Z,joperezr
microsoft/aspire,9542,2025-05-28T06:40:47Z,davidfowl
microsoft/aspire,9547,2025-05-29T22:57:02Z,radical
microsoft/aspire,9553,2025-05-29T04:09:08Z,JamesNK
microsoft/aspire,9557,2025-05-30T13:23:53Z,danmoseley
microsoft/aspire,9558,2025-06-03T05:33:16Z,davidfowl
microsoft/aspire,9561,2025-05-29T20:07:44Z,joperezr
microsoft/aspire,9567,2025-05-29T18:34:14Z,danmoseley
microsoft/aspire,9573,2025-05-29T21:55:40Z,adamint
microsoft/aspire,9587,2025-08-21T22:51:02Z,danmoseley
microsoft/aspire,9591,2025-06-11T09:42:21Z,davidfowl
microsoft/aspire,9593,2025-05-31T01:42:11Z,davidfowl
microsoft/aspire,9598,2025-05-31T04:47:41Z,davidfowl
microsoft/aspire,9602,2025-06-02T12:14:12Z,danmoseley
microsoft/aspire,9615,2025-06-02T00:52:13Z,mitchdenny
microsoft/aspire,9624,2025-06-01T21:53:59Z,davidfowl
microsoft/aspire,9625,2025-06-02T14:23:19Z,eerhardt
microsoft/aspire,9627,2025-06-02T14:11:37Z,eerhardt
microsoft/aspire,9655,2025-06-03T21:05:22Z,danmoseley
microsoft/aspire,9663,2025-06-04T15:26:48Z,eerhardt
microsoft/aspire,9666,2025-06-16T03:12:05Z,davidfowl
microsoft/aspire,9669,2025-06-03T21:14:48Z,danmoseley
microsoft/aspire,9683,2025-06-11T09:34:29Z,davidfowl
microsoft/aspire,9692,2025-06-05T03:24:07Z,davidfowl
microsoft/aspire,9695,2025-06-05T07:24:16Z,davidfowl
microsoft/aspire,9705,2025-06-05T22:02:49Z,eerhardt
microsoft/aspire,9710,2025-06-05T20:42:50Z,radical
microsoft/aspire,9715,2025-06-06T03:38:23Z,davidfowl
microsoft/aspire,9719,2025-06-06T01:50:10Z,danmoseley
microsoft/aspire,9722,2025-06-09T06:04:37Z,JamesNK
microsoft/aspire,9741,2025-06-11T23:36:15Z,mitchdenny
microsoft/aspire,9745,2025-06-09T02:07:21Z,JamesNK
microsoft/aspire,9751,2025-06-11T05:30:54Z,mitchdenny
microsoft/aspire,9753,2025-06-09T19:26:38Z,radical
microsoft/aspire,9758,2025-06-10T05:17:54Z,davidfowl
microsoft/aspire,9759,2025-06-09T04:40:59Z,davidfowl
microsoft/aspire,9766,2025-06-10T10:47:43Z,mitchdenny
microsoft/aspire,9778,2025-06-09T22:20:55Z,joperezr
microsoft/aspire,9786,2025-06-10T15:52:57Z,davidfowl
microsoft/aspire,9788,2025-06-11T02:07:59Z,davidfowl
microsoft/aspire,9791,2025-06-10T18:53:37Z,joperezr
microsoft/aspire,9794,2025-06-11T01:27:37Z,JamesNK
microsoft/aspire,9802,2025-06-10T22:49:37Z,JamesNK
microsoft/aspire,9819,2025-06-11T08:53:07Z,davidfowl
microsoft/aspire,9826,2025-08-14T23:32:01Z,maddymontaquila
microsoft/aspire,9839,2025-06-11T20:51:56Z,eerhardt
microsoft/aspire,9847,2025-06-23T03:36:12Z,adamint
microsoft/aspire,9849,2025-06-13T06:12:48Z,davidfowl
microsoft/aspire,9864,2025-06-12T20:07:47Z,danegsta
microsoft/aspire,9865,2025-06-18T19:53:49Z,danmoseley
microsoft/aspire,9868,2025-06-13T08:58:58Z,davidfowl
microsoft/aspire,9876,2025-06-16T01:49:04Z,mitchdenny
microsoft/aspire,9882,2025-06-14T04:59:45Z,JamesNK
microsoft/aspire,9883,2025-06-15T23:29:20Z,mitchdenny
microsoft/aspire,9884,2025-06-16T03:13:29Z,davidfowl
microsoft/aspire,9894,2025-06-19T20:35:36Z,danmoseley
microsoft/aspire,9895,2025-06-16T22:05:21Z,radical
microsoft/aspire,9898,2025-06-17T05:42:48Z,davidfowl
microsoft/aspire,9901,2025-06-16T22:18:27Z,radical
microsoft/aspire,9906,2026-01-13T23:46:12Z,sebastienros
microsoft/aspire,9909,2025-06-17T06:05:06Z,davidfowl
microsoft/aspire,9920,2025-06-17T20:51:31Z,radical
microsoft/aspire,9933,2025-06-18T15:56:52Z,davidfowl
microsoft/aspire,9938,2025-06-19T04:59:23Z,davidfowl
microsoft/aspire,9943,2025-06-19T00:29:57Z,mitchdenny
microsoft/aspire,9946,2025-06-19T03:36:57Z,davidfowl
microsoft/aspire,9952,2025-06-20T08:45:01Z,davidfowl
microsoft/aspire,9955,2025-06-19T17:06:20Z,radical
microsoft/aspire,9956,2025-06-19T16:31:16Z,davidfowl
microsoft/aspire,9965,2025-06-20T10:49:41Z,wertzui
microsoft/aspire,9985,2025-06-22T21:52:46Z,davidfowl
microsoft/aspire,9986,2025-06-23T03:33:56Z,davidfowl
microsoft/aspire,9987,2025-06-23T02:47:26Z,davidfowl
microsoft/aspire,9989,2025-06-24T02:36:09Z,mitchdenny
microsoft/aspire,9990,2025-06-24T20:35:56Z,davidfowl
microsoft/aspire,9992,2025-06-24T05:44:12Z,davidfowl
microsoft/aspire,9998,2025-06-23T22:11:19Z,radical
microsoft/aspire,10007,2025-06-23T22:10:23Z,radical
microsoft/aspire,10027,2025-06-25T04:13:51Z,davidfowl
microsoft/aspire,10030,2025-06-25T02:13:41Z,mitchdenny
microsoft/aspire,10032,2025-06-25T04:15:05Z,davidfowl
microsoft/aspire,10034,2025-06-25T07:58:51Z,mitchdenny
microsoft/aspire,10038,2025-07-11T21:04:06Z,eerhardt
microsoft/aspire,10040,2025-06-25T13:10:32Z,mitchdenny
microsoft/aspire,10046,2025-07-02T02:29:26Z,JamesNK
microsoft/aspire,10047,2025-06-25T19:57:03Z,adamint
microsoft/aspire,10053,2025-06-26T21:02:29Z,radical
microsoft/aspire,10062,2025-06-26T14:51:08Z,sebastienros
microsoft/aspire,10074,2025-07-10T15:10:25Z,eerhardt
microsoft/aspire,10075,2025-06-26T19:31:10Z,eerhardt
microsoft/aspire,10078,2025-06-27T02:49:44Z,davidfowl
microsoft/aspire,10091,2025-06-29T15:27:04Z,davidfowl
microsoft/aspire,10094,2025-07-02T08:54:31Z,davidfowl
microsoft/aspire,10097,2025-06-30T15:15:41Z,davidfowl
microsoft/aspire,10101,2025-06-28T02:33:53Z,JamesNK
microsoft/aspire,10111,2025-06-29T03:30:20Z,adamint
microsoft/aspire,10135,2025-06-30T07:52:02Z,davidfowl
microsoft/aspire,10140,2025-07-14T18:33:01Z,joperezr
microsoft/aspire,10152,2025-07-01T07:55:22Z,davidfowl
microsoft/aspire,10154,2025-06-30T23:00:35Z,radical
microsoft/aspire,10155,2025-07-01T01:09:22Z,captainsafia
microsoft/aspire,10167,2025-08-21T05:23:59Z,MichalStrehovsky
microsoft/aspire,10170,2025-07-01T18:52:11Z,mitchdenny
microsoft/aspire,10173,2025-07-09T17:30:11Z,davidfowl
microsoft/aspire,10179,2025-07-06T09:23:11Z,davidfowl
microsoft/aspire,10188,2025-07-04T10:00:34Z,DeagleGross
microsoft/aspire,10189,2025-07-02T04:50:46Z,davidfowl
microsoft/aspire,10191,2025-07-02T19:38:19Z,joperezr
microsoft/aspire,10203,2025-07-06T08:28:54Z,davidfowl
microsoft/aspire,10205,2025-07-02T14:16:23Z,danmoseley
microsoft/aspire,10207,2025-07-03T11:18:31Z,maddymontaquila
microsoft/aspire,10208,2025-07-12T14:58:45Z,davidfowl
microsoft/aspire,10216,2025-07-02T19:40:23Z,joperezr
microsoft/aspire,10217,2025-07-02T16:44:50Z,davidfowl
microsoft/aspire,10227,2025-07-02T22:04:58Z,radical
microsoft/aspire,10229,2025-07-03T00:46:44Z,davidfowl
microsoft/aspire,10231,2025-07-03T01:30:07Z,davidfowl
microsoft/aspire,10233,2025-07-03T05:25:49Z,davidfowl
microsoft/aspire,10240,2025-07-04T11:51:57Z,mitchdenny
microsoft/aspire,10241,2025-07-09T04:12:20Z,davidfowl
microsoft/aspire,10242,2025-07-03T15:44:16Z,davidfowl
microsoft/aspire,10244,2025-07-03T15:25:10Z,davidfowl
microsoft/aspire,10249,2025-07-25T20:50:31Z,davidfowl
microsoft/aspire,10253,2025-07-04T05:52:03Z,mitchdenny
microsoft/aspire,10254,2025-07-08T05:12:41Z,davidfowl
microsoft/aspire,10260,2025-07-04T10:45:09Z,mitchdenny
microsoft/aspire,10267,2025-07-10T05:16:06Z,davidfowl
microsoft/aspire,10271,2025-07-07T22:13:50Z,adityamandaleeka
microsoft/aspire,10272,2025-07-10T23:07:20Z,danmoseley
microsoft/aspire,10274,2025-08-05T06:43:07Z,Youssef1313
microsoft/aspire,10281,2025-07-09T17:29:26Z,davidfowl
microsoft/aspire,10295,2025-07-09T22:10:50Z,davidfowl
microsoft/aspire,10308,2025-07-10T12:40:08Z,davidfowl
microsoft/aspire,10317,2025-07-12T21:32:46Z,danmoseley
microsoft/aspire,10324,2025-07-11T15:46:14Z,WillEhrendreich
microsoft/aspire,10346,2025-07-12T09:48:01Z,davidfowl
microsoft/aspire,10349,2025-07-12T01:07:48Z,davidfowl
microsoft/aspire,10360,2025-07-14T04:51:22Z,davidfowl
microsoft/aspire,10363,2025-07-28T14:00:31Z,mitchdenny
microsoft/aspire,10372,2025-07-14T12:48:39Z,davidfowl
microsoft/aspire,10374,2025-07-14T14:57:14Z,eerhardt
microsoft/aspire,10380,2025-07-16T03:34:35Z,mitchdenny
microsoft/aspire,10382,2025-07-14T17:22:52Z,akoeplinger
microsoft/aspire,10387,2025-09-03T06:57:51Z,davidfowl
microsoft/aspire,10388,2025-08-17T04:24:05Z,davidfowl
microsoft/aspire,10398,2025-07-14T23:41:54Z,eerhardt
microsoft/aspire,10400,2025-07-15T17:25:33Z,captainsafia
microsoft/aspire,10401,2025-07-16T16:18:19Z,joperezr
microsoft/aspire,10402,2025-07-15T00:30:42Z,davidfowl
microsoft/aspire,10406,2025-07-16T18:49:27Z,davidfowl
microsoft/aspire,10407,2025-07-23T06:57:44Z,JamesNK
microsoft/aspire,10414,2025-07-18T14:26:05Z,eerhardt
microsoft/aspire,10419,2025-07-16T15:20:07Z,eerhardt
microsoft/aspire,10422,2025-07-15T22:36:46Z,mitchdenny
microsoft/aspire,10424,2025-07-15T15:14:25Z,davidfowl
microsoft/aspire,10429,2025-09-03T14:12:52Z,davidfowl
microsoft/aspire,10430,2025-07-15T18:21:54Z,danmoseley
microsoft/aspire,10440,2025-07-16T02:13:38Z,JamesNK
microsoft/aspire,10441,2025-07-16T00:24:48Z,davidfowl
microsoft/aspire,10444,2025-07-16T17:27:09Z,maddymontaquila
microsoft/aspire,10454,2025-07-16T18:46:33Z,davidfowl
microsoft/aspire,10459,2025-07-16T17:22:59Z,davidfowl
microsoft/aspire,10460,2025-07-16T16:29:10Z,karolz-ms
microsoft/aspire,10462,2025-07-16T18:48:46Z,davidfowl
microsoft/aspire,10467,2025-07-16T20:40:11Z,danegsta
microsoft/aspire,10469,2025-07-17T07:41:10Z,davidfowl
microsoft/aspire,10470,2025-07-17T19:42:00Z,CZEMacLeod
microsoft/aspire,10471,2025-07-16T22:16:24Z,danegsta
microsoft/aspire,10473,2025-07-18T15:27:42Z,eerhardt
microsoft/aspire,10479,2025-07-18T14:31:04Z,davidfowl
microsoft/aspire,10481,2025-07-18T16:48:12Z,adamint
microsoft/aspire,10482,2025-07-17T03:53:29Z,davidfowl
microsoft/aspire,10496,2025-07-18T14:35:37Z,davidfowl
microsoft/aspire,10504,2025-07-18T00:31:46Z,danmoseley
microsoft/aspire,10506,2025-07-17T20:02:30Z,Nilzkool
microsoft/aspire,10507,2025-08-09T04:39:21Z,davidfowl
microsoft/aspire,10508,2025-07-17T23:15:55Z,davidfowl
microsoft/aspire,10516,2025-08-22T04:22:10Z,mitchdenny
microsoft/aspire,10517,2025-07-18T20:06:32Z,eerhardt
microsoft/aspire,10521,2025-07-18T01:47:43Z,davidfowl
microsoft/aspire,10522,2025-07-18T13:40:28Z,davidfowl
microsoft/aspire,10525,2025-07-18T14:07:58Z,davidfowl
microsoft/aspire,10527,2025-07-18T07:20:37Z,davidfowl
microsoft/aspire,10536,2025-07-18T19:28:18Z,radical
microsoft/aspire,10539,2025-07-18T18:43:07Z,maddymontaquila
microsoft/aspire,10540,2025-07-18T19:53:37Z,joperezr
microsoft/aspire,10548,2025-07-18T23:07:47Z,davidfowl
microsoft/aspire,10550,2025-07-19T01:45:42Z,mitchdenny
microsoft/aspire,10552,2025-07-19T08:26:46Z,mitchdenny
microsoft/aspire,10553,2025-07-25T14:26:22Z,mitchdenny
microsoft/aspire,10554,2025-07-25T14:28:25Z,mitchdenny
microsoft/aspire,10556,2025-07-20T15:05:18Z,davidfowl
microsoft/aspire,10566,2025-07-29T04:50:21Z,davidfowl
microsoft/aspire,10567,2025-07-22T15:26:57Z,davidfowl
microsoft/aspire,10575,2025-07-22T05:06:03Z,radical
microsoft/aspire,10577,2025-07-21T23:20:58Z,radical
microsoft/aspire,10579,2025-08-12T00:43:52Z,davidfowl
microsoft/aspire,10580,2025-07-22T13:13:24Z,IEvangelist
microsoft/aspire,10598,2025-07-22T09:48:51Z,mitchdenny
microsoft/aspire,10602,2025-07-22T16:23:27Z,joperezr
microsoft/aspire,10613,2025-07-23T02:42:02Z,mitchdenny
microsoft/aspire,10626,2025-07-23T16:50:47Z,joperezr
microsoft/aspire,10627,2025-07-23T17:03:58Z,eerhardt
microsoft/aspire,10628,2025-07-23T15:40:16Z,joperezr
microsoft/aspire,10637,2025-07-23T20:43:22Z,eerhardt
microsoft/aspire,10639,2025-07-23T19:12:11Z,davidfowl
microsoft/aspire,10642,2025-07-29T05:41:53Z,davidfowl
microsoft/aspire,10643,2025-07-23T23:26:56Z,joperezr
microsoft/aspire,10648,2025-07-24T14:14:28Z,davidfowl
microsoft/aspire,10656,2025-09-03T07:11:13Z,davidfowl
microsoft/aspire,10658,2025-07-24T20:20:27Z,eerhardt
microsoft/aspire,10662,2025-07-24T21:57:42Z,danmoseley
microsoft/aspire,10664,2025-07-25T03:14:15Z,joperezr
microsoft/aspire,10665,2025-07-25T05:06:01Z,joperezr
microsoft/aspire,10666,2026-01-13T23:50:20Z,sebastienros
microsoft/aspire,10669,2025-07-25T05:08:14Z,joperezr
microsoft/aspire,10673,2025-07-29T13:15:49Z,davidfowl
microsoft/aspire,10681,2025-07-28T17:26:49Z,davidfowl
microsoft/aspire,10684,2025-08-01T20:01:10Z,joperezr
microsoft/aspire,10687,2025-08-23T05:39:09Z,davidfowl
microsoft/aspire,10688,2025-07-28T03:15:21Z,davidfowl
microsoft/aspire,10689,2025-09-04T00:28:34Z,captainsafia
microsoft/aspire,10691,2025-07-28T05:50:07Z,mitchdenny
microsoft/aspire,10692,2025-07-28T09:09:34Z,JamesNK
microsoft/aspire,10696,2025-07-29T23:46:43Z,davidfowl
microsoft/aspire,10700,2025-07-28T13:55:19Z,mitchdenny
microsoft/aspire,10701,2025-07-28T20:08:04Z,joperezr
microsoft/aspire,10703,2025-07-28T17:03:07Z,eerhardt
microsoft/aspire,10704,2025-07-28T16:02:31Z,davidfowl
microsoft/aspire,10705,2025-07-28T23:38:15Z,JamesNK
microsoft/aspire,10710,2025-07-29T20:09:28Z,danegsta
microsoft/aspire,10712,2025-07-28T23:34:04Z,JamesNK
microsoft/aspire,10715,2025-07-30T23:58:42Z,davidfowl
microsoft/aspire,10717,2025-08-09T04:39:56Z,mitchdenny
microsoft/aspire,10725,2025-07-30T00:17:51Z,JamesNK
microsoft/aspire,10726,2025-08-28T04:50:22Z,davidfowl
microsoft/aspire,10728,2025-07-29T20:55:36Z,davidfowl
microsoft/aspire,10734,2025-07-30T04:00:30Z,mitchdenny
microsoft/aspire,10738,2025-07-30T00:35:36Z,JamesNK
microsoft/aspire,10740,2025-07-31T16:33:52Z,adamint
microsoft/aspire,10741,2025-07-30T06:00:46Z,davidfowl
microsoft/aspire,10742,2025-07-30T05:57:41Z,davidfowl
microsoft/aspire,10745,2025-07-31T16:41:42Z,adamint
microsoft/aspire,10760,2025-07-31T00:46:55Z,davidfowl
microsoft/aspire,10761,2025-08-22T19:41:28Z,danmoseley
microsoft/aspire,10762,2025-07-30T22:59:38Z,JamesNK
microsoft/aspire,10763,2025-09-19T15:28:28Z,eerhardt
microsoft/aspire,10767,2025-07-31T16:24:03Z,adamint
microsoft/aspire,10768,2025-07-31T09:16:36Z,davidfowl
microsoft/aspire,10773,2025-07-31T14:45:31Z,eerhardt
microsoft/aspire,10777,2025-08-12T01:44:29Z,danegsta
microsoft/aspire,10779,2025-07-31T17:41:29Z,karolz-ms
microsoft/aspire,10792,2025-08-02T04:30:05Z,davidfowl
microsoft/aspire,10795,2025-08-01T04:53:37Z,radical
microsoft/aspire,10796,2025-08-20T06:05:24Z,davidfowl
microsoft/aspire,10797,2025-08-12T00:34:00Z,davidfowl
microsoft/aspire,10798,2025-08-02T04:25:06Z,davidfowl
microsoft/aspire,10799,2025-08-06T02:48:08Z,davidfowl
microsoft/aspire,10800,2025-08-01T23:44:55Z,davidfowl
microsoft/aspire,10801,2025-08-09T12:24:42Z,davidfowl
microsoft/aspire,10806,2025-08-13T00:14:23Z,joperezr
microsoft/aspire,10810,2025-08-01T21:41:15Z,davidfowl
microsoft/aspire,10815,2025-08-12T20:21:00Z,captainsafia
microsoft/aspire,10822,2025-08-04T00:05:51Z,davidfowl
microsoft/aspire,10824,2025-08-13T00:15:53Z,joperezr
microsoft/aspire,10828,2025-09-05T20:05:56Z,radical
microsoft/aspire,10830,2025-08-06T03:42:36Z,davidfowl
microsoft/aspire,10832,2025-08-11T23:29:41Z,mitchdenny
microsoft/aspire,10835,2025-08-06T09:20:22Z,mitchdenny
microsoft/aspire,10836,2025-08-11T02:21:13Z,radical
microsoft/aspire,10842,2025-08-05T20:10:52Z,davidfowl
microsoft/aspire,10845,2025-08-06T01:28:51Z,mitchdenny
microsoft/aspire,10849,2025-08-06T07:49:03Z,JamesNK
microsoft/aspire,10856,2025-08-09T04:32:52Z,davidfowl
microsoft/aspire,10859,2025-08-09T15:07:27Z,davidfowl
microsoft/aspire,10861,2025-08-07T22:15:00Z,joperezr
microsoft/aspire,10864,2025-08-07T04:56:47Z,davidfowl
microsoft/aspire,10865,2025-08-11T21:43:08Z,joperezr
microsoft/aspire,10880,2025-08-09T22:27:30Z,davidfowl
microsoft/aspire,10881,2025-09-03T14:14:04Z,davidfowl
microsoft/aspire,10882,2025-08-08T04:21:54Z,davidfowl
microsoft/aspire,10883,2025-09-17T03:19:14Z,davidfowl
microsoft/aspire,10884,2025-08-08T12:09:13Z,davidfowl
microsoft/aspire,10892,2025-08-09T04:29:09Z,mitchdenny
microsoft/aspire,10893,2025-08-13T07:50:42Z,JamesNK
microsoft/aspire,10894,2025-08-10T02:48:30Z,davidfowl
microsoft/aspire,10896,2025-08-11T22:39:12Z,danmoseley
microsoft/aspire,10898,2025-08-12T03:47:53Z,mitchdenny
microsoft/aspire,10899,2025-08-11T02:04:52Z,davidfowl
microsoft/aspire,10902,2025-08-20T02:12:02Z,davidfowl
microsoft/aspire,10905,2025-08-11T04:19:04Z,mitchdenny
microsoft/aspire,10906,2025-08-11T06:30:42Z,mitchdenny
microsoft/aspire,10907,2025-08-13T23:58:28Z,radical
microsoft/aspire,10909,2025-08-11T16:10:32Z,davidfowl
microsoft/aspire,10918,2025-08-11T23:45:23Z,davidfowl
microsoft/aspire,10924,2025-08-12T12:33:12Z,davidfowl
microsoft/aspire,10928,2025-08-14T23:26:23Z,joperezr
microsoft/aspire,10930,2025-08-13T01:53:33Z,IEvangelist
microsoft/aspire,10931,2025-08-21T17:32:15Z,DamianEdwards
microsoft/aspire,10932,2025-08-13T21:28:18Z,danmoseley
microsoft/aspire,10933,2025-08-12T23:48:42Z,danmoseley
microsoft/aspire,10934,2025-08-12T18:53:54Z,davidfowl
microsoft/aspire,10935,2025-08-13T00:29:01Z,mitchdenny
microsoft/aspire,10941,2025-08-13T16:44:25Z,davidfowl
microsoft/aspire,10952,2025-08-15T02:29:35Z,danmoseley
microsoft/aspire,10954,2025-08-14T03:38:34Z,davidfowl
microsoft/aspire,10962,2025-08-15T15:01:57Z,davidfowl
microsoft/aspire,10966,2025-08-15T05:44:02Z,davidfowl
microsoft/aspire,10971,2025-08-16T06:02:27Z,davidfowl
microsoft/aspire,10981,2025-08-18T02:00:07Z,JamesNK
microsoft/aspire,10982,2025-08-15T18:35:52Z,davidfowl
microsoft/aspire,10985,2025-08-16T02:03:06Z,davidfowl
microsoft/aspire,10986,2025-08-18T16:24:54Z,sebastienros
microsoft/aspire,11003,2025-08-18T21:51:42Z,eerhardt
microsoft/aspire,11006,2025-09-02T03:20:30Z,mitchdenny
microsoft/aspire,11008,2025-08-19T07:32:49Z,JamesNK
microsoft/aspire,11013,2025-08-20T02:47:08Z,davidfowl
microsoft/aspire,11019,2025-08-22T07:29:41Z,davidfowl
microsoft/aspire,11022,2025-10-01T04:59:47Z,mitchdenny
microsoft/aspire,11029,2025-08-20T21:37:18Z,joperezr
microsoft/aspire,11030,2025-08-21T03:08:48Z,mitchdenny
microsoft/aspire,11038,2025-08-21T20:33:28Z,eerhardt
microsoft/aspire,11040,2025-08-21T05:00:07Z,radical
microsoft/aspire,11051,2025-08-22T15:02:03Z,eerhardt
microsoft/aspire,11056,2025-08-21T19:26:42Z,danmoseley
microsoft/aspire,11057,2025-09-03T14:17:19Z,davidfowl
microsoft/aspire,11058,2025-08-21T22:34:57Z,davidfowl
microsoft/aspire,11067,2025-08-22T14:42:54Z,davidfowl
microsoft/aspire,11074,2025-08-25T14:33:20Z,baronfel
microsoft/aspire,11076,2025-08-25T14:38:28Z,mitchdenny
microsoft/aspire,11081,2025-08-24T04:48:41Z,davidfowl
microsoft/aspire,11087,2025-08-25T06:44:42Z,davidfowl
microsoft/aspire,11088,2025-08-27T07:58:54Z,radical
microsoft/aspire,11089,2025-08-25T07:06:55Z,davidfowl
microsoft/aspire,11090,2025-08-27T06:46:06Z,radical
microsoft/aspire,11095,2025-08-26T04:02:00Z,mitchdenny
microsoft/aspire,11100,2025-08-26T04:36:04Z,davidfowl
microsoft/aspire,11103,2025-08-26T18:30:35Z,afscrome
microsoft/aspire,11109,2025-08-26T15:07:59Z,davidfowl
microsoft/aspire,11114,2025-08-29T06:08:31Z,JamesNK
microsoft/aspire,11117,2025-08-27T04:19:31Z,davidfowl
microsoft/aspire,11120,2025-08-27T04:14:35Z,davidfowl
microsoft/aspire,11126,2025-09-07T05:07:21Z,mitchdenny
microsoft/aspire,11130,2025-08-27T07:59:22Z,davidfowl
microsoft/aspire,11131,2025-08-27T08:00:29Z,davidfowl
microsoft/aspire,11133,2025-09-03T05:28:08Z,davidfowl
microsoft/aspire,11134,2025-09-28T15:39:59Z,davidfowl
microsoft/aspire,11135,2025-08-27T08:16:11Z,davidfowl
microsoft/aspire,11141,2025-09-03T07:13:16Z,davidfowl
microsoft/aspire,11145,2025-08-28T04:01:39Z,davidfowl
microsoft/aspire,11148,2025-08-28T06:22:29Z,davidfowl
microsoft/aspire,11149,2025-08-28T20:53:18Z,davidfowl
microsoft/aspire,11154,2025-08-29T06:01:32Z,JamesNK
microsoft/aspire,11160,2025-08-30T14:57:11Z,davidfowl
microsoft/aspire,11161,2025-08-28T21:24:09Z,joperezr
microsoft/aspire,11163,2025-08-28T23:29:29Z,radical
microsoft/aspire,11165,2026-01-14T00:04:52Z,sebastienros
microsoft/aspire,11175,2025-08-30T01:34:00Z,davidfowl
microsoft/aspire,11180,2025-08-29T23:32:18Z,danmoseley
microsoft/aspire,11191,2025-09-03T10:52:40Z,mitchdenny
microsoft/aspire,11192,2025-09-02T23:43:01Z,danmoseley
microsoft/aspire,11207,2025-09-02T02:49:36Z,davidfowl
microsoft/aspire,11211,2025-09-02T18:35:24Z,radical
microsoft/aspire,11216,2025-09-03T04:47:36Z,davidfowl
microsoft/aspire,11220,2025-09-02T23:20:06Z,davidfowl
microsoft/aspire,11225,2025-09-03T14:51:17Z,davidfowl
microsoft/aspire,11226,2025-09-03T03:13:39Z,davidfowl
microsoft/aspire,11227,2025-09-03T03:20:48Z,maddymontaquila
microsoft/aspire,11231,2025-09-03T18:49:47Z,julioct
microsoft/aspire,11236,2025-09-03T10:42:05Z,mitchdenny
microsoft/aspire,11245,2025-09-03T21:04:25Z,radical
microsoft/aspire,11248,2025-09-04T02:25:27Z,davidfowl
microsoft/aspire,11249,2025-09-04T05:47:58Z,davidfowl
microsoft/aspire,11251,2025-09-11T05:08:00Z,davidfowl
microsoft/aspire,11254,2025-09-04T04:31:24Z,davidfowl
microsoft/aspire,11262,2025-09-05T05:28:50Z,mitchdenny
microsoft/aspire,11264,2025-09-06T05:48:40Z,davidfowl
microsoft/aspire,11266,2025-09-06T05:09:22Z,davidfowl
microsoft/aspire,11283,2025-09-10T23:38:55Z,mitchdenny
microsoft/aspire,11285,2025-09-09T02:17:57Z,davidfowl
microsoft/aspire,11286,2025-09-09T16:19:12Z,davidfowl
microsoft/aspire,11289,2025-09-09T05:40:21Z,davidfowl
microsoft/aspire,11295,2025-09-09T08:04:22Z,davidfowl
microsoft/aspire,11305,2025-09-10T14:06:04Z,davidfowl
microsoft/aspire,11315,2025-10-02T04:45:11Z,davidfowl
microsoft/aspire,11319,2025-09-11T04:24:20Z,davidfowl
microsoft/aspire,11320,2025-09-11T00:00:48Z,JamesNK
microsoft/aspire,11321,2025-09-10T23:58:11Z,maddymontaquila
microsoft/aspire,11324,2025-09-11T04:40:49Z,davidfowl
microsoft/aspire,11327,2025-09-11T08:22:27Z,mitchdenny
microsoft/aspire,11331,2025-09-11T17:21:56Z,joperezr
microsoft/aspire,11340,2025-09-12T00:32:08Z,DamianEdwards
microsoft/aspire,11344,2025-09-11T21:54:56Z,danmoseley
microsoft/aspire,11348,2025-09-12T05:33:56Z,davidfowl
microsoft/aspire,11355,2025-09-12T05:14:59Z,davidfowl
microsoft/aspire,11359,2025-09-12T04:37:45Z,davidfowl
microsoft/aspire,11363,2026-01-23T23:41:33Z,sebastienros
microsoft/aspire,11368,2025-09-12T21:58:13Z,davidfowl
microsoft/aspire,11372,2025-09-12T19:49:28Z,maddymontaquila
microsoft/aspire,11384,2025-09-13T20:42:04Z,davidfowl
microsoft/aspire,11385,2025-09-14T05:04:05Z,davidfowl
microsoft/aspire,11387,2025-09-14T14:52:41Z,davidfowl
microsoft/aspire,11393,2025-09-15T03:56:24Z,davidfowl
microsoft/aspire,11397,2025-09-15T03:57:05Z,davidfowl
microsoft/aspire,11398,2026-01-12T04:02:02Z,JamesNK
microsoft/aspire,11399,2025-09-16T19:47:36Z,radical
microsoft/aspire,11415,2025-11-22T15:11:21Z,davidfowl
microsoft/aspire,11417,2025-09-16T04:33:59Z,jeffhandley
microsoft/aspire,11423,2025-09-16T07:45:12Z,davidfowl
microsoft/aspire,11426,2025-09-16T06:26:08Z,mitchdenny
microsoft/aspire,11445,2025-09-17T23:02:39Z,mitchdenny
microsoft/aspire,11450,2025-10-02T08:08:51Z,davidfowl
microsoft/aspire,11457,2025-09-18T07:11:54Z,mitchdenny
microsoft/aspire,11460,2025-09-17T19:55:08Z,radical
microsoft/aspire,11465,2025-09-24T16:22:29Z,eerhardt
microsoft/aspire,11466,2025-09-17T22:32:28Z,joperezr
microsoft/aspire,11485,2025-09-18T15:34:38Z,eerhardt
microsoft/aspire,11486,2025-09-18T17:05:09Z,eerhardt
microsoft/aspire,11502,2025-09-19T00:39:02Z,mitchdenny
microsoft/aspire,11504,2025-09-23T08:42:46Z,radical
microsoft/aspire,11513,2025-09-20T04:11:41Z,davidfowl
microsoft/aspire,11515,2025-10-19T16:58:00Z,davidfowl
microsoft/aspire,11522,2025-09-19T21:34:51Z,joperezr
microsoft/aspire,11532,2025-09-20T04:05:56Z,davidfowl
microsoft/aspire,11537,2025-09-20T17:50:00Z,davidfowl
microsoft/aspire,11538,2025-09-22T00:51:51Z,JamesNK
microsoft/aspire,11547,2025-09-22T04:50:26Z,davidfowl
microsoft/aspire,11552,2025-10-02T08:08:22Z,davidfowl
microsoft/aspire,11555,2025-10-13T14:54:17Z,davidfowl
microsoft/aspire,11556,2025-09-22T05:05:09Z,mitchdenny
microsoft/aspire,11561,2025-09-22T15:00:37Z,james-gould
microsoft/aspire,11570,2025-09-22T23:09:37Z,eerhardt
microsoft/aspire,11579,2025-10-01T06:56:56Z,davidfowl
microsoft/aspire,11582,2025-09-23T03:50:10Z,davidfowl
microsoft/aspire,11585,2025-09-23T01:00:17Z,joperezr
microsoft/aspire,11587,2025-09-23T01:14:50Z,joperezr
microsoft/aspire,11593,2025-09-23T21:11:48Z,davidfowl
microsoft/aspire,11601,2025-09-28T05:55:08Z,davidfowl
microsoft/aspire,11609,2025-09-24T17:50:07Z,joperezr
microsoft/aspire,11611,2025-09-24T05:41:16Z,radical
microsoft/aspire,11612,2025-09-23T21:19:30Z,joperezr
microsoft/aspire,11613,2025-09-23T22:16:59Z,davidfowl
microsoft/aspire,11616,2025-09-29T17:02:38Z,joperezr
microsoft/aspire,11620,2025-09-24T02:41:46Z,radical
microsoft/aspire,11621,2025-09-24T02:17:16Z,danegsta
microsoft/aspire,11623,2025-09-24T16:59:33Z,joperezr
microsoft/aspire,11626,2025-09-24T06:43:06Z,davidfowl
microsoft/aspire,11635,2025-09-24T15:25:48Z,davidfowl
microsoft/aspire,11639,2025-09-24T16:28:05Z,eerhardt
microsoft/aspire,11646,2025-09-28T08:10:39Z,davidfowl
microsoft/aspire,11648,2025-10-02T07:34:55Z,davidfowl
microsoft/aspire,11651,2025-09-25T00:53:37Z,davidfowl
microsoft/aspire,11653,2025-10-02T04:49:01Z,davidfowl
microsoft/aspire,11656,2025-09-25T18:27:53Z,adamint
microsoft/aspire,11665,2025-09-25T21:58:02Z,eerhardt
microsoft/aspire,11667,2025-10-21T03:24:08Z,davidfowl
microsoft/aspire,11668,2025-09-26T17:55:47Z,joperezr
microsoft/aspire,11671,2025-09-26T06:52:45Z,davidfowl
microsoft/aspire,11673,2025-10-03T07:03:57Z,davidfowl
microsoft/aspire,11698,2025-09-29T04:12:58Z,JamesNK
microsoft/aspire,11699,2026-01-15T19:43:21Z,eerhardt
microsoft/aspire,11703,2025-09-29T06:04:27Z,davidfowl
microsoft/aspire,11704,2025-09-29T04:11:47Z,davidfowl
microsoft/aspire,11706,2025-10-02T20:19:14Z,SheepReaper
microsoft/aspire,11715,2026-01-16T15:30:28Z,eerhardt
microsoft/aspire,11723,2025-09-30T04:29:42Z,davidfowl
microsoft/aspire,11726,2025-09-30T04:53:27Z,davidfowl
microsoft/aspire,11730,2025-09-30T19:41:39Z,joperezr
microsoft/aspire,11735,2025-09-30T19:40:45Z,joperezr
microsoft/aspire,11745,2026-01-15T19:41:43Z,eerhardt
microsoft/aspire,11746,2025-09-30T22:02:10Z,tmat
microsoft/aspire,11752,2025-10-01T07:58:51Z,davidfowl
microsoft/aspire,11754,2025-10-01T06:10:21Z,davidfowl
microsoft/aspire,11759,2025-10-01T03:38:42Z,davidfowl
microsoft/aspire,11763,2025-10-01T15:45:35Z,sebastienros
microsoft/aspire,11765,2025-10-01T21:00:03Z,joperezr
microsoft/aspire,11768,2025-10-02T10:27:02Z,mitchdenny
microsoft/aspire,11776,2025-10-13T00:47:09Z,radical
microsoft/aspire,11778,2025-10-02T07:25:12Z,davidfowl
microsoft/aspire,11780,2025-10-01T17:38:21Z,davidfowl
microsoft/aspire,11785,2025-10-02T17:43:39Z,captainsafia
microsoft/aspire,11788,2025-10-02T00:30:32Z,joperezr
microsoft/aspire,11790,2025-10-02T20:08:34Z,missymessa
microsoft/aspire,11792,2025-10-02T19:24:39Z,davidfowl
microsoft/aspire,11793,2026-01-15T21:33:53Z,eerhardt
microsoft/aspire,11799,2026-01-13T16:26:44Z,radical
microsoft/aspire,11806,2025-10-03T01:27:05Z,radical
microsoft/aspire,11808,2025-10-03T08:30:56Z,davidfowl
microsoft/aspire,11811,2025-10-03T04:27:06Z,davidfowl
microsoft/aspire,11812,2025-10-03T23:15:27Z,eerhardt
microsoft/aspire,11813,2025-10-03T05:41:47Z,davidfowl
microsoft/aspire,11814,2025-10-06T16:27:09Z,captainsafia
microsoft/aspire,11826,2025-10-06T03:10:19Z,mitchdenny
microsoft/aspire,11828,2025-10-04T18:08:00Z,rafaelldi
microsoft/aspire,11830,2025-10-09T19:31:22Z,davidfowl
microsoft/aspire,11831,2025-10-03T23:03:45Z,davidfowl
microsoft/aspire,11832,2025-10-05T01:37:40Z,davidfowl
microsoft/aspire,11836,2025-10-05T06:48:17Z,mitchdenny
microsoft/aspire,11840,2025-10-04T20:18:37Z,davidfowl
microsoft/aspire,11845,2025-10-06T03:58:01Z,mitchdenny
microsoft/aspire,11847,2026-01-15T19:50:58Z,eerhardt
microsoft/aspire,11848,2025-10-06T03:02:19Z,mitchdenny
microsoft/aspire,11852,2025-10-06T19:42:47Z,mitchdenny
microsoft/aspire,11853,2025-10-09T05:25:00Z,davidfowl
microsoft/aspire,11869,2025-10-06T22:55:16Z,JamesNK
microsoft/aspire,11870,2025-10-07T03:18:09Z,mitchdenny
microsoft/aspire,11877,2025-10-07T14:19:43Z,davidfowl
microsoft/aspire,11881,2025-10-08T19:54:13Z,mitchdenny
microsoft/aspire,11886,2025-10-10T21:00:08Z,joperezr
microsoft/aspire,11889,2025-10-14T04:01:32Z,davidfowl
microsoft/aspire,11890,2025-10-08T20:15:46Z,eerhardt
microsoft/aspire,11892,2025-10-08T08:42:41Z,davidfowl
microsoft/aspire,11893,2025-10-08T05:23:16Z,davidfowl
microsoft/aspire,11895,2025-10-08T03:46:08Z,davidfowl
microsoft/aspire,11898,2025-10-08T04:34:45Z,davidfowl
microsoft/aspire,11900,2025-10-08T08:46:11Z,mitchdenny
microsoft/aspire,11905,2025-10-08T19:25:58Z,mitchdenny
microsoft/aspire,11908,2025-10-10T20:50:42Z,joperezr
microsoft/aspire,11909,2025-10-09T02:44:53Z,mitchdenny
microsoft/aspire,11916,2025-10-09T05:18:31Z,sebastienros
microsoft/aspire,11926,2025-10-09T14:14:15Z,davidfowl
microsoft/aspire,11929,2025-10-09T20:51:08Z,eerhardt
microsoft/aspire,11936,2025-10-10T23:33:13Z,adamint
microsoft/aspire,11938,2025-10-11T17:51:33Z,davidfowl
microsoft/aspire,11941,2025-10-10T20:35:59Z,joperezr
microsoft/aspire,11944,2025-10-11T16:44:55Z,DamianEdwards
microsoft/aspire,11947,2025-10-11T05:04:57Z,davidfowl
microsoft/aspire,11951,2025-10-10T18:31:34Z,MermaidIsla
microsoft/aspire,11953,2025-10-11T09:13:26Z,davidfowl
microsoft/aspire,11954,2025-10-10T20:50:12Z,joperezr
microsoft/aspire,11956,2025-10-11T04:04:47Z,Varorbc
microsoft/aspire,11958,2025-10-11T08:14:01Z,mitchdenny
microsoft/aspire,11959,2025-10-23T21:26:36Z,OptimusPi
microsoft/aspire,11973,2025-10-13T02:24:47Z,JamesNK
microsoft/aspire,11976,2025-10-16T09:49:19Z,captainsafia
microsoft/aspire,11978,2025-10-13T16:50:41Z,eerhardt
microsoft/aspire,11984,2025-10-13T23:55:57Z,mitchdenny
microsoft/aspire,11994,2025-10-14T01:36:51Z,JamesNK
microsoft/aspire,11995,2025-10-14T03:55:38Z,davidfowl
microsoft/aspire,11998,2025-10-17T21:39:55Z,davidfowl
microsoft/aspire,11999,2025-10-14T06:43:52Z,davidfowl
microsoft/aspire,12013,2025-10-14T21:11:29Z,davidfowl
microsoft/aspire,12019,2025-10-17T15:09:20Z,eerhardt
microsoft/aspire,12024,2025-10-14T23:19:30Z,mitchdenny
microsoft/aspire,12027,2025-10-15T00:31:46Z,karolz-ms
microsoft/aspire,12042,2025-10-15T03:52:15Z,adamint
microsoft/aspire,12050,2025-10-16T00:02:16Z,adamint
microsoft/aspire,12052,2025-10-16T08:21:41Z,davidfowl
microsoft/aspire,12059,2025-10-16T06:24:35Z,JamesNK
microsoft/aspire,12060,2025-10-15T19:54:27Z,radical
microsoft/aspire,12065,2025-10-20T10:46:37Z,Meir017
microsoft/aspire,12068,2025-10-16T03:29:18Z,mitchdenny
microsoft/aspire,12072,2025-10-16T00:48:30Z,davidfowl
microsoft/aspire,12076,2025-10-18T22:27:17Z,adamint
microsoft/aspire,12082,2025-10-16T06:13:05Z,davidfowl
microsoft/aspire,12101,2026-01-15T21:37:39Z,eerhardt
microsoft/aspire,12103,2025-10-18T16:19:36Z,davidfowl
microsoft/aspire,12105,2025-10-17T10:05:12Z,mitchdenny
microsoft/aspire,12109,2025-10-17T02:22:32Z,davidfowl
microsoft/aspire,12116,2025-10-17T17:33:07Z,captainsafia
microsoft/aspire,12118,2025-10-17T16:12:03Z,davidfowl
microsoft/aspire,12121,2025-10-17T18:19:36Z,sebastienros
microsoft/aspire,12136,2025-10-18T00:13:43Z,DamianEdwards
microsoft/aspire,12137,2025-10-18T05:24:56Z,davidfowl
microsoft/aspire,12141,2025-10-18T19:49:22Z,davidfowl
microsoft/aspire,12148,2025-10-18T20:02:35Z,davidfowl
microsoft/aspire,12153,2025-10-18T05:48:07Z,radical
microsoft/aspire,12178,2026-01-22T18:12:44Z,radical
microsoft/aspire,12184,2025-10-19T20:00:37Z,davidfowl
microsoft/aspire,12187,2025-10-20T18:24:43Z,davidfowl
microsoft/aspire,12188,2025-10-20T15:02:30Z,KennethHoff
microsoft/aspire,12191,2025-10-20T04:25:11Z,davidfowl
microsoft/aspire,12197,2025-10-28T16:33:40Z,davidfowl
microsoft/aspire,12206,2025-10-20T17:23:49Z,captainsafia
microsoft/aspire,12214,2025-10-20T18:18:55Z,davidfowl
microsoft/aspire,12215,2025-10-20T23:54:38Z,davidfowl
microsoft/aspire,12226,2025-10-22T20:31:21Z,davidfowl
microsoft/aspire,12233,2025-10-23T17:09:49Z,radical
microsoft/aspire,12238,2026-01-15T21:38:07Z,eerhardt
microsoft/aspire,12242,2025-10-21T23:22:14Z,mitchdenny
microsoft/aspire,12246,2025-10-22T01:02:26Z,JamesNK
microsoft/aspire,12248,2025-10-22T13:56:59Z,eerhardt
microsoft/aspire,12264,2026-01-15T21:40:27Z,eerhardt
microsoft/aspire,12265,2025-10-24T06:35:11Z,davidfowl
microsoft/aspire,12267,2025-10-23T03:15:53Z,davidfowl
microsoft/aspire,12270,2025-10-22T06:38:59Z,davidfowl
microsoft/aspire,12278,2025-10-22T16:35:41Z,afscrome
microsoft/aspire,12279,2025-10-22T15:25:14Z,eerhardt
microsoft/aspire,12283,2025-10-23T04:04:19Z,davidfowl
microsoft/aspire,12284,2025-10-26T04:51:16Z,JamesNK
microsoft/aspire,12287,2025-10-23T04:07:30Z,davidfowl
microsoft/aspire,12293,2025-10-23T14:21:14Z,eerhardt
microsoft/aspire,12296,2025-10-23T03:23:39Z,davidfowl
microsoft/aspire,12301,2025-10-23T06:41:01Z,davidfowl
microsoft/aspire,12305,2025-10-24T02:05:47Z,mitchdenny
microsoft/aspire,12310,2025-10-31T03:00:30Z,captainsafia
microsoft/aspire,12312,2025-10-23T20:23:37Z,davidfowl
microsoft/aspire,12317,2025-10-23T17:17:35Z,davidfowl
microsoft/aspire,12321,2026-01-15T21:38:43Z,eerhardt
microsoft/aspire,12325,2025-10-24T05:52:15Z,davidfowl
microsoft/aspire,12333,2025-10-24T01:44:10Z,mitchdenny
microsoft/aspire,12335,2025-10-24T06:59:12Z,davidfowl
microsoft/aspire,12337,2025-10-24T16:30:55Z,eerhardt
microsoft/aspire,12340,2025-10-24T16:50:10Z,captainsafia
microsoft/aspire,12346,2026-01-16T23:45:35Z,JamesNK
microsoft/aspire,12349,2025-10-24T18:14:35Z,davidfowl
microsoft/aspire,12358,2025-10-27T03:55:11Z,karolz-ms
microsoft/aspire,12360,2025-10-27T02:59:50Z,zhiyuanliang-ms
microsoft/aspire,12363,2025-10-25T05:21:04Z,davidfowl
microsoft/aspire,12370,2025-10-26T13:34:35Z,mitchdenny
microsoft/aspire,12371,2025-10-26T00:52:37Z,mitchdenny
microsoft/aspire,12381,2025-10-26T05:32:25Z,JamesNK
microsoft/aspire,12384,2025-10-28T23:02:46Z,danegsta
microsoft/aspire,12387,2025-10-26T15:09:10Z,davidfowl
microsoft/aspire,12395,2025-10-27T04:49:53Z,davidfowl
microsoft/aspire,12401,2026-01-29T04:46:45Z,davidfowl
microsoft/aspire,12413,2025-11-13T15:57:29Z,eerhardt
microsoft/aspire,12414,2025-10-31T00:59:04Z,davidfowl
microsoft/aspire,12418,2025-10-28T04:36:08Z,davidfowl
microsoft/aspire,12420,2025-10-28T01:41:49Z,mitchdenny
microsoft/aspire,12422,2025-10-28T22:00:27Z,mitchdenny
microsoft/aspire,12436,2025-10-28T09:09:19Z,mitchdenny
microsoft/aspire,12445,2025-10-28T19:55:55Z,radical
microsoft/aspire,12449,2025-10-28T14:37:49Z,davidfowl
microsoft/aspire,12454,2025-10-28T16:41:30Z,DamianEdwards
microsoft/aspire,12456,2025-10-28T22:19:14Z,davidfowl
microsoft/aspire,12459,2025-10-29T04:08:02Z,radical
microsoft/aspire,12461,2025-10-28T22:18:38Z,davidfowl
microsoft/aspire,12462,2026-01-22T04:00:20Z,davidfowl
microsoft/aspire,12466,2025-10-29T01:08:56Z,mitchdenny
microsoft/aspire,12468,2025-10-29T01:27:09Z,mitchdenny
microsoft/aspire,12475,2025-11-22T08:58:55Z,davidfowl
microsoft/aspire,12483,2025-10-29T14:19:15Z,eerhardt
microsoft/aspire,12490,2025-10-29T15:34:27Z,davidfowl
microsoft/aspire,12506,2025-10-30T04:48:32Z,davidfowl
microsoft/aspire,12520,2025-11-01T06:52:34Z,radical
microsoft/aspire,12528,2025-10-31T03:36:32Z,davidfowl
microsoft/aspire,12530,2025-10-31T08:21:21Z,davidfowl
microsoft/aspire,12538,2025-10-31T19:48:42Z,davidfowl
microsoft/aspire,12540,2025-10-31T15:51:43Z,karolz-ms
microsoft/aspire,12542,2025-10-31T11:16:59Z,eerhardt
microsoft/aspire,12543,2025-10-31T12:39:28Z,eerhardt
microsoft/aspire,12545,2025-10-31T09:41:07Z,ShilpiRach
microsoft/aspire,12552,2025-10-31T22:37:05Z,joperezr
microsoft/aspire,12558,2025-10-31T22:32:24Z,davidfowl
microsoft/aspire,12563,2025-10-31T18:06:27Z,captainsafia
microsoft/aspire,12564,2025-10-31T22:34:14Z,joperezr
microsoft/aspire,12582,2025-11-01T22:32:22Z,davidfowl
microsoft/aspire,12587,2025-11-03T21:46:19Z,joperezr
microsoft/aspire,12588,2025-11-03T21:43:26Z,joperezr
microsoft/aspire,12589,2025-11-04T05:48:04Z,davidfowl
microsoft/aspire,12590,2025-11-03T21:40:33Z,joperezr
microsoft/aspire,12596,2025-11-01T18:20:57Z,davidfowl
microsoft/aspire,12597,2025-11-01T22:14:39Z,davidfowl
microsoft/aspire,12604,2025-11-03T22:42:52Z,eerhardt
microsoft/aspire,12608,2025-11-05T17:19:46Z,eerhardt
microsoft/aspire,12609,2025-11-02T15:50:48Z,davidfowl
microsoft/aspire,12610,2025-11-02T16:10:28Z,karolz-ms
microsoft/aspire,12616,2025-11-03T18:04:44Z,eerhardt
microsoft/aspire,12626,2025-11-04T09:35:47Z,JamesNK
microsoft/aspire,12627,2025-11-03T22:37:03Z,eerhardt
microsoft/aspire,12628,2025-11-03T18:07:48Z,davidfowl
microsoft/aspire,12629,2025-11-03T21:37:23Z,joperezr
microsoft/aspire,12632,2025-11-03T21:34:13Z,joperezr
microsoft/aspire,12634,2025-11-04T22:39:14Z,joperezr
microsoft/aspire,12637,2025-11-03T22:31:33Z,radical
microsoft/aspire,12646,2025-11-05T00:10:23Z,joperezr
microsoft/aspire,12648,2025-11-04T15:56:36Z,eerhardt
microsoft/aspire,12653,2025-11-04T04:03:03Z,davidfowl
microsoft/aspire,12665,2025-11-04T15:07:10Z,sebastienros
microsoft/aspire,12667,2025-11-05T04:11:12Z,eerhardt
microsoft/aspire,12679,2025-11-09T23:18:49Z,JamesNK
microsoft/aspire,12687,2025-11-05T01:45:07Z,davidfowl
microsoft/aspire,12690,2025-11-05T08:22:08Z,davidfowl
microsoft/aspire,12694,2025-11-05T12:22:39Z,stephentoub
microsoft/aspire,12696,2025-11-05T07:43:11Z,davidfowl
microsoft/aspire,12699,2025-11-05T23:42:09Z,eerhardt
microsoft/aspire,12701,2025-11-17T07:48:06Z,allanFunrock
microsoft/aspire,12704,2025-11-06T04:51:20Z,davidfowl
microsoft/aspire,12705,2025-11-05T18:30:40Z,davidfowl
microsoft/aspire,12706,2025-11-05T22:27:15Z,sebastienros
microsoft/aspire,12707,2025-11-05T21:12:10Z,radical
microsoft/aspire,12711,2025-11-13T08:53:22Z,davidfowl
microsoft/aspire,12712,2025-11-06T01:14:35Z,davidfowl
microsoft/aspire,12713,2025-11-05T22:05:19Z,joperezr
microsoft/aspire,12715,2025-11-05T22:03:12Z,joperezr
microsoft/aspire,12720,2025-11-05T23:39:45Z,JamesNK
microsoft/aspire,12727,2025-11-06T00:06:07Z,karolz-ms
microsoft/aspire,12732,2025-11-06T01:47:54Z,joperezr
microsoft/aspire,12733,2025-11-06T01:47:09Z,joperezr
microsoft/aspire,12735,2025-11-06T01:46:17Z,joperezr
microsoft/aspire,12754,2025-11-06T15:55:23Z,davidfowl
microsoft/aspire,12762,2025-11-07T00:50:57Z,joperezr
microsoft/aspire,12767,2025-11-06T23:06:53Z,JamesNK
microsoft/aspire,12769,2025-11-07T00:37:52Z,maddymontaquila
microsoft/aspire,12777,2025-11-06T23:49:42Z,danegsta
microsoft/aspire,12782,2025-11-07T00:48:19Z,joperezr
microsoft/aspire,12787,2025-11-08T08:09:01Z,mitchdenny
microsoft/aspire,12790,2025-11-07T20:26:41Z,eerhardt
microsoft/aspire,12806,2026-01-06T05:38:03Z,JamesNK
microsoft/aspire,12807,2025-11-07T16:48:43Z,captainsafia
microsoft/aspire,12810,2025-12-10T23:57:42Z,eerhardt
microsoft/aspire,12819,2025-11-07T21:34:24Z,davidfowl
microsoft/aspire,12829,2025-11-18T02:44:30Z,mitchdenny
microsoft/aspire,12832,2025-11-08T00:35:09Z,davidfowl
microsoft/aspire,12841,2025-11-10T14:44:15Z,eerhardt
microsoft/aspire,12845,2025-11-08T22:10:56Z,davidfowl
microsoft/aspire,12848,2025-11-09T04:58:32Z,mitchdenny
microsoft/aspire,12853,2025-11-09T10:58:21Z,mitchdenny
microsoft/aspire,12878,2025-11-11T18:22:27Z,eerhardt
microsoft/aspire,12887,2025-11-11T09:35:52Z,davidfowl
microsoft/aspire,12888,2025-11-11T09:31:32Z,davidfowl
microsoft/aspire,12892,2025-11-11T14:46:40Z,davidfowl
microsoft/aspire,12893,2025-11-12T22:32:13Z,eerhardt
microsoft/aspire,12894,2025-11-11T19:33:49Z,eerhardt
microsoft/aspire,12901,2025-11-11T18:21:39Z,davidfowl
microsoft/aspire,12902,2026-01-15T07:51:19Z,davidfowl
microsoft/aspire,12903,2025-11-12T05:39:15Z,davidfowl
microsoft/aspire,12913,2025-11-21T16:59:13Z,joperezr
microsoft/aspire,12918,2026-02-25T19:06:21Z,adamint
microsoft/aspire,12923,2025-11-18T09:10:42Z,mitchdenny
microsoft/aspire,12924,2025-11-13T06:20:59Z,davidfowl
microsoft/aspire,12939,2025-11-13T05:45:04Z,davidfowl
microsoft/aspire,12945,2025-11-13T17:56:06Z,radical
microsoft/aspire,12949,2026-01-15T23:45:40Z,sebastienros
microsoft/aspire,12950,2025-11-17T17:13:56Z,captainsafia
microsoft/aspire,12951,2026-01-15T23:45:05Z,sebastienros
microsoft/aspire,12959,2025-11-14T18:20:34Z,joperezr
microsoft/aspire,12960,2025-11-14T23:14:24Z,davidfowl
microsoft/aspire,12963,2025-11-17T17:41:22Z,davidfowl
microsoft/aspire,12969,2025-11-17T17:07:17Z,marcpopMSFT
microsoft/aspire,12975,2025-11-15T06:33:45Z,davidfowl
microsoft/aspire,12978,2025-11-21T04:03:33Z,davidfowl
microsoft/aspire,12981,2025-11-16T23:34:13Z,JamesNK
microsoft/aspire,12990,2025-11-24T23:28:49Z,joperezr
microsoft/aspire,13016,2026-01-22T06:24:28Z,davidfowl
microsoft/aspire,13019,2025-11-18T17:04:43Z,eerhardt
microsoft/aspire,13020,2025-11-18T23:38:17Z,JamesNK
microsoft/aspire,13028,2025-11-24T18:08:46Z,joperezr
microsoft/aspire,13041,2025-11-19T08:04:55Z,davidfowl
microsoft/aspire,13042,2025-11-19T01:03:36Z,davidfowl
microsoft/aspire,13048,2025-11-19T05:24:18Z,radical
microsoft/aspire,13056,2025-11-25T21:07:08Z,radical
microsoft/aspire,13061,2025-11-20T18:51:30Z,davidfowl
microsoft/aspire,13062,2025-11-20T08:54:53Z,davidfowl
microsoft/aspire,13075,2025-12-01T17:38:11Z,joperezr
microsoft/aspire,13080,2025-11-21T02:45:08Z,karolz-ms
microsoft/aspire,13081,2025-11-26T00:09:54Z,davidfowl
microsoft/aspire,13086,2025-11-22T16:32:34Z,tjwald
microsoft/aspire,13090,2025-12-13T06:18:37Z,davidfowl
microsoft/aspire,13103,2025-11-22T17:35:10Z,sliekens
microsoft/aspire,13107,2025-11-22T09:18:13Z,davidfowl
microsoft/aspire,13108,2026-02-05T00:52:09Z,mitchdenny
microsoft/aspire,13111,2025-11-22T04:19:23Z,davidfowl
microsoft/aspire,13121,2025-12-04T07:50:21Z,vhvb1989
microsoft/aspire,13122,2025-11-23T21:07:04Z,danegsta
microsoft/aspire,13124,2026-02-04T17:12:18Z,eerhardt
microsoft/aspire,13131,2025-12-03T21:55:06Z,danegsta
microsoft/aspire,13139,2025-11-24T07:27:37Z,mitchdenny
microsoft/aspire,13151,2025-11-25T06:43:28Z,davidfowl
microsoft/aspire,13158,2025-11-24T19:41:13Z,radical
microsoft/aspire,13161,2025-11-24T15:27:25Z,eerhardt
microsoft/aspire,13165,2025-12-13T18:22:27Z,davidfowl
microsoft/aspire,13166,2025-11-24T19:04:57Z,eerhardt
microsoft/aspire,13168,2026-01-15T07:19:39Z,davidfowl
microsoft/aspire,13169,2025-11-24T19:56:26Z,afscrome
microsoft/aspire,13172,2025-11-24T23:36:36Z,sebastienros
microsoft/aspire,13186,2025-11-25T01:11:13Z,danegsta
microsoft/aspire,13189,2025-11-26T20:02:21Z,eerhardt
microsoft/aspire,13192,2025-11-27T10:40:14Z,davidfowl
microsoft/aspire,13196,2025-12-04T21:46:37Z,davidfowl
microsoft/aspire,13200,2025-12-08T11:32:01Z,mitchdenny
microsoft/aspire,13202,2025-11-26T19:15:17Z,radical
microsoft/aspire,13213,2025-12-02T02:40:15Z,mitchdenny
microsoft/aspire,13216,2025-11-27T07:49:41Z,davidfowl
microsoft/aspire,13221,2025-12-01T22:43:47Z,karolz-ms
microsoft/aspire,13225,2025-11-27T23:45:30Z,mitchdenny
microsoft/aspire,13229,2025-11-28T05:11:17Z,davidfowl
microsoft/aspire,13231,2025-12-01T04:31:42Z,mitchdenny
microsoft/aspire,13233,2025-11-28T20:57:06Z,mitchdenny
microsoft/aspire,13240,2025-11-28T23:31:14Z,mitchdenny
microsoft/aspire,13243,2026-01-23T20:45:13Z,sebastienros
microsoft/aspire,13248,2025-12-02T01:42:38Z,mitchdenny
microsoft/aspire,13250,2025-11-30T07:36:09Z,mitchdenny
microsoft/aspire,13261,2026-04-06T22:09:28Z,joperezr
microsoft/aspire,13266,2025-12-03T20:06:21Z,sebastienros
microsoft/aspire,13274,2025-12-02T06:39:25Z,mitchdenny
microsoft/aspire,13278,2025-12-04T09:54:24Z,davidfowl
microsoft/aspire,13282,2025-12-06T02:41:12Z,mitchdenny
microsoft/aspire,13290,2025-12-17T21:06:57Z,joperezr
microsoft/aspire,13296,2026-01-08T15:47:00Z,sebastienros
microsoft/aspire,13306,2025-12-03T04:03:26Z,davidfowl
microsoft/aspire,13319,2025-12-08T21:09:26Z,davidfowl
microsoft/aspire,13334,2025-12-24T17:03:49Z,Meir017
microsoft/aspire,13353,2025-12-05T20:33:56Z,joperezr
microsoft/aspire,13355,2025-12-08T11:21:45Z,mitchdenny
microsoft/aspire,13356,2025-12-10T21:17:32Z,radical
microsoft/aspire,13368,2025-12-09T03:38:40Z,captainsafia
microsoft/aspire,13370,2025-12-07T23:56:13Z,JamesNK
microsoft/aspire,13384,2025-12-08T17:36:06Z,sebastienros
microsoft/aspire,13387,2025-12-08T09:35:23Z,JamesNK
microsoft/aspire,13389,2026-01-15T21:50:38Z,eerhardt
microsoft/aspire,13391,2025-12-08T17:30:52Z,davidfowl
microsoft/aspire,13402,2025-12-08T20:23:19Z,eerhardt
microsoft/aspire,13411,2025-12-09T08:33:46Z,mitchdenny
microsoft/aspire,13412,2026-01-22T03:50:16Z,davidfowl
microsoft/aspire,13420,2025-12-11T16:42:39Z,eerhardt
microsoft/aspire,13422,2025-12-09T14:11:46Z,davidfowl
microsoft/aspire,13442,2025-12-11T01:51:34Z,JamesNK
microsoft/aspire,13447,2025-12-11T21:43:18Z,radical
microsoft/aspire,13452,2025-12-10T05:23:35Z,mitchdenny
microsoft/aspire,13463,2025-12-11T16:46:15Z,eerhardt
microsoft/aspire,13468,2025-12-10T19:27:08Z,eerhardt
microsoft/aspire,13469,2025-12-10T21:12:52Z,radical
microsoft/aspire,13471,2025-12-10T21:14:19Z,radical
microsoft/aspire,13475,2025-12-10T22:18:21Z,radical
microsoft/aspire,13481,2025-12-11T05:25:14Z,davidfowl
microsoft/aspire,13482,2025-12-12T22:04:44Z,joperezr
microsoft/aspire,13497,2025-12-15T16:43:18Z,eerhardt
microsoft/aspire,13504,2025-12-12T08:24:56Z,mitchdenny
microsoft/aspire,13512,2025-12-12T00:08:28Z,joperezr
microsoft/aspire,13517,2025-12-12T00:14:47Z,joperezr
microsoft/aspire,13519,2025-12-12T18:27:18Z,afscrome
microsoft/aspire,13521,2025-12-12T00:12:21Z,joperezr
microsoft/aspire,13529,2025-12-12T16:19:39Z,eerhardt
microsoft/aspire,13539,2025-12-12T23:14:26Z,JamesNK
microsoft/aspire,13541,2025-12-12T23:49:32Z,joperezr
microsoft/aspire,13542,2025-12-13T00:19:34Z,danegsta
microsoft/aspire,13548,2026-01-07T02:05:46Z,sebastienros
microsoft/aspire,13550,2025-12-15T00:47:34Z,JamesNK
microsoft/aspire,13555,2025-12-14T20:34:46Z,afscrome
microsoft/aspire,13556,2026-01-16T17:27:22Z,radical
microsoft/aspire,13557,2025-12-15T16:36:27Z,davidfowl
microsoft/aspire,13567,2025-12-19T15:38:55Z,davidfowl
microsoft/aspire,13569,2025-12-15T20:22:20Z,captainsafia
microsoft/aspire,13572,2026-01-23T18:56:50Z,joperezr
microsoft/aspire,13574,2025-12-16T00:13:08Z,joperezr
microsoft/aspire,13575,2026-01-07T05:02:22Z,rmunn
microsoft/aspire,13578,2025-12-16T00:45:58Z,JamesNK
microsoft/aspire,13579,2025-12-16T00:29:41Z,captainsafia
microsoft/aspire,13583,2025-12-16T02:54:46Z,davidfowl
microsoft/aspire,13590,2026-01-04T22:01:30Z,mitchdenny
microsoft/aspire,13591,2025-12-17T00:13:06Z,DamianEdwards
microsoft/aspire,13595,2025-12-17T00:52:26Z,JamesNK
microsoft/aspire,13600,2026-01-22T09:13:32Z,davidfowl
microsoft/aspire,13603,2025-12-17T14:35:44Z,davidfowl
microsoft/aspire,13610,2025-12-17T23:09:18Z,PatrickMcDonald
microsoft/aspire,13615,2025-12-18T05:51:10Z,davidfowl
microsoft/aspire,13621,2025-12-18T01:51:36Z,davidfowl
microsoft/aspire,13623,2025-12-18T10:46:16Z,Kralizek
microsoft/aspire,13626,2025-12-18T17:58:30Z,karolz-ms
microsoft/aspire,13630,2026-03-05T05:38:48Z,davidfowl
microsoft/aspire,13639,2026-03-18T16:39:11Z,eerhardt
microsoft/aspire,13641,2026-01-03T06:49:10Z,JamesNK
microsoft/aspire,13653,2026-01-05T01:16:58Z,mitchdenny
microsoft/aspire,13657,2026-01-13T01:08:38Z,sebastienros
microsoft/aspire,13662,2025-12-20T00:28:07Z,karolz-ms
microsoft/aspire,13667,2025-12-20T03:23:57Z,davidfowl
microsoft/aspire,13669,2026-01-05T16:02:02Z,eerhardt
microsoft/aspire,13676,2026-01-15T23:47:11Z,sebastienros
microsoft/aspire,13681,2025-12-22T03:13:28Z,JamesNK
microsoft/aspire,13682,2025-12-22T05:24:50Z,davidfowl
microsoft/aspire,13688,2025-12-23T06:03:07Z,astonfrancke
microsoft/aspire,13693,2026-01-08T20:10:12Z,eerhardt
microsoft/aspire,13702,2025-12-29T04:07:39Z,JamesNK
microsoft/aspire,13704,2026-01-04T21:44:41Z,mitchdenny
microsoft/aspire,13705,2026-01-12T17:20:46Z,Meir017
microsoft/aspire,13711,2026-01-14T05:25:54Z,mitchdenny
microsoft/aspire,13713,2026-01-05T03:16:10Z,JamesNK
microsoft/aspire,13722,2026-01-15T07:44:25Z,davidfowl
microsoft/aspire,13723,2026-02-27T08:44:38Z,davidfowl
microsoft/aspire,13727,2026-01-29T04:48:20Z,davidfowl
microsoft/aspire,13731,2026-01-03T06:56:36Z,JamesNK
microsoft/aspire,13733,2026-01-14T08:15:50Z,davidfowl
microsoft/aspire,13742,2026-01-13T22:21:22Z,davidfowl
microsoft/aspire,13745,2026-01-08T00:42:52Z,mitchdenny
microsoft/aspire,13767,2026-01-06T06:14:22Z,davidfowl
microsoft/aspire,13769,2026-01-06T17:11:41Z,karolz-ms
microsoft/aspire,13774,2026-01-07T06:58:14Z,JamesNK
microsoft/aspire,13778,2026-01-14T05:34:07Z,mitchdenny
microsoft/aspire,13784,2026-01-09T05:32:19Z,radical
microsoft/aspire,13785,2026-01-24T04:13:03Z,davidfowl
microsoft/aspire,13791,2026-01-07T23:38:44Z,mitchdenny
microsoft/aspire,13800,2026-02-03T11:27:48Z,bbartels
microsoft/aspire,13802,2026-01-16T19:18:13Z,radical
microsoft/aspire,13803,2026-01-08T15:31:10Z,sebastienros
microsoft/aspire,13810,2026-01-08T22:05:52Z,joperezr
microsoft/aspire,13826,2026-01-18T08:35:34Z,mitchdenny
microsoft/aspire,13831,2026-01-12T15:55:08Z,eerhardt
microsoft/aspire,13832,2026-03-13T22:19:48Z,joperezr
microsoft/aspire,13838,2026-01-11T23:39:44Z,davidfowl
microsoft/aspire,13859,2026-01-12T23:29:10Z,JamesNK
microsoft/aspire,13860,2026-01-12T23:32:15Z,karolz-ms
microsoft/aspire,13862,2026-01-13T16:38:51Z,radical
microsoft/aspire,13877,2026-01-13T21:19:21Z,mitchdenny
microsoft/aspire,13886,2026-01-13T21:25:43Z,IEvangelist
microsoft/aspire,13897,2026-01-16T23:27:44Z,sebastienros
microsoft/aspire,13917,2026-01-15T01:20:01Z,mitchdenny
microsoft/aspire,13930,2026-01-16T17:54:24Z,adamint
microsoft/aspire,13936,2026-01-15T19:59:13Z,radical
microsoft/aspire,13938,2026-01-21T02:21:17Z,JamesNK
microsoft/aspire,13939,2026-01-20T21:58:48Z,adamint
microsoft/aspire,13941,2026-01-16T17:29:52Z,eerhardt
microsoft/aspire,13943,2026-01-15T23:29:45Z,davidfowl
microsoft/aspire,13947,2026-01-23T08:36:05Z,davidfowl
microsoft/aspire,13962,2026-01-16T14:07:47Z,JamesNK
microsoft/aspire,13963,2026-01-22T21:39:09Z,sebastienros
microsoft/aspire,13966,2026-01-16T18:50:02Z,radical
microsoft/aspire,13970,2026-01-17T02:07:03Z,davidfowl
microsoft/aspire,13973,2026-01-20T05:18:23Z,mitchdenny
microsoft/aspire,13978,2026-01-17T04:41:53Z,davidfowl
microsoft/aspire,13981,2026-01-17T06:22:36Z,sebastienros
microsoft/aspire,13991,2026-01-19T02:52:22Z,davidfowl
microsoft/aspire,13999,2026-01-23T15:58:58Z,radical
microsoft/aspire,14009,2026-01-20T17:39:26Z,joperezr
microsoft/aspire,14017,2026-02-08T16:30:44Z,davidfowl
microsoft/aspire,14019,2026-01-20T20:22:37Z,davidfowl
microsoft/aspire,14020,2026-01-21T02:23:15Z,JamesNK
microsoft/aspire,14023,2026-01-20T21:28:32Z,maddymontaquila
microsoft/aspire,14028,2026-01-22T23:49:39Z,mitchdenny
microsoft/aspire,14031,2026-01-21T15:22:50Z,JamesNK
microsoft/aspire,14032,2026-01-22T00:34:38Z,davidfowl
microsoft/aspire,14038,2026-01-21T20:09:27Z,davidfowl
microsoft/aspire,14047,2026-01-24T01:56:47Z,radical
microsoft/aspire,14048,2026-01-22T16:28:04Z,adamint
microsoft/aspire,14059,2026-01-22T21:16:11Z,karolz-ms
microsoft/aspire,14066,2026-01-23T06:04:49Z,davidfowl
microsoft/aspire,14072,2026-02-06T02:56:55Z,JamesNK
microsoft/aspire,14097,2026-01-24T01:46:26Z,davidfowl
microsoft/aspire,14101,2026-01-24T01:30:01Z,sebastienros
microsoft/aspire,14105,2026-01-26T17:38:32Z,radical
microsoft/aspire,14109,2026-01-24T17:40:07Z,davidfowl
microsoft/aspire,14112,2026-03-19T20:50:45Z,DamianEdwards
microsoft/aspire,14119,2026-01-25T18:57:03Z,davidfowl
microsoft/aspire,14122,2026-01-25T23:51:51Z,sebastienros
microsoft/aspire,14123,2026-01-26T05:38:13Z,davidfowl
microsoft/aspire,14128,2026-01-27T08:41:13Z,davidfowl
microsoft/aspire,14149,2026-02-18T20:33:11Z,sebastienros
microsoft/aspire,14168,2026-01-28T08:57:31Z,JamesNK
microsoft/aspire,14177,2026-01-28T21:55:35Z,davidfowl
microsoft/aspire,14178,2026-01-28T22:02:17Z,davidfowl
microsoft/aspire,14180,2026-01-28T23:41:40Z,JamesNK
microsoft/aspire,14186,2026-01-29T01:28:28Z,radical
microsoft/aspire,14193,2026-01-29T15:11:05Z,sebastienros
microsoft/aspire,14197,2026-01-29T14:55:21Z,IEvangelist
microsoft/aspire,14217,2026-01-30T17:48:11Z,davidfowl
microsoft/aspire,14233,2026-01-30T05:23:10Z,JamesNK
microsoft/aspire,14239,2026-01-30T02:50:36Z,davidfowl
microsoft/aspire,14252,2026-01-30T15:05:56Z,sebastienros
microsoft/aspire,14254,2026-01-31T00:57:09Z,davidfowl
microsoft/aspire,14258,2026-02-02T22:05:49Z,bbartels
microsoft/aspire,14259,2026-01-30T22:36:48Z,karolz-ms
microsoft/aspire,14260,2026-01-31T01:20:59Z,DamianEdwards
microsoft/aspire,14267,2026-02-01T07:41:27Z,mitchdenny
microsoft/aspire,14276,2026-02-01T15:49:27Z,adamint
microsoft/aspire,14283,2026-02-02T19:26:03Z,davidfowl
microsoft/aspire,14285,2026-02-02T16:15:09Z,DamianEdwards
microsoft/aspire,14287,2026-02-02T17:47:46Z,karolz-ms
microsoft/aspire,14303,2026-02-03T01:16:49Z,radical
microsoft/aspire,14306,2026-02-04T05:18:43Z,davidfowl
microsoft/aspire,14310,2026-02-03T04:12:18Z,JamesNK
microsoft/aspire,14323,2026-02-03T22:03:49Z,karolz-ms
microsoft/aspire,14327,2026-02-04T05:19:49Z,davidfowl
microsoft/aspire,14334,2026-02-24T22:01:11Z,eerhardt
microsoft/aspire,14335,2026-02-04T15:34:19Z,eerhardt
microsoft/aspire,14341,2026-02-04T16:57:10Z,davidfowl
microsoft/aspire,14345,2026-02-05T01:34:07Z,davidfowl
microsoft/aspire,14348,2026-02-05T05:10:06Z,davidfowl
microsoft/aspire,14350,2026-02-06T02:28:44Z,JamesNK
microsoft/aspire,14351,2026-02-05T04:41:30Z,davidfowl
microsoft/aspire,14364,2026-02-06T04:59:13Z,JamesNK
microsoft/aspire,14368,2026-02-13T15:07:02Z,sebastienros
microsoft/aspire,14369,2026-02-23T03:21:55Z,mitchdenny
microsoft/aspire,14376,2026-02-13T16:30:06Z,sebastienros
microsoft/aspire,14377,2026-02-07T00:12:27Z,davidfowl
microsoft/aspire,14378,2026-02-07T00:14:10Z,danegsta
microsoft/aspire,14383,2026-02-07T20:50:08Z,davidfowl
microsoft/aspire,14395,2026-03-22T04:27:00Z,joperezr
microsoft/aspire,14398,2026-02-10T11:21:48Z,mitchdenny
microsoft/aspire,14399,2026-02-08T23:23:06Z,davidfowl
microsoft/aspire,14419,2026-02-10T04:15:04Z,davidfowl
microsoft/aspire,14433,2026-02-11T05:06:45Z,davidfowl
microsoft/aspire,14434,2026-02-12T17:11:43Z,davidfowl
microsoft/aspire,14441,2026-02-24T09:57:37Z,mitchdenny
microsoft/aspire,14448,2026-02-13T02:56:34Z,joperezr
microsoft/aspire,14452,2026-02-19T00:55:42Z,mitchdenny
microsoft/aspire,14459,2026-02-13T20:34:43Z,DamianEdwards
microsoft/aspire,14462,2026-02-12T06:15:29Z,davidfowl
microsoft/aspire,14469,2026-02-13T03:37:28Z,mitchdenny
microsoft/aspire,14473,2026-02-12T21:27:53Z,karolz-ms
microsoft/aspire,14480,2026-02-12T23:54:17Z,eerhardt
microsoft/aspire,14484,2026-02-13T18:21:05Z,sebastienros
microsoft/aspire,14490,2026-03-09T07:45:39Z,alrekr
microsoft/aspire,14491,2026-02-26T06:10:20Z,davidfowl
microsoft/aspire,14492,2026-02-13T21:15:22Z,radical
microsoft/aspire,14498,2026-02-14T03:46:20Z,radical
microsoft/aspire,14499,2026-02-14T00:36:53Z,danegsta
microsoft/aspire,14500,2026-02-14T00:36:04Z,joperezr
microsoft/aspire,14505,2026-02-17T17:11:01Z,karolz-ms
microsoft/aspire,14519,2026-03-05T05:42:09Z,JamesNK
microsoft/aspire,14526,2026-04-07T02:55:41Z,IEvangelist
microsoft/aspire,14533,2026-02-17T22:58:06Z,mitchdenny
microsoft/aspire,14534,2026-02-18T01:53:36Z,radical
microsoft/aspire,14537,2026-02-18T03:27:18Z,JamesNK
microsoft/aspire,14541,2026-02-18T17:28:39Z,sebastienros
microsoft/aspire,14543,2026-02-25T02:49:39Z,danegsta
microsoft/aspire,14544,2026-02-18T17:25:19Z,sebastienros
microsoft/aspire,14549,2026-02-19T19:51:05Z,eerhardt
microsoft/aspire,14555,2026-02-18T23:04:13Z,mitchdenny
microsoft/aspire,14559,2026-02-19T00:35:40Z,mitchdenny
microsoft/aspire,14560,2026-02-19T21:01:35Z,JamesNK
microsoft/aspire,14569,2026-02-27T03:10:43Z,blowdart
microsoft/aspire,14570,2026-02-19T19:39:24Z,JamesNK
microsoft/aspire,14572,2026-02-24T02:30:18Z,JamesNK
microsoft/aspire,14576,2026-02-20T20:28:17Z,joperezr
microsoft/aspire,14585,2026-02-20T08:51:33Z,afscrome
microsoft/aspire,14590,2026-02-21T09:33:05Z,davidfowl
microsoft/aspire,14599,2026-02-22T01:01:17Z,davidfowl
microsoft/aspire,14601,2026-02-21T09:31:35Z,davidfowl
microsoft/aspire,14609,2026-02-22T23:42:44Z,JamesNK
microsoft/aspire,14610,2026-02-23T05:12:40Z,davidfowl
microsoft/aspire,14626,2026-02-24T05:07:21Z,davidfowl
microsoft/aspire,14628,2026-03-13T22:21:17Z,joperezr
microsoft/aspire,14634,2026-02-24T00:20:11Z,JamesNK
microsoft/aspire,14641,2026-03-06T23:21:04Z,sebastienros
microsoft/aspire,14643,2026-02-24T16:28:44Z,adamint
microsoft/aspire,14644,2026-02-25T03:26:51Z,JamesNK
microsoft/aspire,14645,2026-02-24T17:31:57Z,davidfowl
microsoft/aspire,14656,2026-02-24T19:18:14Z,davidfowl
microsoft/aspire,14657,2026-02-24T20:51:26Z,JamesNK
microsoft/aspire,14667,2026-02-25T05:14:36Z,mitchdenny
microsoft/aspire,14670,2026-02-26T00:26:01Z,mitchdenny
microsoft/aspire,14672,2026-02-25T07:39:23Z,davidfowl
microsoft/aspire,14674,2026-02-25T07:38:31Z,davidfowl
microsoft/aspire,14683,2026-02-25T21:04:11Z,DamianEdwards
microsoft/aspire,14686,2026-03-02T19:26:53Z,danegsta
microsoft/aspire,14691,2026-02-25T19:55:12Z,eerhardt
microsoft/aspire,14726,2026-02-26T06:47:28Z,davidfowl
microsoft/aspire,14736,2026-02-26T18:54:18Z,davidfowl
microsoft/aspire,14753,2026-02-27T04:25:16Z,davidfowl
microsoft/aspire,14758,2026-03-03T06:33:10Z,davidfowl
microsoft/aspire,14768,2026-04-03T15:39:16Z,adamint
microsoft/aspire,14783,2026-02-28T00:30:22Z,JamesNK
microsoft/aspire,14785,2026-03-03T07:20:34Z,davidfowl
microsoft/aspire,14792,2026-02-28T18:34:09Z,davidfowl
microsoft/aspire,14803,2026-02-28T15:00:20Z,davidfowl
microsoft/aspire,14811,2026-03-01T08:59:29Z,JamesNK
microsoft/aspire,14821,2026-03-03T10:03:04Z,JamesNK
microsoft/aspire,14826,2026-03-13T22:33:38Z,joperezr
microsoft/aspire,14834,2026-03-02T07:16:34Z,davidfowl
microsoft/aspire,14837,2026-03-05T03:49:36Z,JamesNK
microsoft/aspire,14844,2026-03-03T06:59:20Z,davidfowl
microsoft/aspire,14847,2026-03-13T22:39:58Z,joperezr
microsoft/aspire,14855,2026-03-02T22:27:08Z,radical
microsoft/aspire,14870,2026-03-03T06:56:19Z,davidfowl
microsoft/aspire,14875,2026-03-03T08:18:28Z,davidfowl
microsoft/aspire,14877,2026-03-03T10:04:13Z,JamesNK
microsoft/aspire,14881,2026-03-09T00:43:14Z,JamesNK
microsoft/aspire,14882,2026-03-03T23:51:36Z,davidfowl
microsoft/aspire,14917,2026-03-04T06:43:10Z,davidfowl
microsoft/aspire,14919,2026-03-04T09:02:34Z,davidfowl
microsoft/aspire,14924,2026-03-04T01:32:01Z,davidfowl
microsoft/aspire,14931,2026-03-04T18:24:12Z,DamianEdwards
microsoft/aspire,14944,2026-03-06T04:12:25Z,JamesNK
microsoft/aspire,14951,2026-03-05T22:31:51Z,sebastienros
microsoft/aspire,14967,2026-03-05T09:30:08Z,mitchdenny
microsoft/aspire,14969,2026-03-06T04:06:06Z,davidfowl
microsoft/aspire,14974,2026-03-09T01:36:33Z,JamesNK
microsoft/aspire,14979,2026-03-06T23:30:18Z,karolz-ms
microsoft/aspire,14985,2026-03-11T04:10:06Z,mitchdenny
microsoft/aspire,14990,2026-03-12T03:12:01Z,JamesNK
microsoft/aspire,14992,2026-03-06T04:07:12Z,davidfowl
microsoft/aspire,15017,2026-03-06T18:58:20Z,davidfowl
microsoft/aspire,15018,2026-03-11T02:07:44Z,mitchdenny
microsoft/aspire,15022,2026-03-06T23:20:08Z,davidfowl
microsoft/aspire,15028,2026-03-12T20:54:56Z,eerhardt
microsoft/aspire,15044,2026-03-09T22:12:53Z,sebastienros
microsoft/aspire,15053,2026-04-07T16:17:45Z,karolz-ms
microsoft/aspire,15055,2026-03-17T18:41:51Z,akoeplinger
microsoft/aspire,15058,2026-03-23T13:13:01Z,adamzip
microsoft/aspire,15059,2026-03-13T14:05:58Z,sebastienros
microsoft/aspire,15083,2026-03-11T23:28:22Z,eerhardt
microsoft/aspire,15095,2026-03-10T13:51:32Z,davidfowl
microsoft/aspire,15099,2026-03-12T13:59:48Z,sebastienros
microsoft/aspire,15110,2026-03-12T03:36:59Z,joperezr
microsoft/aspire,15112,2026-03-13T22:48:33Z,joperezr
microsoft/aspire,15117,2026-03-11T00:27:24Z,davidfowl
microsoft/aspire,15118,2026-03-11T02:16:29Z,mitchdenny
microsoft/aspire,15123,2026-03-13T22:50:53Z,joperezr
microsoft/aspire,15133,2026-03-12T03:54:33Z,JamesNK
microsoft/aspire,15141,2026-03-11T23:52:49Z,davidfowl
microsoft/aspire,15145,2026-03-12T06:13:03Z,JamesNK
microsoft/aspire,15149,2026-03-12T04:39:16Z,davidfowl
microsoft/aspire,15151,2026-03-12T01:16:52Z,danegsta
microsoft/aspire,15153,2026-03-12T16:03:33Z,adamint
microsoft/aspire,15168,2026-03-12T14:46:06Z,davidfowl
microsoft/aspire,15176,2026-03-12T20:11:02Z,joperezr
microsoft/aspire,15183,2026-03-12T18:54:39Z,eerhardt
microsoft/aspire,15191,2026-03-17T16:52:24Z,joperezr
microsoft/aspire,15204,2026-03-18T02:02:59Z,JamesNK
microsoft/aspire,15208,2026-03-13T13:58:26Z,eerhardt
microsoft/aspire,15209,2026-03-13T15:59:08Z,sebastienros
microsoft/aspire,15211,2026-03-13T19:18:15Z,radical
microsoft/aspire,15212,2026-03-13T19:48:22Z,joperezr
microsoft/aspire,15215,2026-03-13T21:45:03Z,sebastienros
microsoft/aspire,15225,2026-03-14T05:12:24Z,davidfowl
microsoft/aspire,15237,2026-03-18T21:35:27Z,joperezr
microsoft/aspire,15238,2026-03-15T20:44:22Z,davidfowl
microsoft/aspire,15242,2026-03-14T05:52:53Z,davidfowl
microsoft/aspire,15246,2026-03-14T11:30:43Z,mitchdenny
microsoft/aspire,15251,2026-03-15T20:15:49Z,davidfowl
microsoft/aspire,15256,2026-03-15T02:03:47Z,davidfowl
microsoft/aspire,15261,2026-03-15T21:11:03Z,sebastienros
microsoft/aspire,15267,2026-03-18T20:05:01Z,eerhardt
microsoft/aspire,15277,2026-03-18T21:37:00Z,joperezr
microsoft/aspire,15278,2026-03-17T00:11:47Z,JamesNK
microsoft/aspire,15280,2026-03-17T00:37:35Z,JamesNK
microsoft/aspire,15289,2026-03-16T23:40:55Z,joperezr
microsoft/aspire,15291,2026-03-19T23:20:19Z,joperezr
microsoft/aspire,15294,2026-03-17T15:42:43Z,sebastienros
microsoft/aspire,15298,2026-03-17T05:08:07Z,JamesNK
microsoft/aspire,15305,2026-03-17T14:25:09Z,JamesNK
microsoft/aspire,15307,2026-03-17T06:12:02Z,mitchdenny
microsoft/aspire,15308,2026-03-17T14:59:26Z,davidfowl
microsoft/aspire,15310,2026-03-17T17:38:58Z,radical
microsoft/aspire,15323,2026-03-17T18:07:28Z,radical
microsoft/aspire,15330,2026-03-27T20:28:24Z,joperezr
microsoft/aspire,15333,2026-03-18T14:43:35Z,sebastienros
microsoft/aspire,15337,2026-03-17T23:41:22Z,JamesNK
microsoft/aspire,15342,2026-03-18T03:07:55Z,mitchdenny
microsoft/aspire,15344,2026-03-19T01:36:36Z,joperezr
microsoft/aspire,15346,2026-03-18T04:47:20Z,mitchdenny
microsoft/aspire,15347,2026-03-18T22:16:28Z,joperezr
microsoft/aspire,15352,2026-03-18T22:11:03Z,joperezr
microsoft/aspire,15354,2026-03-19T14:51:29Z,eerhardt
microsoft/aspire,15355,2026-03-18T19:32:45Z,eerhardt
microsoft/aspire,15359,2026-03-18T22:36:59Z,joperezr
microsoft/aspire,15370,2026-03-18T23:33:30Z,JamesNK
microsoft/aspire,15371,2026-03-19T01:34:26Z,joperezr
microsoft/aspire,15377,2026-03-19T19:46:15Z,eerhardt
microsoft/aspire,15381,2026-03-19T18:40:49Z,joperezr
microsoft/aspire,15387,2026-03-19T19:28:36Z,joperezr
microsoft/aspire,15391,2026-03-19T17:25:39Z,adamint
microsoft/aspire,15393,2026-03-19T16:45:02Z,joperezr
microsoft/aspire,15394,2026-03-19T16:48:26Z,joperezr
microsoft/aspire,15395,2026-03-19T16:51:54Z,joperezr
microsoft/aspire,15397,2026-03-19T22:19:55Z,DamianEdwards
microsoft/aspire,15401,2026-03-19T19:40:50Z,sebastienros
microsoft/aspire,15405,2026-03-19T23:17:16Z,radical
microsoft/aspire,15411,2026-03-19T23:08:14Z,joperezr
microsoft/aspire,15416,2026-03-22T04:22:30Z,joperezr
microsoft/aspire,15417,2026-03-20T02:54:51Z,joperezr
microsoft/aspire,15423,2026-03-20T06:15:24Z,JamesNK
microsoft/aspire,15442,2026-03-24T19:42:58Z,radical
microsoft/aspire,15446,2026-03-21T18:27:44Z,joperezr
microsoft/aspire,15451,2026-03-22T17:37:48Z,joperezr
microsoft/aspire,15452,2026-03-20T23:19:37Z,aspire-repo-bot[bot]
microsoft/aspire,15456,2026-03-21T18:22:39Z,joperezr
microsoft/aspire,15464,2026-03-21T18:03:01Z,joperezr
microsoft/aspire,15465,2026-03-21T18:29:51Z,joperezr
microsoft/aspire,15466,2026-03-21T18:14:39Z,joperezr
microsoft/aspire,15468,2026-03-25T16:01:05Z,eerhardt
microsoft/aspire,15473,2026-03-22T23:18:55Z,adamint
microsoft/aspire,15477,2026-04-11T06:34:09Z,davidfowl
microsoft/aspire,15480,2026-03-22T17:55:27Z,joperezr
microsoft/aspire,15495,2026-03-23T17:07:00Z,joperezr
microsoft/aspire,15502,2026-03-23T21:05:56Z,joperezr
microsoft/aspire,15503,2026-03-26T21:07:37Z,afscrome
microsoft/aspire,15504,2026-03-23T23:58:52Z,mitchdenny
microsoft/aspire,15514,2026-03-25T06:23:06Z,JamesNK
microsoft/aspire,15517,2026-03-24T01:33:34Z,mitchdenny
microsoft/aspire,15521,2026-03-25T01:02:20Z,mitchdenny
microsoft/aspire,15526,2026-03-27T17:22:35Z,joperezr
microsoft/aspire,15527,2026-03-24T21:03:06Z,adamint
microsoft/aspire,15528,2026-03-24T16:50:31Z,sebastienros
microsoft/aspire,15529,2026-03-25T14:31:15Z,eerhardt
microsoft/aspire,15530,2026-03-24T22:54:07Z,JamesNK
microsoft/aspire,15532,2026-03-25T00:56:59Z,JamesNK
microsoft/aspire,15542,2026-03-25T05:11:08Z,davidfowl
microsoft/aspire,15552,2026-03-24T22:07:57Z,aspire-repo-bot[bot]
microsoft/aspire,15553,2026-03-24T22:35:15Z,joperezr
microsoft/aspire,15557,2026-03-25T22:28:25Z,eerhardt
microsoft/aspire,15558,2026-03-25T00:59:57Z,JamesNK
microsoft/aspire,15559,2026-03-25T23:06:58Z,joperezr
microsoft/aspire,15560,2026-03-25T02:06:21Z,JamesNK
microsoft/aspire,15561,2026-03-25T17:21:12Z,joperezr
microsoft/aspire,15563,2026-03-25T06:43:50Z,davidfowl
microsoft/aspire,15564,2026-03-25T05:32:35Z,JamesNK
microsoft/aspire,15574,2026-03-25T23:27:18Z,eerhardt
microsoft/aspire,15591,2026-03-26T01:26:45Z,JamesNK
microsoft/aspire,15595,2026-03-26T04:34:50Z,davidfowl
microsoft/aspire,15599,2026-03-29T14:30:34Z,JamesNK
microsoft/aspire,15607,2026-03-28T15:14:04Z,MermaidIsla
microsoft/aspire,15616,2026-03-26T19:41:02Z,aspire-repo-bot[bot]
microsoft/aspire,15622,2026-03-26T21:04:29Z,afscrome
microsoft/aspire,15631,2026-03-27T06:36:48Z,davidfowl
microsoft/aspire,15633,2026-03-27T04:01:28Z,davidfowl
microsoft/aspire,15634,2026-03-27T01:25:11Z,JamesNK
microsoft/aspire,15663,2026-03-29T14:05:03Z,JamesNK
microsoft/aspire,15671,2026-04-13T21:15:40Z,eerhardt
microsoft/aspire,15678,2026-03-30T01:07:08Z,JamesNK
microsoft/aspire,15688,2026-03-29T02:55:47Z,davidfowl
microsoft/aspire,15691,2026-03-29T20:45:21Z,davidfowl
microsoft/aspire,15709,2026-03-30T17:13:49Z,davidfowl
microsoft/aspire,15711,2026-04-09T06:11:20Z,mitchdenny
microsoft/aspire,15718,2026-03-30T23:58:51Z,aspire-repo-bot[bot]
microsoft/aspire,15719,2026-03-30T23:39:09Z,davidfowl
microsoft/aspire,15722,2026-04-01T19:40:45Z,joperezr
microsoft/aspire,15723,2026-04-11T02:21:57Z,davidfowl
microsoft/aspire,15727,2026-04-02T06:43:52Z,aspire-repo-bot[bot]
microsoft/aspire,15728,2026-03-31T06:41:56Z,davidfowl
microsoft/aspire,15731,2026-04-01T05:41:31Z,JamesNK
microsoft/aspire,15763,2026-04-01T19:46:07Z,joperezr
microsoft/aspire,15769,2026-04-01T22:17:07Z,sebastienros
microsoft/aspire,15799,2026-04-23T02:57:09Z,mitchdenny
microsoft/aspire,15814,2026-04-14T04:39:31Z,aspire-repo-bot[bot]
microsoft/aspire,15821,2026-04-08T01:57:11Z,aspire-repo-bot[bot]
microsoft/aspire,15829,2026-04-03T01:41:08Z,aspire-repo-bot[bot]
microsoft/aspire,15834,2026-04-06T17:03:37Z,karolz-ms
microsoft/aspire,15860,2026-04-15T03:40:11Z,aspire-repo-bot[bot]
microsoft/aspire,15881,2026-04-04T01:22:12Z,radical
microsoft/aspire,15885,2026-04-07T01:13:04Z,radical
microsoft/aspire,15892,2026-04-08T18:44:59Z,radical
microsoft/aspire,15906,2026-04-06T23:36:16Z,joperezr
microsoft/aspire,15916,2026-04-07T16:14:23Z,joperezr
microsoft/aspire,15918,2026-04-07T03:08:26Z,JamesNK
microsoft/aspire,15939,2026-04-08T16:51:57Z,aspire-repo-bot[bot]
microsoft/aspire,15942,2026-04-07T21:24:45Z,joperezr
microsoft/aspire,15948,2026-04-07T23:45:25Z,aspire-repo-bot[bot]
microsoft/aspire,15952,2026-04-08T01:40:02Z,radical
microsoft/aspire,15959,2026-04-09T05:39:05Z,JamesNK
microsoft/aspire,15987,2026-04-11T02:44:40Z,github-advanced-security[bot]
microsoft/aspire,15990,2026-04-09T02:22:03Z,JamesNK
microsoft/aspire,15995,2026-04-15T19:36:21Z,aspire-repo-bot[bot]
microsoft/aspire,15996,2026-04-09T06:00:39Z,JamesNK
microsoft/aspire,16006,2026-04-10T17:24:18Z,davidfowl
microsoft/aspire,16024,2026-04-10T04:36:54Z,JamesNK
microsoft/aspire,16027,2026-04-10T07:03:25Z,radical
microsoft/aspire,16033,2026-04-10T13:18:02Z,eerhardt
microsoft/aspire,16036,2026-04-14T13:47:17Z,JamesNK
microsoft/aspire,16038,2026-04-10T15:51:43Z,davidfowl
microsoft/aspire,16042,2026-04-10T16:44:16Z,microsoft-github-policy-service[bot]
microsoft/aspire,16044,2026-04-14T08:48:05Z,roji
microsoft/aspire,16046,2026-04-13T05:16:34Z,microsoft-github-policy-service[bot]
microsoft/aspire,16047,2026-04-10T22:12:41Z,afscrome
microsoft/aspire,16049,2026-04-10T23:34:03Z,davidfowl
microsoft/aspire,16052,2026-04-24T23:23:27Z,aspire-repo-bot[bot]
microsoft/aspire,16053,2026-04-15T18:18:07Z,joperezr
microsoft/aspire,16056,2026-04-15T21:28:32Z,aspire-repo-bot[bot]
microsoft/aspire,16064,2026-04-11T08:31:05Z,mayflower-ai
microsoft/aspire,16070,2026-04-20T03:22:32Z,davidfowl
microsoft/aspire,16072,2026-04-12T06:44:17Z,mitchdenny
microsoft/aspire,16075,2026-04-23T02:55:07Z,mitchdenny
microsoft/aspire,16084,2026-04-12T07:33:51Z,davidfowl
microsoft/aspire,16085,2026-04-12T07:30:50Z,davidfowl
microsoft/aspire,16087,2026-04-13T23:38:25Z,aspire-repo-bot[bot]
microsoft/aspire,16088,2026-04-15T15:32:10Z,eerhardt
microsoft/aspire,16093,2026-04-15T02:55:47Z,aspire-repo-bot[bot]
microsoft/aspire,16117,2026-04-21T02:24:10Z,JamesNK
microsoft/aspire,16125,2026-04-14T01:21:04Z,eerhardt
microsoft/aspire,16131,2026-04-14T01:29:59Z,eerhardt
microsoft/aspire,16135,2026-04-14T20:46:41Z,radical
microsoft/vcpkg,1948,2026-04-15T08:19:16Z,lotigara
microsoft/vcpkg,19740,2025-08-06T09:45:23Z,dg0yt
microsoft/vcpkg,21521,2025-04-15T15:51:50Z,xarthurx
microsoft/vcpkg,22216,2026-01-12T09:23:20Z,aboelens
microsoft/vcpkg,24327,2025-08-01T15:24:46Z,JAicewizard
microsoft/vcpkg,27568,2026-02-12T20:23:14Z,vicroms
microsoft/vcpkg,27814,2025-08-23T00:45:17Z,edgchen1
microsoft/vcpkg,27950,2025-03-10T19:16:44Z,BillyONeal
microsoft/vcpkg,28037,2025-08-07T21:29:57Z,BillyONeal
microsoft/vcpkg,28374,2025-04-09T21:08:42Z,BillyONeal
microsoft/vcpkg,28459,2025-05-19T04:39:42Z,tomghuang
microsoft/vcpkg,29474,2026-02-26T22:52:16Z,vicroms
microsoft/vcpkg,29503,2025-08-07T21:30:41Z,BillyONeal
microsoft/vcpkg,29650,2026-02-12T20:25:28Z,vicroms
microsoft/vcpkg,29938,2026-02-12T20:26:17Z,vicroms
microsoft/vcpkg,30251,2025-07-13T19:00:15Z,talregev
microsoft/vcpkg,30396,2025-08-12T18:49:09Z,BillyONeal
microsoft/vcpkg,30660,2026-02-12T20:26:03Z,vicroms
microsoft/vcpkg,31051,2025-08-07T21:56:38Z,BillyONeal
microsoft/vcpkg,31103,2025-04-09T21:09:59Z,BillyONeal
microsoft/vcpkg,31161,2025-08-07T21:57:39Z,BillyONeal
microsoft/vcpkg,31203,2025-08-07T21:58:40Z,BillyONeal
microsoft/vcpkg,31547,2025-05-22T16:53:14Z,BillyONeal
microsoft/vcpkg,31548,2025-04-25T07:37:15Z,LilyWangLL
microsoft/vcpkg,31584,2025-05-24T21:45:45Z,ceztko
microsoft/vcpkg,31621,2025-08-08T01:12:45Z,BillyONeal
microsoft/vcpkg,31704,2026-02-26T22:51:03Z,vicroms
microsoft/vcpkg,31732,2025-11-12T16:26:00Z,mlt
microsoft/vcpkg,31748,2025-04-10T23:54:54Z,gerard-ryan-immersaview
microsoft/vcpkg,31802,2025-08-08T20:09:18Z,dg0yt
microsoft/vcpkg,31840,2025-08-08T01:16:03Z,BillyONeal
microsoft/vcpkg,31950,2026-02-26T22:50:29Z,microsoft-github-policy-service[bot]
microsoft/vcpkg,32340,2025-08-08T01:20:55Z,BillyONeal
microsoft/vcpkg,32793,2025-08-08T01:28:46Z,BillyONeal
microsoft/vcpkg,32805,2026-02-26T22:47:56Z,vicroms
microsoft/vcpkg,33084,2025-04-08T14:57:45Z,jasmt-us
microsoft/vcpkg,33648,2025-08-07T07:50:18Z,Krzmbrzl
microsoft/vcpkg,33937,2025-08-08T01:32:50Z,BillyONeal
microsoft/vcpkg,33987,2025-04-10T22:40:42Z,BillyONeal
microsoft/vcpkg,34009,2025-10-20T16:21:18Z,BillyONeal
microsoft/vcpkg,34088,2026-01-07T11:20:16Z,SunBlack
microsoft/vcpkg,34091,2026-01-22T10:02:47Z,SunBlack
microsoft/vcpkg,34542,2025-04-10T17:01:48Z,BillyONeal
microsoft/vcpkg,34549,2025-08-08T01:29:58Z,BillyONeal
microsoft/vcpkg,34575,2025-07-19T12:54:45Z,nagayev
microsoft/vcpkg,35024,2025-08-08T01:38:28Z,BillyONeal
microsoft/vcpkg,35143,2025-08-07T22:01:30Z,BillyONeal
microsoft/vcpkg,35205,2025-10-20T14:05:09Z,BillyONeal
microsoft/vcpkg,35753,2026-04-12T12:46:08Z,Neustradamus
microsoft/vcpkg,35880,2025-10-20T14:12:49Z,BillyONeal
microsoft/vcpkg,36081,2026-02-26T22:43:42Z,vicroms
microsoft/vcpkg,36181,2025-10-20T14:15:22Z,BillyONeal
microsoft/vcpkg,36270,2026-02-26T22:43:18Z,vicroms
microsoft/vcpkg,36369,2025-07-21T12:05:39Z,gracicot
microsoft/vcpkg,36712,2025-10-23T18:09:12Z,BillyONeal
microsoft/vcpkg,36850,2025-05-29T06:48:35Z,JoergAtGithub
microsoft/vcpkg,37146,2025-08-08T20:45:56Z,BillyONeal
microsoft/vcpkg,37230,2025-10-20T14:20:53Z,BillyONeal
microsoft/vcpkg,37260,2025-03-10T02:27:20Z,jimwang118
microsoft/vcpkg,37392,2025-04-14T09:12:55Z,WangWeiLin-MV
microsoft/vcpkg,37409,2025-10-04T06:00:27Z,dg0yt
microsoft/vcpkg,37471,2025-08-08T01:55:16Z,BillyONeal
microsoft/vcpkg,37667,2025-10-20T14:23:15Z,BillyONeal
microsoft/vcpkg,37730,2025-10-23T18:16:43Z,BillyONeal
microsoft/vcpkg,38034,2025-10-20T14:19:46Z,BillyONeal
microsoft/vcpkg,38128,2025-10-20T14:38:39Z,BillyONeal
microsoft/vcpkg,38188,2025-10-20T17:35:32Z,BillyONeal
microsoft/vcpkg,38275,2025-10-14T16:59:53Z,YuHuanTin
microsoft/vcpkg,38377,2025-10-20T14:46:24Z,BillyONeal
microsoft/vcpkg,38491,2025-10-20T17:39:36Z,BillyONeal
microsoft/vcpkg,38495,2025-10-20T14:47:05Z,BillyONeal
microsoft/vcpkg,38515,2025-08-08T02:35:30Z,BillyONeal
microsoft/vcpkg,38535,2025-10-20T17:52:11Z,BillyONeal
microsoft/vcpkg,38578,2025-10-20T17:31:36Z,BillyONeal
microsoft/vcpkg,38579,2025-10-20T17:37:19Z,BillyONeal
microsoft/vcpkg,38580,2025-10-20T17:31:05Z,BillyONeal
microsoft/vcpkg,38583,2025-10-20T17:42:08Z,BillyONeal
microsoft/vcpkg,38707,2025-10-09T05:47:37Z,xiaozhuai
microsoft/vcpkg,38954,2026-04-12T12:45:08Z,Neustradamus
microsoft/vcpkg,39234,2025-03-17T05:04:24Z,ankurvdev
microsoft/vcpkg,39389,2025-04-25T08:11:59Z,Cheney-W
microsoft/vcpkg,39399,2025-10-20T17:21:01Z,BillyONeal
microsoft/vcpkg,39410,2025-10-20T17:36:46Z,BillyONeal
microsoft/vcpkg,39505,2025-09-26T21:30:27Z,hartwork
microsoft/vcpkg,39537,2025-10-20T17:25:53Z,BillyONeal
microsoft/vcpkg,39629,2025-10-20T17:23:54Z,BillyONeal
microsoft/vcpkg,39702,2025-10-20T15:29:47Z,BillyONeal
microsoft/vcpkg,39815,2026-02-26T22:00:32Z,vicroms
microsoft/vcpkg,40038,2025-04-03T20:17:39Z,davidebeatrici
microsoft/vcpkg,40219,2025-08-08T20:45:43Z,BillyONeal
microsoft/vcpkg,40593,2025-10-20T16:27:27Z,BillyONeal
microsoft/vcpkg,40606,2026-02-26T21:59:35Z,vicroms
microsoft/vcpkg,40620,2025-10-20T15:54:57Z,BillyONeal
microsoft/vcpkg,40693,2025-09-21T07:13:14Z,dg0yt
microsoft/vcpkg,40711,2025-10-20T15:30:26Z,BillyONeal
microsoft/vcpkg,40743,2025-04-09T21:04:23Z,BillyONeal
microsoft/vcpkg,40779,2025-03-06T02:14:23Z,jimwang118
microsoft/vcpkg,40784,2025-05-12T00:12:55Z,sketch34
microsoft/vcpkg,40880,2025-10-20T15:13:17Z,BillyONeal
microsoft/vcpkg,40896,2025-04-09T20:58:13Z,BillyONeal
microsoft/vcpkg,40933,2025-10-20T17:53:08Z,BillyONeal
microsoft/vcpkg,40936,2025-04-09T20:57:24Z,BillyONeal
microsoft/vcpkg,40950,2025-04-09T20:27:04Z,BillyONeal
microsoft/vcpkg,40996,2025-04-05T19:42:24Z,dg0yt
microsoft/vcpkg,41073,2025-04-09T19:54:01Z,BillyONeal
microsoft/vcpkg,41145,2025-04-09T20:20:34Z,BillyONeal
microsoft/vcpkg,41153,2025-04-09T20:17:54Z,BillyONeal
microsoft/vcpkg,41216,2025-04-09T20:21:26Z,BillyONeal
microsoft/vcpkg,41239,2025-04-09T19:07:54Z,BillyONeal
microsoft/vcpkg,41274,2026-02-26T21:58:12Z,vicroms
microsoft/vcpkg,41278,2026-02-11T23:17:10Z,vicroms
microsoft/vcpkg,41293,2025-06-12T19:55:20Z,BillyONeal
microsoft/vcpkg,41299,2025-04-09T19:03:21Z,BillyONeal
microsoft/vcpkg,41397,2025-04-10T16:44:55Z,BillyONeal
microsoft/vcpkg,41445,2025-06-20T19:21:44Z,BillyONeal
microsoft/vcpkg,41473,2025-04-09T20:38:52Z,BillyONeal
microsoft/vcpkg,41563,2025-10-20T17:59:41Z,BillyONeal
microsoft/vcpkg,41571,2025-04-02T01:00:05Z,BillyONeal
microsoft/vcpkg,41605,2025-04-14T09:01:51Z,LilyWangLL
microsoft/vcpkg,41676,2025-10-20T18:04:36Z,BillyONeal
microsoft/vcpkg,41844,2025-03-10T11:50:16Z,patrikhuber
microsoft/vcpkg,41862,2026-02-11T23:16:03Z,vicroms
microsoft/vcpkg,41916,2025-03-10T12:01:31Z,patrikhuber
microsoft/vcpkg,41970,2026-02-11T23:15:08Z,vicroms
microsoft/vcpkg,42080,2025-03-13T00:35:40Z,BillyONeal
microsoft/vcpkg,42173,2025-04-09T18:54:21Z,BillyONeal
microsoft/vcpkg,42185,2026-02-11T23:14:41Z,vicroms
microsoft/vcpkg,42186,2026-02-11T23:14:19Z,vicroms
microsoft/vcpkg,42222,2025-09-13T05:14:26Z,dg0yt
microsoft/vcpkg,42345,2026-02-11T23:13:45Z,vicroms
microsoft/vcpkg,42349,2025-04-09T18:56:02Z,BillyONeal
microsoft/vcpkg,42351,2025-03-07T06:42:56Z,WangWeiLin-MV
microsoft/vcpkg,42398,2025-03-24T12:22:50Z,JAicewizard
microsoft/vcpkg,42422,2025-04-09T18:58:21Z,BillyONeal
microsoft/vcpkg,42437,2025-04-09T18:38:19Z,BillyONeal
microsoft/vcpkg,42616,2025-03-20T19:24:55Z,hyoklee
microsoft/vcpkg,42674,2025-04-09T18:36:26Z,BillyONeal
microsoft/vcpkg,42678,2025-02-27T23:40:35Z,JavierMatosD
microsoft/vcpkg,42708,2026-01-30T17:14:11Z,ajtribick
microsoft/vcpkg,42800,2025-09-19T18:34:56Z,JoergAtGithub
microsoft/vcpkg,42820,2025-10-20T18:46:27Z,BillyONeal
microsoft/vcpkg,42917,2025-04-09T18:31:23Z,BillyONeal
microsoft/vcpkg,42922,2025-06-24T23:51:39Z,BillyONeal
microsoft/vcpkg,42936,2025-03-01T16:55:56Z,maharmstone
microsoft/vcpkg,42983,2025-10-20T18:45:41Z,BillyONeal
microsoft/vcpkg,43056,2025-04-09T18:29:54Z,BillyONeal
microsoft/vcpkg,43117,2025-10-20T18:38:10Z,BillyONeal
microsoft/vcpkg,43150,2025-04-15T04:57:56Z,dg0yt
microsoft/vcpkg,43261,2025-03-30T13:56:38Z,dg0yt
microsoft/vcpkg,43295,2025-06-07T14:03:27Z,frenchcore23
microsoft/vcpkg,43309,2025-12-20T02:58:38Z,AenBleidd
microsoft/vcpkg,43337,2025-04-05T07:42:54Z,vicroms
microsoft/vcpkg,43405,2025-07-29T02:29:45Z,Hlongyu
microsoft/vcpkg,43410,2025-05-15T02:28:52Z,LilyWangLL
microsoft/vcpkg,43426,2025-01-24T02:40:35Z,MonicaLiu0311
microsoft/vcpkg,43506,2025-10-20T18:36:27Z,BillyONeal
microsoft/vcpkg,43512,2025-03-27T19:42:16Z,vicroms
microsoft/vcpkg,43517,2026-02-27T01:16:11Z,vicroms
microsoft/vcpkg,43566,2025-04-25T01:32:16Z,BillyONeal
microsoft/vcpkg,43622,2025-03-01T19:15:06Z,theoractice
microsoft/vcpkg,43625,2025-03-17T01:21:45Z,Mengna-Li
microsoft/vcpkg,43644,2025-04-10T06:42:59Z,srbaeza-ai
microsoft/vcpkg,43673,2025-04-07T18:58:34Z,BillyONeal
microsoft/vcpkg,43695,2026-02-16T09:48:36Z,tsondergaard
microsoft/vcpkg,43703,2025-04-02T21:53:50Z,dg0yt
microsoft/vcpkg,43721,2025-02-26T09:53:01Z,LilyWangLL
microsoft/vcpkg,43722,2025-04-30T06:23:16Z,LilyWangLL
microsoft/vcpkg,43774,2025-02-26T02:33:09Z,jimwang118
microsoft/vcpkg,43805,2025-02-26T01:51:41Z,FrankXie05
microsoft/vcpkg,43808,2025-03-12T19:05:23Z,JavierMatosD
microsoft/vcpkg,43838,2025-04-07T10:18:38Z,ojura
microsoft/vcpkg,43852,2026-02-11T23:09:19Z,vicroms
microsoft/vcpkg,43859,2025-02-28T06:20:45Z,Mengna-Li
microsoft/vcpkg,43863,2026-04-05T09:45:13Z,brunvonlope
microsoft/vcpkg,43868,2025-05-07T20:41:00Z,vicroms
microsoft/vcpkg,43884,2025-02-26T02:25:00Z,JonLiu1993
microsoft/vcpkg,43901,2025-03-01T09:09:15Z,ajtribick
microsoft/vcpkg,43912,2025-04-06T11:03:29Z,ahojnnes
microsoft/vcpkg,43925,2025-02-26T10:43:24Z,Cheney-W
microsoft/vcpkg,43947,2025-04-09T21:27:01Z,BillyONeal
microsoft/vcpkg,43983,2025-02-26T02:05:39Z,jimwang118
microsoft/vcpkg,43989,2025-02-25T20:48:31Z,SylvainCorlay
microsoft/vcpkg,44005,2025-02-26T08:55:25Z,LilyWangLL
microsoft/vcpkg,44009,2025-02-27T06:09:56Z,jimwang118
microsoft/vcpkg,44011,2025-02-26T07:07:29Z,dg0yt
microsoft/vcpkg,44012,2025-02-26T18:10:08Z,dg0yt
microsoft/vcpkg,44015,2025-02-28T06:35:22Z,JonLiu1993
microsoft/vcpkg,44019,2025-02-26T08:54:25Z,LilyWangLL
microsoft/vcpkg,44023,2025-02-27T10:12:26Z,Cheney-W
microsoft/vcpkg,44034,2025-02-27T09:14:39Z,MonicaLiu0311
microsoft/vcpkg,44035,2025-02-28T06:05:35Z,Mengna-Li
microsoft/vcpkg,44036,2025-02-27T07:39:26Z,LilyWangLL
microsoft/vcpkg,44037,2025-02-27T06:48:57Z,Cheney-W
microsoft/vcpkg,44038,2025-02-27T02:26:57Z,jimwang118
microsoft/vcpkg,44039,2025-04-04T18:29:27Z,dg0yt
microsoft/vcpkg,44041,2025-02-27T05:05:57Z,dg0yt
microsoft/vcpkg,44045,2025-02-27T10:18:28Z,MonicaLiu0311
microsoft/vcpkg,44046,2025-02-27T04:47:42Z,dg0yt
microsoft/vcpkg,44050,2025-03-04T08:51:08Z,LilyWangLL
microsoft/vcpkg,44056,2025-02-27T14:48:28Z,DevFdv
microsoft/vcpkg,44061,2025-02-28T01:57:18Z,jimwang118
microsoft/vcpkg,44068,2025-03-03T09:23:00Z,dg0yt
microsoft/vcpkg,44083,2025-03-03T07:17:40Z,LilyWangLL
microsoft/vcpkg,44086,2025-02-28T19:47:07Z,dg0yt
microsoft/vcpkg,44087,2025-03-03T06:25:50Z,WangWeiLin-MV
microsoft/vcpkg,44093,2025-03-03T07:00:22Z,LilyWangLL
microsoft/vcpkg,44096,2025-03-03T06:30:58Z,Cheney-W
microsoft/vcpkg,44100,2025-03-03T07:41:40Z,JonLiu1993
microsoft/vcpkg,44107,2025-03-04T07:18:39Z,JonLiu1993
microsoft/vcpkg,44111,2025-03-03T07:18:28Z,MonicaLiu0311
microsoft/vcpkg,44115,2025-03-06T10:16:23Z,LilyWangLL
microsoft/vcpkg,44116,2025-03-12T19:36:01Z,JavierMatosD
microsoft/vcpkg,44119,2025-03-03T06:19:08Z,JonLiu1993
microsoft/vcpkg,44124,2025-03-03T12:25:01Z,Neumann-A
microsoft/vcpkg,44130,2025-03-05T03:00:31Z,LilyWangLL
microsoft/vcpkg,44137,2025-03-04T07:33:51Z,JonLiu1993
microsoft/vcpkg,44144,2025-03-05T06:34:41Z,BillyONeal
microsoft/vcpkg,44147,2025-03-05T13:05:34Z,Neumann-A
microsoft/vcpkg,44148,2025-03-04T10:58:41Z,Neumann-A
microsoft/vcpkg,44149,2025-03-05T08:32:25Z,jimwang118
microsoft/vcpkg,44153,2025-03-05T07:03:53Z,MonicaLiu0311
microsoft/vcpkg,44158,2025-03-05T07:33:33Z,jimwang118
microsoft/vcpkg,44159,2025-03-05T07:22:28Z,JonLiu1993
microsoft/vcpkg,44161,2025-03-05T07:01:04Z,JonLiu1993
microsoft/vcpkg,44162,2025-03-05T06:47:26Z,MonicaLiu0311
microsoft/vcpkg,44172,2025-03-05T23:27:18Z,BillyONeal
microsoft/vcpkg,44173,2025-03-05T08:00:28Z,jimwang118
microsoft/vcpkg,44178,2025-03-05T07:18:07Z,dg0yt
microsoft/vcpkg,44184,2025-03-06T02:04:37Z,MonicaLiu0311
microsoft/vcpkg,44186,2025-03-06T03:07:20Z,Mengna-Li
microsoft/vcpkg,44193,2025-03-06T05:57:23Z,jimwang118
microsoft/vcpkg,44203,2025-03-09T05:49:20Z,ChrisThrasher
microsoft/vcpkg,44211,2025-03-07T06:50:19Z,LilyWangLL
microsoft/vcpkg,44215,2025-03-07T02:21:27Z,Cheney-W
microsoft/vcpkg,44216,2025-03-10T02:38:17Z,jimwang118
microsoft/vcpkg,44217,2025-03-07T03:16:57Z,WangWeiLin-MV
microsoft/vcpkg,44220,2025-03-07T19:07:55Z,BillyONeal
microsoft/vcpkg,44221,2025-03-07T07:57:17Z,MonicaLiu0311
microsoft/vcpkg,44230,2025-03-07T12:26:39Z,dg0yt
microsoft/vcpkg,44232,2025-03-07T20:26:22Z,JavierMatosD
microsoft/vcpkg,44234,2025-03-19T09:35:58Z,LilyWangLL
microsoft/vcpkg,44236,2025-03-10T08:35:26Z,Cheney-W
microsoft/vcpkg,44241,2025-03-11T08:03:02Z,dg0yt
microsoft/vcpkg,44245,2025-03-08T21:31:05Z,Neumann-A
microsoft/vcpkg,44248,2025-03-10T02:10:07Z,MonicaLiu0311
microsoft/vcpkg,44256,2025-03-10T08:52:31Z,jimwang118
microsoft/vcpkg,44257,2025-03-10T02:10:42Z,WangWeiLin-MV
microsoft/vcpkg,44263,2025-03-10T07:19:04Z,JonLiu1993
microsoft/vcpkg,44268,2025-03-12T03:05:52Z,LilyWangLL
microsoft/vcpkg,44273,2025-03-12T21:24:28Z,BillyONeal
microsoft/vcpkg,44275,2025-04-08T19:58:59Z,BillyONeal
microsoft/vcpkg,44277,2025-03-10T06:09:45Z,JonLiu1993
microsoft/vcpkg,44278,2025-03-14T17:14:52Z,ras0219-msft
microsoft/vcpkg,44280,2025-03-10T20:12:28Z,dg0yt
microsoft/vcpkg,44281,2025-03-10T07:08:21Z,dg0yt
microsoft/vcpkg,44285,2025-03-10T12:55:21Z,dg0yt
microsoft/vcpkg,44287,2025-03-19T06:52:39Z,LilyWangLL
microsoft/vcpkg,44288,2025-03-11T01:42:43Z,Cheney-W
microsoft/vcpkg,44289,2025-05-16T09:09:21Z,Mengna-Li
microsoft/vcpkg,44291,2025-03-11T01:47:41Z,JonLiu1993
microsoft/vcpkg,44296,2025-03-10T19:35:58Z,dg0yt
microsoft/vcpkg,44321,2025-03-12T01:41:59Z,miyanyan
microsoft/vcpkg,44328,2025-03-12T18:57:16Z,JavierMatosD
microsoft/vcpkg,44332,2025-04-09T18:19:34Z,BillyONeal
microsoft/vcpkg,44337,2025-03-13T06:10:35Z,dg0yt
microsoft/vcpkg,44341,2025-03-13T02:03:05Z,JonLiu1993
microsoft/vcpkg,44345,2025-03-13T05:56:31Z,dg0yt
microsoft/vcpkg,44354,2025-03-14T20:52:53Z,ras0219-msft
microsoft/vcpkg,44356,2025-03-13T10:39:14Z,Neumann-A
microsoft/vcpkg,44366,2025-03-14T02:12:02Z,jimwang118
microsoft/vcpkg,44367,2025-03-14T09:24:14Z,JonLiu1993
microsoft/vcpkg,44378,2025-04-03T01:24:00Z,Mengna-Li
microsoft/vcpkg,44394,2025-03-17T09:13:09Z,JonLiu1993
microsoft/vcpkg,44401,2025-03-19T06:05:09Z,LilyWangLL
microsoft/vcpkg,44406,2025-03-17T06:02:14Z,LilyWangLL
microsoft/vcpkg,44409,2025-03-20T06:31:45Z,MonicaLiu0311
microsoft/vcpkg,44410,2025-03-18T05:47:18Z,Mengna-Li
microsoft/vcpkg,44415,2025-03-17T10:06:37Z,Cheney-W
microsoft/vcpkg,44418,2025-03-17T13:25:19Z,JavierMatosD
microsoft/vcpkg,44423,2025-03-17T09:14:46Z,JonLiu1993
microsoft/vcpkg,44424,2025-03-25T20:00:04Z,vszakats
microsoft/vcpkg,44427,2025-03-17T02:09:18Z,jimwang118
microsoft/vcpkg,44432,2025-03-21T06:31:46Z,JonLiu1993
microsoft/vcpkg,44436,2025-03-17T06:05:07Z,LilyWangLL
microsoft/vcpkg,44444,2025-03-18T02:02:02Z,JonLiu1993
microsoft/vcpkg,44447,2025-03-20T06:07:21Z,LilyWangLL
microsoft/vcpkg,44449,2025-03-18T07:52:27Z,dg0yt
microsoft/vcpkg,44461,2025-03-19T06:50:06Z,Mengna-Li
microsoft/vcpkg,44463,2025-03-19T09:25:58Z,Cheney-W
microsoft/vcpkg,44469,2025-05-08T22:11:30Z,nickelpro
microsoft/vcpkg,44470,2025-03-20T01:55:33Z,LilyWangLL
microsoft/vcpkg,44472,2025-03-18T21:57:23Z,dg0yt
microsoft/vcpkg,44474,2025-03-19T02:15:59Z,jimwang118
microsoft/vcpkg,44478,2025-04-07T06:30:02Z,Mengna-Li
microsoft/vcpkg,44479,2025-03-19T07:46:10Z,Mengna-Li
microsoft/vcpkg,44483,2025-03-20T01:29:51Z,LilyWangLL
microsoft/vcpkg,44495,2025-03-22T18:44:25Z,MehdiChinoune
microsoft/vcpkg,44498,2025-04-22T09:25:45Z,LilyWangLL
microsoft/vcpkg,44501,2025-03-21T08:38:22Z,Cheney-W
microsoft/vcpkg,44508,2025-03-21T05:48:55Z,WangWeiLin-MV
microsoft/vcpkg,44509,2025-03-21T05:43:52Z,JonLiu1993
microsoft/vcpkg,44514,2025-03-21T06:20:41Z,LilyWangLL
microsoft/vcpkg,44530,2025-10-20T18:17:50Z,BillyONeal
microsoft/vcpkg,44531,2025-03-24T02:58:29Z,Mengna-Li
microsoft/vcpkg,44534,2025-03-24T02:47:18Z,LilyWangLL
microsoft/vcpkg,44548,2025-03-24T01:28:26Z,jimwang118
microsoft/vcpkg,44550,2025-03-22T16:56:02Z,dg0yt
microsoft/vcpkg,44551,2025-03-24T06:21:52Z,JonLiu1993
microsoft/vcpkg,44554,2025-03-22T17:59:15Z,dg0yt
microsoft/vcpkg,44557,2025-04-16T09:04:36Z,ahnjs1987
microsoft/vcpkg,44562,2025-03-24T09:29:00Z,Cheney-W
microsoft/vcpkg,44563,2025-03-24T02:12:12Z,jimwang118
microsoft/vcpkg,44566,2025-03-24T09:43:16Z,WangWeiLin-MV
microsoft/vcpkg,44571,2025-03-24T20:44:30Z,JoergAtGithub
microsoft/vcpkg,44578,2025-03-24T06:30:38Z,dg0yt
microsoft/vcpkg,44581,2025-03-24T08:50:07Z,jimwang118
microsoft/vcpkg,44582,2025-03-25T02:13:55Z,JonLiu1993
microsoft/vcpkg,44589,2025-03-28T07:51:00Z,Cheney-W
microsoft/vcpkg,44592,2025-04-15T18:26:16Z,JavierMatosD
microsoft/vcpkg,44599,2025-03-26T02:04:04Z,WangWeiLin-MV
microsoft/vcpkg,44602,2025-03-25T15:32:28Z,Neumann-A
microsoft/vcpkg,44603,2025-03-26T06:43:23Z,Cheney-W
microsoft/vcpkg,44608,2025-03-26T01:21:55Z,JonLiu1993
microsoft/vcpkg,44614,2025-05-09T13:49:12Z,SanderVocke
microsoft/vcpkg,44615,2026-02-11T23:02:35Z,vicroms
microsoft/vcpkg,44632,2025-03-28T22:45:10Z,BillyONeal
microsoft/vcpkg,44633,2025-04-01T02:46:31Z,LilyWangLL
microsoft/vcpkg,44636,2025-03-27T17:07:42Z,dg0yt
microsoft/vcpkg,44637,2025-03-27T01:44:51Z,jcelerier
microsoft/vcpkg,44649,2025-04-04T18:14:46Z,vicroms
microsoft/vcpkg,44653,2025-03-28T07:40:38Z,Neumann-A
microsoft/vcpkg,44657,2025-03-27T18:08:49Z,dg0yt
microsoft/vcpkg,44658,2025-04-02T13:49:51Z,Qriist
microsoft/vcpkg,44659,2025-04-02T08:18:59Z,xavier2k6
microsoft/vcpkg,44667,2025-03-31T08:32:05Z,LilyWangLL
microsoft/vcpkg,44669,2025-03-28T18:44:21Z,dg0yt
microsoft/vcpkg,44673,2025-04-07T21:23:53Z,BillyONeal
microsoft/vcpkg,44679,2025-04-07T19:20:18Z,BillyONeal
microsoft/vcpkg,44680,2025-05-20T21:42:12Z,vishal-ahirwar
microsoft/vcpkg,44685,2025-04-02T00:36:27Z,BillyONeal
microsoft/vcpkg,44686,2025-03-31T07:16:36Z,JonLiu1993
microsoft/vcpkg,44688,2025-04-01T01:13:26Z,Cheney-W
microsoft/vcpkg,44692,2025-04-07T21:22:52Z,BillyONeal
microsoft/vcpkg,44694,2025-03-31T06:46:26Z,LilyWangLL
microsoft/vcpkg,44699,2025-03-31T13:14:52Z,MichalPetryka
microsoft/vcpkg,44709,2025-05-18T19:20:06Z,dg0yt
microsoft/vcpkg,44710,2025-03-31T08:59:42Z,LilyWangLL
microsoft/vcpkg,44712,2025-03-31T08:55:34Z,Cheney-W
microsoft/vcpkg,44713,2025-04-02T01:19:35Z,Mengna-Li
microsoft/vcpkg,44715,2025-04-02T19:04:17Z,dg0yt
microsoft/vcpkg,44722,2025-04-01T02:36:51Z,LilyWangLL
microsoft/vcpkg,44732,2025-04-02T02:24:54Z,Cheney-W
microsoft/vcpkg,44733,2025-04-02T00:43:12Z,BillyONeal
microsoft/vcpkg,44734,2025-04-02T00:52:53Z,BillyONeal
microsoft/vcpkg,44741,2025-04-05T19:57:48Z,Ughuuu
microsoft/vcpkg,44747,2025-04-02T16:45:06Z,LegalizeAdulthood
microsoft/vcpkg,44757,2025-04-03T03:03:40Z,Mengna-Li
microsoft/vcpkg,44761,2025-04-04T02:02:42Z,BillyONeal
microsoft/vcpkg,44764,2025-05-20T00:59:11Z,GeorgeS2019
microsoft/vcpkg,44772,2025-04-02T18:08:24Z,LegalizeAdulthood
microsoft/vcpkg,44774,2025-04-07T05:25:33Z,dg0yt
microsoft/vcpkg,44785,2025-04-03T01:36:26Z,LilyWangLL
microsoft/vcpkg,44788,2025-04-08T19:21:14Z,autoantwort
microsoft/vcpkg,44799,2025-04-07T03:00:05Z,LilyWangLL
microsoft/vcpkg,44805,2025-04-07T03:06:01Z,LilyWangLL
microsoft/vcpkg,44807,2025-04-05T09:01:43Z,dg0yt
microsoft/vcpkg,44822,2025-04-04T05:25:43Z,dg0yt
microsoft/vcpkg,44830,2025-04-23T19:36:56Z,dg0yt
microsoft/vcpkg,44833,2025-04-11T16:19:49Z,xavier2k6
microsoft/vcpkg,44842,2025-04-05T06:45:13Z,vicroms
microsoft/vcpkg,44845,2025-04-07T05:52:32Z,Cheney-W
microsoft/vcpkg,44848,2025-04-08T23:36:51Z,Neustradamus
microsoft/vcpkg,44854,2025-04-06T17:45:47Z,dg0yt
microsoft/vcpkg,44857,2025-04-07T19:33:37Z,BillyONeal
microsoft/vcpkg,44859,2025-04-07T19:34:04Z,BillyONeal
microsoft/vcpkg,44860,2025-04-07T02:51:17Z,Mengna-Li
microsoft/vcpkg,44863,2025-04-07T20:53:18Z,BillyONeal
microsoft/vcpkg,44866,2025-04-11T21:29:09Z,BillyONeal
microsoft/vcpkg,44874,2025-04-07T19:39:08Z,BillyONeal
microsoft/vcpkg,44875,2025-04-07T18:55:36Z,BillyONeal
microsoft/vcpkg,44876,2025-04-07T21:20:53Z,BillyONeal
microsoft/vcpkg,44884,2025-04-07T20:22:37Z,BillyONeal
microsoft/vcpkg,44889,2025-04-08T05:58:30Z,BillyONeal
microsoft/vcpkg,44890,2026-02-26T21:48:29Z,vicroms
microsoft/vcpkg,44895,2025-04-10T16:59:03Z,BillyONeal
microsoft/vcpkg,44896,2025-04-08T07:40:34Z,dg0yt
microsoft/vcpkg,44901,2025-04-23T05:24:44Z,dg0yt
microsoft/vcpkg,44907,2025-04-08T23:23:24Z,BillyONeal
microsoft/vcpkg,44918,2025-04-08T18:19:01Z,xavier2k6
microsoft/vcpkg,44921,2025-04-08T22:10:02Z,BillyONeal
microsoft/vcpkg,44923,2025-04-09T18:08:25Z,BillyONeal
microsoft/vcpkg,44924,2025-04-09T02:31:39Z,BillyONeal
microsoft/vcpkg,44926,2025-04-10T08:02:35Z,BillyONeal
microsoft/vcpkg,44927,2025-04-09T08:38:11Z,Cheney-W
microsoft/vcpkg,44930,2025-04-09T18:12:22Z,BillyONeal
microsoft/vcpkg,44931,2025-04-14T22:42:42Z,BillyONeal
microsoft/vcpkg,44932,2025-04-14T18:05:27Z,talregev
microsoft/vcpkg,44939,2025-04-09T16:46:03Z,Osyotr
microsoft/vcpkg,44940,2025-04-09T18:10:14Z,BillyONeal
microsoft/vcpkg,44947,2025-04-10T17:31:31Z,past-due
microsoft/vcpkg,44950,2025-04-12T05:00:25Z,dg0yt
microsoft/vcpkg,44952,2025-04-10T15:47:20Z,Osyotr
microsoft/vcpkg,44953,2025-04-14T08:27:09Z,LilyWangLL
microsoft/vcpkg,44954,2025-04-10T09:45:51Z,Cheney-W
microsoft/vcpkg,44955,2025-04-11T19:56:31Z,BillyONeal
microsoft/vcpkg,44962,2025-04-11T06:14:32Z,LilyWangLL
microsoft/vcpkg,44964,2025-04-17T04:52:58Z,BillyONeal
microsoft/vcpkg,44965,2025-04-14T17:14:06Z,BillyONeal
microsoft/vcpkg,44969,2025-04-13T11:30:26Z,miyanyan
microsoft/vcpkg,44973,2025-04-11T06:12:07Z,LilyWangLL
microsoft/vcpkg,44977,2025-04-11T11:19:21Z,ajtribick
microsoft/vcpkg,44993,2025-04-11T22:01:33Z,BillyONeal
microsoft/vcpkg,44995,2025-04-20T07:17:53Z,dg0yt
microsoft/vcpkg,44996,2025-04-14T20:07:41Z,BillyONeal
microsoft/vcpkg,44998,2025-04-14T02:31:04Z,Cheney-W
microsoft/vcpkg,45000,2025-06-06T16:50:30Z,vicroms
microsoft/vcpkg,45001,2025-04-14T02:20:47Z,LilyWangLL
microsoft/vcpkg,45002,2025-04-14T19:56:06Z,BillyONeal
microsoft/vcpkg,45009,2025-04-15T21:41:51Z,BillyONeal
microsoft/vcpkg,45011,2025-04-14T07:34:23Z,Cheney-W
microsoft/vcpkg,45018,2025-04-14T09:08:54Z,LilyWangLL
microsoft/vcpkg,45022,2025-04-14T20:07:00Z,BillyONeal
microsoft/vcpkg,45026,2025-04-15T19:16:57Z,dg0yt
microsoft/vcpkg,45028,2025-06-19T07:39:31Z,LilyWangLL
microsoft/vcpkg,45031,2025-05-15T07:06:33Z,dg0yt
microsoft/vcpkg,45032,2025-04-17T15:51:16Z,kwsp
microsoft/vcpkg,45035,2025-04-14T22:47:23Z,BillyONeal
microsoft/vcpkg,45037,2025-04-15T02:43:05Z,LilyWangLL
microsoft/vcpkg,45038,2025-04-15T21:40:36Z,BillyONeal
microsoft/vcpkg,45040,2025-04-15T04:30:19Z,dg0yt
microsoft/vcpkg,45043,2025-04-15T08:23:20Z,LilyWangLL
microsoft/vcpkg,45044,2025-04-15T20:46:36Z,BillyONeal
microsoft/vcpkg,45045,2025-04-15T21:11:06Z,BillyONeal
microsoft/vcpkg,45050,2025-04-15T14:18:01Z,Neumann-A
microsoft/vcpkg,45056,2025-04-15T23:19:54Z,BillyONeal
microsoft/vcpkg,45058,2025-04-17T01:58:54Z,BillyONeal
microsoft/vcpkg,45059,2025-04-16T21:24:33Z,BillyONeal
microsoft/vcpkg,45062,2025-04-16T22:16:12Z,BillyONeal
microsoft/vcpkg,45063,2025-04-16T22:18:06Z,BillyONeal
microsoft/vcpkg,45070,2025-04-17T01:59:37Z,BillyONeal
microsoft/vcpkg,45071,2025-04-16T22:09:11Z,BillyONeal
microsoft/vcpkg,45075,2025-04-17T01:00:03Z,BillyONeal
microsoft/vcpkg,45076,2025-04-16T23:37:32Z,BillyONeal
microsoft/vcpkg,45080,2025-04-17T03:00:22Z,Cheney-W
microsoft/vcpkg,45084,2025-04-18T17:34:25Z,BillyONeal
microsoft/vcpkg,45093,2025-04-17T17:58:29Z,mathisloge
microsoft/vcpkg,45095,2025-04-17T19:09:41Z,BillyONeal
microsoft/vcpkg,45096,2025-04-18T05:19:38Z,BillyONeal
microsoft/vcpkg,45099,2025-04-17T20:56:09Z,BillyONeal
microsoft/vcpkg,45103,2025-04-23T08:50:29Z,LilyWangLL
microsoft/vcpkg,45120,2025-04-20T21:51:34Z,autoantwort
microsoft/vcpkg,45125,2025-04-21T22:35:02Z,BillyONeal
microsoft/vcpkg,45129,2025-04-22T22:46:55Z,BillyONeal
microsoft/vcpkg,45135,2025-04-21T20:28:09Z,BillyONeal
microsoft/vcpkg,45140,2025-04-21T10:12:28Z,Cheney-W
microsoft/vcpkg,45141,2025-04-23T06:32:20Z,BillyONeal
microsoft/vcpkg,45142,2025-04-21T12:14:34Z,dg0yt
microsoft/vcpkg,45144,2025-04-21T09:20:38Z,Cheney-W
microsoft/vcpkg,45146,2025-04-23T08:41:55Z,LilyWangLL
microsoft/vcpkg,45152,2025-04-21T19:28:44Z,BillyONeal
microsoft/vcpkg,45153,2025-05-14T22:15:42Z,Osyotr
microsoft/vcpkg,45155,2025-04-21T20:23:38Z,BillyONeal
microsoft/vcpkg,45157,2025-04-22T02:58:32Z,dg0yt
microsoft/vcpkg,45159,2025-04-22T02:47:22Z,LilyWangLL
microsoft/vcpkg,45166,2025-04-22T08:14:33Z,Cheney-W
microsoft/vcpkg,45169,2025-05-22T09:20:20Z,Cheney-W
microsoft/vcpkg,45170,2025-04-22T08:13:35Z,dg0yt
microsoft/vcpkg,45176,2025-04-22T17:54:19Z,dg0yt
microsoft/vcpkg,45180,2025-04-23T08:00:57Z,petersteneteg
microsoft/vcpkg,45182,2025-04-22T23:52:49Z,JoergAtGithub
microsoft/vcpkg,45184,2025-04-23T01:50:17Z,LilyWangLL
microsoft/vcpkg,45187,2025-04-24T12:54:12Z,eXpl0it3r
microsoft/vcpkg,45192,2025-04-23T19:35:21Z,jamarr81
microsoft/vcpkg,45198,2025-04-24T03:57:47Z,dg0yt
microsoft/vcpkg,45199,2025-04-24T07:23:15Z,LilyWangLL
microsoft/vcpkg,45203,2025-04-24T06:40:02Z,dg0yt
microsoft/vcpkg,45210,2025-04-24T21:21:18Z,BillyONeal
microsoft/vcpkg,45211,2025-04-24T20:14:22Z,BillyONeal
microsoft/vcpkg,45213,2025-04-27T05:47:39Z,LilyWangLL
microsoft/vcpkg,45214,2025-04-25T19:20:14Z,BillyONeal
microsoft/vcpkg,45221,2025-04-26T09:22:06Z,SF-Simon
microsoft/vcpkg,45222,2025-04-25T19:13:45Z,BillyONeal
microsoft/vcpkg,45230,2025-04-25T19:57:34Z,BillyONeal
microsoft/vcpkg,45232,2025-04-25T19:14:36Z,BillyONeal
microsoft/vcpkg,45237,2025-04-27T07:10:25Z,LilyWangLL
microsoft/vcpkg,45240,2025-04-27T09:59:33Z,Cheney-W
microsoft/vcpkg,45241,2025-04-28T20:09:03Z,BillyONeal
microsoft/vcpkg,45244,2025-04-28T20:21:21Z,BillyONeal
microsoft/vcpkg,45245,2025-04-28T09:06:24Z,Cheney-W
microsoft/vcpkg,45246,2025-04-27T18:59:23Z,dg0yt
microsoft/vcpkg,45247,2025-04-27T18:52:08Z,dg0yt
microsoft/vcpkg,45258,2025-05-09T15:32:33Z,Bobini1
microsoft/vcpkg,45273,2025-04-29T05:59:22Z,LilyWangLL
microsoft/vcpkg,45276,2025-05-08T06:51:09Z,Cheney-W
microsoft/vcpkg,45284,2025-04-30T02:14:09Z,LilyWangLL
microsoft/vcpkg,45285,2025-04-30T04:10:51Z,dg0yt
microsoft/vcpkg,45287,2025-04-30T03:17:38Z,dg0yt
microsoft/vcpkg,45290,2025-05-07T06:38:25Z,LilyWangLL
microsoft/vcpkg,45295,2025-05-02T18:38:57Z,dg0yt
microsoft/vcpkg,45298,2025-05-01T16:37:55Z,JavierMatosD
microsoft/vcpkg,45304,2025-05-01T16:36:13Z,JavierMatosD
microsoft/vcpkg,45328,2025-05-06T02:33:55Z,LilyWangLL
microsoft/vcpkg,45331,2025-05-28T07:02:10Z,dg0yt
microsoft/vcpkg,45345,2025-05-22T13:51:35Z,fabien-ors
microsoft/vcpkg,45352,2025-05-16T15:01:12Z,JavierMatosD
microsoft/vcpkg,45356,2025-05-06T07:22:36Z,LilyWangLL
microsoft/vcpkg,45364,2025-05-08T18:31:23Z,JavierMatosD
microsoft/vcpkg,45369,2025-05-07T19:00:06Z,JavierMatosD
microsoft/vcpkg,45375,2025-05-05T14:24:02Z,Osyotr
microsoft/vcpkg,45377,2025-05-08T10:00:57Z,Cheney-W
microsoft/vcpkg,45393,2025-05-06T19:20:28Z,Osyotr
microsoft/vcpkg,45395,2025-05-08T02:42:08Z,LilyWangLL
microsoft/vcpkg,45408,2025-05-07T15:31:19Z,Whitingcal
microsoft/vcpkg,45412,2025-05-08T01:29:05Z,Cheney-W
microsoft/vcpkg,45416,2025-05-22T07:03:40Z,Mengna-Li
microsoft/vcpkg,45417,2025-05-08T04:10:51Z,dg0yt
microsoft/vcpkg,45419,2025-06-17T23:11:06Z,BillyONeal
microsoft/vcpkg,45427,2025-05-12T18:31:39Z,BillyONeal
microsoft/vcpkg,45428,2025-06-26T18:37:26Z,BillyONeal
microsoft/vcpkg,45429,2025-05-09T09:39:21Z,LilyWangLL
microsoft/vcpkg,45440,2025-05-12T09:59:08Z,Cheney-W
microsoft/vcpkg,45447,2025-05-12T02:15:08Z,LilyWangLL
microsoft/vcpkg,45448,2025-05-12T09:01:37Z,SunBlack
microsoft/vcpkg,45455,2025-05-12T03:10:41Z,Cheney-W
microsoft/vcpkg,45458,2025-05-12T03:09:53Z,Cheney-W
microsoft/vcpkg,45461,2025-06-13T06:57:02Z,vicroms
microsoft/vcpkg,45462,2025-05-11T19:09:04Z,talregev
microsoft/vcpkg,45464,2025-06-24T21:35:03Z,BillyONeal
microsoft/vcpkg,45468,2025-05-12T07:05:10Z,Cheney-W
microsoft/vcpkg,45478,2025-05-13T06:10:33Z,LilyWangLL
microsoft/vcpkg,45496,2025-05-13T16:26:21Z,dg0yt
microsoft/vcpkg,45497,2025-05-22T17:27:22Z,BillyONeal
microsoft/vcpkg,45505,2025-06-25T18:03:12Z,BillyONeal
microsoft/vcpkg,45514,2025-05-15T07:35:16Z,dg0yt
microsoft/vcpkg,45515,2025-05-14T19:17:20Z,dg0yt
microsoft/vcpkg,45516,2025-05-14T22:23:41Z,Osyotr
microsoft/vcpkg,45522,2025-05-15T07:06:00Z,Cheney-W
microsoft/vcpkg,45524,2025-06-10T00:11:01Z,BillyONeal
microsoft/vcpkg,45532,2025-05-19T20:31:38Z,JavierMatosD
microsoft/vcpkg,45534,2025-06-19T07:36:32Z,LilyWangLL
microsoft/vcpkg,45542,2025-05-16T07:22:29Z,LilyWangLL
microsoft/vcpkg,45547,2025-05-21T05:54:03Z,Mengna-Li
microsoft/vcpkg,45549,2025-06-04T08:26:35Z,olejniczak
microsoft/vcpkg,45568,2025-05-18T12:03:47Z,dg0yt
microsoft/vcpkg,45574,2025-05-21T20:54:36Z,BillyONeal
microsoft/vcpkg,45576,2025-05-20T13:42:21Z,MichalPetryka
microsoft/vcpkg,45579,2025-05-19T18:36:01Z,dg0yt
microsoft/vcpkg,45582,2025-05-20T01:07:29Z,nirvn
microsoft/vcpkg,45585,2025-05-21T20:55:00Z,BillyONeal
microsoft/vcpkg,45587,2025-05-20T02:46:50Z,Cheney-W
microsoft/vcpkg,45600,2025-06-10T03:50:36Z,dg0yt
microsoft/vcpkg,45608,2025-05-22T07:49:55Z,LilyWangLL
microsoft/vcpkg,45611,2025-06-10T00:44:19Z,BillyONeal
microsoft/vcpkg,45612,2025-05-22T07:09:32Z,Cheney-W
microsoft/vcpkg,45625,2025-05-22T06:01:50Z,Cheney-W
microsoft/vcpkg,45628,2025-05-21T20:54:49Z,BillyONeal
microsoft/vcpkg,45629,2025-06-06T16:45:21Z,Olli1080
microsoft/vcpkg,45633,2025-05-22T05:12:26Z,dg0yt
microsoft/vcpkg,45641,2025-05-22T16:38:01Z,dg0yt
microsoft/vcpkg,45642,2025-05-25T16:49:26Z,dg0yt
microsoft/vcpkg,45647,2025-05-23T06:33:56Z,dg0yt
microsoft/vcpkg,45648,2025-05-23T09:42:56Z,Cheney-W
microsoft/vcpkg,45668,2025-05-25T15:55:54Z,autoantwort
microsoft/vcpkg,45671,2025-05-31T09:39:24Z,dg0yt
microsoft/vcpkg,45672,2025-05-28T03:04:18Z,LilyWangLL
microsoft/vcpkg,45673,2025-06-03T07:31:25Z,Cheney-W
microsoft/vcpkg,45677,2025-05-30T06:49:33Z,LilyWangLL
microsoft/vcpkg,45680,2025-05-26T08:52:15Z,Cheney-W
microsoft/vcpkg,45683,2025-05-24T20:24:54Z,dg0yt
microsoft/vcpkg,45687,2025-05-25T16:36:39Z,dg0yt
microsoft/vcpkg,45689,2025-05-28T08:41:58Z,Cheney-W
microsoft/vcpkg,45693,2025-05-25T16:20:07Z,dg0yt
microsoft/vcpkg,45699,2025-05-27T15:30:08Z,ceztko
microsoft/vcpkg,45701,2025-05-26T09:40:52Z,Cheney-W
microsoft/vcpkg,45713,2026-02-10T00:35:52Z,vicroms
microsoft/vcpkg,45722,2025-05-28T08:38:06Z,Cheney-W
microsoft/vcpkg,45723,2025-05-30T11:00:44Z,jamesnulliu
microsoft/vcpkg,45724,2025-05-29T06:38:20Z,LilyWangLL
microsoft/vcpkg,45726,2025-05-29T07:38:26Z,Thomas1664
microsoft/vcpkg,45727,2025-05-30T18:42:59Z,dg0yt
microsoft/vcpkg,45734,2025-06-01T23:07:02Z,tomghuang
microsoft/vcpkg,45737,2025-05-29T09:49:12Z,dg0yt
microsoft/vcpkg,45741,2025-05-30T07:06:33Z,LilyWangLL
microsoft/vcpkg,45747,2025-05-30T09:53:03Z,Cheney-W
microsoft/vcpkg,45763,2025-05-30T22:09:26Z,BillyONeal
microsoft/vcpkg,45777,2025-05-31T17:12:08Z,dg0yt
microsoft/vcpkg,45785,2025-06-12T22:36:48Z,vicroms
microsoft/vcpkg,45786,2025-06-01T19:58:22Z,dg0yt
microsoft/vcpkg,45789,2025-06-03T08:53:51Z,Cheney-W
microsoft/vcpkg,45797,2025-06-03T07:29:18Z,Cheney-W
microsoft/vcpkg,45816,2025-06-04T09:52:12Z,Cheney-W
microsoft/vcpkg,45817,2026-02-11T22:49:58Z,vicroms
microsoft/vcpkg,45820,2025-06-04T09:02:24Z,Cheney-W
microsoft/vcpkg,45824,2025-06-05T07:55:27Z,LilyWangLL
microsoft/vcpkg,45828,2025-06-06T01:40:22Z,LilyWangLL
microsoft/vcpkg,45834,2025-06-04T17:59:18Z,dg0yt
microsoft/vcpkg,45836,2025-06-05T20:14:49Z,dg0yt
microsoft/vcpkg,45844,2025-06-06T02:45:24Z,Cheney-W
microsoft/vcpkg,45847,2025-07-24T21:17:38Z,vicroms
microsoft/vcpkg,45856,2025-06-06T05:41:02Z,ajtribick
microsoft/vcpkg,45878,2025-06-09T23:55:36Z,BillyONeal
microsoft/vcpkg,45902,2025-06-10T05:43:01Z,LilyWangLL
microsoft/vcpkg,45903,2025-06-09T15:39:28Z,dg0yt
microsoft/vcpkg,45907,2025-06-10T03:56:40Z,dg0yt
microsoft/vcpkg,45909,2026-02-11T22:49:43Z,vicroms
microsoft/vcpkg,45913,2026-02-11T22:49:26Z,vicroms
microsoft/vcpkg,45914,2025-06-12T19:59:30Z,BillyONeal
microsoft/vcpkg,45922,2025-06-11T07:50:00Z,LilyWangLL
microsoft/vcpkg,45923,2025-06-11T20:42:46Z,ras0219-msft
microsoft/vcpkg,45925,2025-06-11T05:10:09Z,BillyONeal
microsoft/vcpkg,45927,2025-06-12T04:25:21Z,dg0yt
microsoft/vcpkg,45931,2025-06-11T05:41:27Z,LilyWangLL
microsoft/vcpkg,45937,2025-06-20T20:22:01Z,BillyONeal
microsoft/vcpkg,45943,2025-06-11T18:12:33Z,dg0yt
microsoft/vcpkg,45946,2025-09-15T19:47:06Z,BillyONeal
microsoft/vcpkg,45947,2025-06-12T01:55:05Z,dg0yt
microsoft/vcpkg,45948,2025-06-11T21:09:29Z,ras0219-msft
microsoft/vcpkg,45954,2025-06-12T04:00:14Z,dg0yt
microsoft/vcpkg,45967,2025-06-12T20:01:06Z,JoergAtGithub
microsoft/vcpkg,45970,2025-06-12T19:31:03Z,dg0yt
microsoft/vcpkg,45971,2025-06-13T03:37:14Z,dg0yt
microsoft/vcpkg,45972,2025-06-13T03:25:49Z,dg0yt
microsoft/vcpkg,45977,2025-07-24T21:17:54Z,vicroms
microsoft/vcpkg,45983,2025-06-13T16:52:36Z,dg0yt
microsoft/vcpkg,45992,2025-06-14T18:24:52Z,dg0yt
microsoft/vcpkg,45993,2025-06-14T13:34:38Z,dg0yt
microsoft/vcpkg,45995,2025-06-14T13:31:58Z,dg0yt
microsoft/vcpkg,45996,2025-06-17T06:58:52Z,LilyWangLL
microsoft/vcpkg,45997,2025-06-17T02:19:20Z,sidy3d
microsoft/vcpkg,46000,2025-06-16T19:03:32Z,dg0yt
microsoft/vcpkg,46010,2025-06-17T05:59:22Z,LilyWangLL
microsoft/vcpkg,46019,2025-06-16T23:49:28Z,BillyONeal
microsoft/vcpkg,46024,2025-06-17T06:34:59Z,dg0yt
microsoft/vcpkg,46029,2025-06-17T09:57:24Z,LilyWangLL
microsoft/vcpkg,46036,2025-06-17T22:54:30Z,BillyONeal
microsoft/vcpkg,46042,2025-06-19T20:49:16Z,BillyONeal
microsoft/vcpkg,46049,2025-06-17T20:10:12Z,dg0yt
microsoft/vcpkg,46053,2025-06-20T19:12:07Z,BillyONeal
microsoft/vcpkg,46054,2025-06-18T04:57:53Z,dg0yt
microsoft/vcpkg,46058,2025-10-08T02:20:57Z,JavierMatosD
microsoft/vcpkg,46062,2025-06-18T22:28:22Z,BillyONeal
microsoft/vcpkg,46063,2025-06-19T20:56:08Z,BillyONeal
microsoft/vcpkg,46072,2025-06-18T18:07:39Z,dg0yt
microsoft/vcpkg,46073,2025-07-02T09:16:26Z,talregev
microsoft/vcpkg,46076,2025-06-20T19:00:52Z,BillyONeal
microsoft/vcpkg,46084,2025-06-20T17:44:19Z,BillyONeal
microsoft/vcpkg,46095,2025-06-20T19:17:11Z,BillyONeal
microsoft/vcpkg,46100,2025-06-22T14:08:45Z,dg0yt
microsoft/vcpkg,46105,2025-06-20T18:58:37Z,BillyONeal
microsoft/vcpkg,46111,2025-06-23T02:19:31Z,LilyWangLL
microsoft/vcpkg,46115,2025-06-24T22:10:08Z,BillyONeal
microsoft/vcpkg,46118,2025-09-22T06:22:40Z,KaneGreen
microsoft/vcpkg,46123,2025-06-22T07:57:20Z,ceztko
microsoft/vcpkg,46128,2025-06-22T15:17:58Z,dg0yt
microsoft/vcpkg,46132,2025-06-23T02:41:24Z,LilyWangLL
microsoft/vcpkg,46134,2025-07-04T09:45:41Z,vicroms
microsoft/vcpkg,46136,2025-06-23T16:16:25Z,dg0yt
microsoft/vcpkg,46137,2025-06-24T07:35:53Z,LilyWangLL
microsoft/vcpkg,46140,2025-06-24T21:54:26Z,BillyONeal
microsoft/vcpkg,46141,2025-06-25T18:00:55Z,BillyONeal
microsoft/vcpkg,46145,2025-07-25T19:49:00Z,vicroms
microsoft/vcpkg,46146,2026-02-11T22:45:40Z,vicroms
microsoft/vcpkg,46147,2025-07-17T08:10:12Z,vicroms
microsoft/vcpkg,46149,2025-07-21T00:27:05Z,autoantwort
microsoft/vcpkg,46151,2025-06-25T05:06:33Z,dg0yt
microsoft/vcpkg,46152,2025-06-25T04:30:51Z,dg0yt
microsoft/vcpkg,46160,2025-06-25T18:35:31Z,BillyONeal
microsoft/vcpkg,46162,2025-06-25T17:10:00Z,nickdademo
microsoft/vcpkg,46163,2025-06-26T08:12:30Z,dg0yt
microsoft/vcpkg,46164,2025-06-26T09:22:43Z,Cheney-W
microsoft/vcpkg,46168,2025-06-26T07:51:43Z,dg0yt
microsoft/vcpkg,46176,2025-06-26T18:32:29Z,BillyONeal
microsoft/vcpkg,46177,2025-06-26T18:30:43Z,BillyONeal
microsoft/vcpkg,46179,2025-06-26T18:28:28Z,BillyONeal
microsoft/vcpkg,46191,2025-06-27T08:05:14Z,LilyWangLL
microsoft/vcpkg,46192,2025-06-27T19:52:19Z,Osyotr
microsoft/vcpkg,46201,2025-06-29T20:50:32Z,dg0yt
microsoft/vcpkg,46203,2025-06-30T21:25:25Z,BillyONeal
microsoft/vcpkg,46204,2025-08-01T21:40:16Z,past-due
microsoft/vcpkg,46221,2025-06-30T07:11:18Z,Cheney-W
microsoft/vcpkg,46222,2025-08-06T23:46:20Z,BillyONeal
microsoft/vcpkg,46241,2025-07-01T20:18:13Z,vicroms
microsoft/vcpkg,46257,2025-07-02T07:39:01Z,dg0yt
microsoft/vcpkg,46263,2025-07-02T11:54:03Z,xavier2k6
microsoft/vcpkg,46270,2025-07-07T17:37:33Z,dg0yt
microsoft/vcpkg,46272,2025-07-04T07:36:02Z,dg0yt
microsoft/vcpkg,46278,2025-07-04T05:40:33Z,dg0yt
microsoft/vcpkg,46283,2025-07-05T06:08:32Z,dg0yt
microsoft/vcpkg,46285,2025-07-07T20:42:01Z,BillyONeal
microsoft/vcpkg,46291,2025-07-10T22:39:26Z,BillyONeal
microsoft/vcpkg,46292,2025-07-05T03:09:31Z,miyanyan
microsoft/vcpkg,46307,2025-07-06T09:12:55Z,dg0yt
microsoft/vcpkg,46310,2025-07-06T14:29:00Z,dg0yt
microsoft/vcpkg,46314,2025-07-07T22:40:51Z,BillyONeal
microsoft/vcpkg,46317,2025-07-08T21:39:13Z,dg0yt
microsoft/vcpkg,46319,2025-07-07T17:38:55Z,dg0yt
microsoft/vcpkg,46323,2025-07-08T11:50:26Z,dg0yt
microsoft/vcpkg,46340,2025-07-09T10:41:52Z,dg0yt
microsoft/vcpkg,46342,2025-07-09T15:10:04Z,prince-chrismc
microsoft/vcpkg,46345,2025-07-10T03:51:21Z,BillyONeal
microsoft/vcpkg,46347,2025-07-09T17:56:35Z,dg0yt
microsoft/vcpkg,46349,2025-07-18T01:21:23Z,autoantwort
microsoft/vcpkg,46354,2025-07-09T17:13:19Z,dg0yt
microsoft/vcpkg,46355,2025-07-09T19:28:02Z,dg0yt
microsoft/vcpkg,46357,2025-07-10T05:06:38Z,dg0yt
microsoft/vcpkg,46368,2025-07-10T18:45:25Z,dg0yt
microsoft/vcpkg,46371,2025-07-17T00:39:53Z,vicroms
microsoft/vcpkg,46373,2025-07-20T21:40:59Z,vicroms
microsoft/vcpkg,46379,2025-07-11T08:06:32Z,talregev
microsoft/vcpkg,46383,2025-07-20T21:38:49Z,vicroms
microsoft/vcpkg,46388,2025-07-23T15:58:03Z,pierr3
microsoft/vcpkg,46398,2025-07-25T04:27:27Z,ankurvdev
microsoft/vcpkg,46399,2025-07-12T19:06:19Z,Osyotr
microsoft/vcpkg,46400,2025-07-13T03:50:52Z,dg0yt
microsoft/vcpkg,46401,2025-07-19T01:15:43Z,vicroms
microsoft/vcpkg,46409,2025-09-27T12:35:18Z,valgur
microsoft/vcpkg,46413,2025-08-12T21:44:29Z,BillyONeal
microsoft/vcpkg,46416,2025-07-14T19:13:17Z,dg0yt
microsoft/vcpkg,46422,2025-07-14T04:58:04Z,dg0yt
microsoft/vcpkg,46438,2025-07-16T06:22:28Z,dg0yt
microsoft/vcpkg,46440,2025-07-16T07:47:57Z,dg0yt
microsoft/vcpkg,46448,2025-07-16T20:19:46Z,dg0yt
microsoft/vcpkg,46451,2025-07-19T19:26:27Z,vicroms
microsoft/vcpkg,46452,2025-07-17T03:55:48Z,dg0yt
microsoft/vcpkg,46456,2025-07-17T06:19:00Z,BillyONeal
microsoft/vcpkg,46459,2025-08-07T00:54:53Z,BillyONeal
microsoft/vcpkg,46468,2025-07-17T16:51:41Z,BillyONeal
microsoft/vcpkg,46473,2025-07-18T03:42:17Z,dg0yt
microsoft/vcpkg,46477,2025-07-21T22:35:50Z,dg0yt
microsoft/vcpkg,46485,2025-07-26T22:33:43Z,ajtribick
microsoft/vcpkg,46495,2025-07-31T00:34:59Z,BillyONeal
microsoft/vcpkg,46496,2025-07-24T19:41:03Z,vicroms
microsoft/vcpkg,46507,2025-07-22T19:14:18Z,dg0yt
microsoft/vcpkg,46509,2025-07-21T21:19:54Z,dg0yt
microsoft/vcpkg,46517,2025-07-21T21:34:55Z,bgilbert
microsoft/vcpkg,46518,2026-02-11T22:44:47Z,vicroms
microsoft/vcpkg,46538,2025-08-06T22:04:52Z,BillyONeal
microsoft/vcpkg,46540,2025-08-05T06:34:01Z,dg0yt
microsoft/vcpkg,46543,2025-07-31T00:46:16Z,BillyONeal
microsoft/vcpkg,46545,2025-07-23T23:19:22Z,vicroms
microsoft/vcpkg,46584,2025-07-28T20:48:11Z,vicroms
microsoft/vcpkg,46585,2025-08-31T07:09:55Z,dg0yt
microsoft/vcpkg,46592,2025-07-26T13:33:40Z,autoantwort
microsoft/vcpkg,46593,2025-07-31T00:31:14Z,BillyONeal
microsoft/vcpkg,46611,2025-07-27T18:33:51Z,horenmar
microsoft/vcpkg,46616,2025-08-04T21:14:59Z,BillyONeal
microsoft/vcpkg,46620,2025-07-29T02:32:11Z,BillyONeal
microsoft/vcpkg,46621,2025-07-29T04:17:27Z,dg0yt
microsoft/vcpkg,46628,2025-07-28T20:29:25Z,dg0yt
microsoft/vcpkg,46633,2025-07-29T11:57:31Z,aral-matrix
microsoft/vcpkg,46647,2025-07-30T05:47:05Z,BillyONeal
microsoft/vcpkg,46649,2025-08-05T23:58:55Z,BillyONeal
microsoft/vcpkg,46658,2025-07-31T00:10:46Z,BillyONeal
microsoft/vcpkg,46659,2025-08-06T09:02:22Z,mmuetzel
microsoft/vcpkg,46664,2025-07-31T00:10:14Z,BillyONeal
microsoft/vcpkg,46668,2025-07-30T19:41:29Z,BillyONeal
microsoft/vcpkg,46672,2025-08-02T21:12:18Z,dg0yt
microsoft/vcpkg,46678,2025-08-01T19:30:44Z,dg0yt
microsoft/vcpkg,46680,2025-07-31T04:06:48Z,dg0yt
microsoft/vcpkg,46686,2025-08-01T01:19:40Z,BillyONeal
microsoft/vcpkg,46690,2025-07-31T17:33:37Z,BillyONeal
microsoft/vcpkg,46694,2025-08-01T01:12:42Z,BillyONeal
microsoft/vcpkg,46696,2025-08-01T20:41:33Z,dg0yt
microsoft/vcpkg,46699,2025-08-01T18:44:46Z,dg0yt
microsoft/vcpkg,46700,2025-08-01T19:01:40Z,dg0yt
microsoft/vcpkg,46701,2025-08-02T17:13:53Z,dg0yt
microsoft/vcpkg,46705,2025-08-02T02:31:21Z,BillyONeal
microsoft/vcpkg,46706,2025-08-02T07:12:00Z,ajtribick
microsoft/vcpkg,46709,2025-08-04T23:23:33Z,BillyONeal
microsoft/vcpkg,46711,2025-10-23T00:21:00Z,BillyONeal
microsoft/vcpkg,46718,2025-08-04T22:29:44Z,BillyONeal
microsoft/vcpkg,46723,2025-08-02T18:18:31Z,talregev
microsoft/vcpkg,46725,2025-08-02T21:41:45Z,dg0yt
microsoft/vcpkg,46727,2025-08-04T22:34:32Z,BillyONeal
microsoft/vcpkg,46733,2025-08-04T12:03:24Z,dg0yt
microsoft/vcpkg,46734,2025-08-04T22:27:14Z,BillyONeal
microsoft/vcpkg,46737,2025-08-04T21:55:05Z,BillyONeal
microsoft/vcpkg,46751,2025-08-05T06:31:43Z,dg0yt
microsoft/vcpkg,46758,2025-08-05T20:27:53Z,BillyONeal
microsoft/vcpkg,46760,2025-08-07T19:34:56Z,BillyONeal
microsoft/vcpkg,46766,2026-02-11T22:41:37Z,vicroms
microsoft/vcpkg,46773,2025-12-15T20:24:33Z,BillyONeal
microsoft/vcpkg,46775,2025-08-06T03:46:37Z,dg0yt
microsoft/vcpkg,46778,2025-08-06T21:43:04Z,BillyONeal
microsoft/vcpkg,46780,2025-08-06T21:43:48Z,BillyONeal
microsoft/vcpkg,46785,2025-08-06T20:40:30Z,dg0yt
microsoft/vcpkg,46800,2025-08-07T05:41:08Z,BillyONeal
microsoft/vcpkg,46809,2025-08-07T21:15:22Z,BillyONeal
microsoft/vcpkg,46813,2025-08-08T10:17:57Z,dg0yt
microsoft/vcpkg,46816,2025-09-18T23:30:02Z,BillyONeal
microsoft/vcpkg,46825,2025-08-26T18:16:28Z,BillyONeal
microsoft/vcpkg,46826,2025-08-12T01:07:05Z,BillyONeal
microsoft/vcpkg,46830,2025-08-08T23:11:44Z,BillyONeal
microsoft/vcpkg,46838,2025-08-11T05:09:22Z,dg0yt
microsoft/vcpkg,46841,2025-08-11T20:33:52Z,BillyONeal
microsoft/vcpkg,46843,2025-08-26T18:17:02Z,BillyONeal
microsoft/vcpkg,46844,2025-08-10T06:17:47Z,dg0yt
microsoft/vcpkg,46849,2025-08-12T00:17:16Z,BillyONeal
microsoft/vcpkg,46854,2026-02-11T22:40:55Z,vicroms
microsoft/vcpkg,46855,2025-08-12T00:53:23Z,BillyONeal
microsoft/vcpkg,46857,2025-08-10T20:22:28Z,dg0yt
microsoft/vcpkg,46858,2025-08-10T21:39:25Z,dg0yt
microsoft/vcpkg,46862,2025-08-11T20:19:11Z,dg0yt
microsoft/vcpkg,46863,2025-08-11T19:57:32Z,BillyONeal
microsoft/vcpkg,46867,2025-09-20T01:02:00Z,bc-lee
microsoft/vcpkg,46868,2025-08-11T23:56:43Z,BillyONeal
microsoft/vcpkg,46869,2026-02-26T21:31:22Z,vicroms
microsoft/vcpkg,46874,2025-08-12T00:11:42Z,BillyONeal
microsoft/vcpkg,46877,2025-08-12T17:56:13Z,BillyONeal
microsoft/vcpkg,46878,2025-08-12T17:59:28Z,BillyONeal
microsoft/vcpkg,46879,2025-08-15T20:16:32Z,BillyONeal
microsoft/vcpkg,46892,2025-08-13T03:20:34Z,cgilles
microsoft/vcpkg,46903,2025-08-14T05:07:17Z,dg0yt
microsoft/vcpkg,46904,2025-08-13T18:36:48Z,BillyONeal
microsoft/vcpkg,46905,2025-08-20T20:58:28Z,BillyONeal
microsoft/vcpkg,46907,2026-02-19T07:16:21Z,jalegido
microsoft/vcpkg,46908,2025-09-30T18:41:05Z,BillyONeal
microsoft/vcpkg,46911,2025-08-30T09:19:02Z,talregev
microsoft/vcpkg,46930,2025-08-15T19:30:09Z,BillyONeal
microsoft/vcpkg,46931,2025-08-15T19:32:50Z,BillyONeal
microsoft/vcpkg,46932,2025-08-15T19:15:27Z,BillyONeal
microsoft/vcpkg,46935,2026-02-26T21:30:46Z,vicroms
microsoft/vcpkg,46938,2025-08-18T19:55:41Z,BillyONeal
microsoft/vcpkg,46940,2025-08-18T20:20:43Z,BillyONeal
microsoft/vcpkg,46951,2025-08-20T23:22:05Z,BillyONeal
microsoft/vcpkg,46952,2026-02-26T21:30:33Z,vicroms
microsoft/vcpkg,46958,2025-09-26T19:09:08Z,bobfriesenhahn
microsoft/vcpkg,46959,2025-08-18T19:27:24Z,StarGate-One
microsoft/vcpkg,46960,2025-08-18T19:12:01Z,BillyONeal
microsoft/vcpkg,46963,2025-09-26T12:15:30Z,sandercox
microsoft/vcpkg,46964,2025-08-18T18:49:40Z,BillyONeal
microsoft/vcpkg,46971,2025-08-18T17:21:19Z,Osyotr
microsoft/vcpkg,46975,2025-08-19T11:31:26Z,Osyotr
microsoft/vcpkg,46978,2025-08-19T13:26:41Z,luzpaz
microsoft/vcpkg,46990,2025-08-21T19:21:58Z,BillyONeal
microsoft/vcpkg,46995,2025-08-21T19:21:56Z,BillyONeal
microsoft/vcpkg,46998,2025-08-20T17:52:18Z,BillyONeal
microsoft/vcpkg,46999,2025-08-20T19:31:10Z,talregev
microsoft/vcpkg,47000,2025-08-23T16:38:33Z,dg0yt
microsoft/vcpkg,47002,2025-08-20T22:16:31Z,BillyONeal
microsoft/vcpkg,47003,2025-08-21T19:21:51Z,BillyONeal
microsoft/vcpkg,47004,2025-08-21T19:25:35Z,BillyONeal
microsoft/vcpkg,47008,2025-08-21T19:25:46Z,BillyONeal
microsoft/vcpkg,47009,2025-08-21T19:26:25Z,BillyONeal
microsoft/vcpkg,47012,2025-08-21T19:26:46Z,BillyONeal
microsoft/vcpkg,47013,2025-08-21T19:26:57Z,BillyONeal
microsoft/vcpkg,47014,2025-08-26T18:55:34Z,BillyONeal
microsoft/vcpkg,47016,2025-08-26T18:55:41Z,BillyONeal
microsoft/vcpkg,47017,2025-08-26T18:48:57Z,BillyONeal
microsoft/vcpkg,47021,2025-08-26T18:48:54Z,BillyONeal
microsoft/vcpkg,47023,2025-08-26T18:48:50Z,BillyONeal
microsoft/vcpkg,47024,2025-08-26T18:48:20Z,BillyONeal
microsoft/vcpkg,47027,2025-08-23T13:02:00Z,dg0yt
microsoft/vcpkg,47033,2025-08-26T18:48:16Z,BillyONeal
microsoft/vcpkg,47035,2025-08-26T18:48:11Z,BillyONeal
microsoft/vcpkg,47036,2025-08-26T18:16:08Z,BillyONeal
microsoft/vcpkg,47038,2025-08-26T18:47:48Z,BillyONeal
microsoft/vcpkg,47039,2025-08-26T18:47:16Z,BillyONeal
microsoft/vcpkg,47040,2025-08-23T18:16:37Z,dg0yt
microsoft/vcpkg,47041,2025-08-26T18:46:18Z,BillyONeal
microsoft/vcpkg,47043,2025-08-26T18:46:00Z,BillyONeal
microsoft/vcpkg,47045,2025-08-26T18:46:13Z,BillyONeal
microsoft/vcpkg,47046,2025-08-26T18:01:56Z,BillyONeal
microsoft/vcpkg,47047,2025-08-26T18:46:05Z,BillyONeal
microsoft/vcpkg,47049,2025-08-26T18:45:56Z,BillyONeal
microsoft/vcpkg,47050,2025-08-26T18:45:54Z,BillyONeal
microsoft/vcpkg,47052,2025-08-26T18:45:51Z,BillyONeal
microsoft/vcpkg,47054,2025-08-26T18:45:40Z,BillyONeal
microsoft/vcpkg,47059,2025-08-26T18:45:18Z,BillyONeal
microsoft/vcpkg,47060,2025-08-26T18:17:18Z,BillyONeal
microsoft/vcpkg,47061,2025-08-26T18:45:13Z,BillyONeal
microsoft/vcpkg,47062,2025-08-26T18:17:11Z,BillyONeal
microsoft/vcpkg,47064,2025-08-26T18:59:37Z,BillyONeal
microsoft/vcpkg,47065,2025-08-26T18:17:51Z,BillyONeal
microsoft/vcpkg,47066,2025-08-26T18:44:52Z,BillyONeal
microsoft/vcpkg,47068,2025-08-26T18:16:50Z,BillyONeal
microsoft/vcpkg,47069,2025-08-26T18:16:46Z,BillyONeal
microsoft/vcpkg,47070,2025-08-26T18:59:51Z,BillyONeal
microsoft/vcpkg,47072,2025-08-26T03:35:44Z,BillyONeal
microsoft/vcpkg,47073,2025-08-26T18:17:14Z,BillyONeal
microsoft/vcpkg,47074,2025-08-26T18:17:06Z,BillyONeal
microsoft/vcpkg,47076,2025-08-26T18:16:57Z,BillyONeal
microsoft/vcpkg,47078,2025-08-26T18:16:54Z,BillyONeal
microsoft/vcpkg,47079,2025-08-26T18:16:41Z,BillyONeal
microsoft/vcpkg,47086,2025-09-03T20:39:22Z,BillyONeal
microsoft/vcpkg,47106,2025-08-31T07:57:56Z,dg0yt
microsoft/vcpkg,47107,2025-09-03T20:34:15Z,BillyONeal
microsoft/vcpkg,47119,2025-08-29T08:10:54Z,xavier2k6
microsoft/vcpkg,47130,2025-08-30T05:59:45Z,talregev
microsoft/vcpkg,47131,2026-02-26T21:21:24Z,vicroms
microsoft/vcpkg,47149,2025-08-31T19:38:02Z,talregev
microsoft/vcpkg,47152,2025-09-02T05:04:19Z,dg0yt
microsoft/vcpkg,47156,2025-10-21T08:03:18Z,YunchengLiu
microsoft/vcpkg,47182,2025-09-03T21:09:41Z,BillyONeal
microsoft/vcpkg,47184,2025-11-06T03:14:53Z,BillyONeal
microsoft/vcpkg,47185,2025-09-18T01:07:24Z,BillyONeal
microsoft/vcpkg,47186,2025-09-08T06:58:54Z,vicroms
microsoft/vcpkg,47194,2025-09-03T19:41:26Z,dg0yt
microsoft/vcpkg,47197,2025-09-03T21:07:56Z,BillyONeal
microsoft/vcpkg,47210,2025-09-05T05:57:04Z,talregev
microsoft/vcpkg,47211,2025-09-05T07:05:41Z,dg0yt
microsoft/vcpkg,47214,2025-09-08T07:07:28Z,vicroms
microsoft/vcpkg,47222,2025-09-19T17:05:21Z,JavierMatosD
microsoft/vcpkg,47226,2025-09-16T06:44:31Z,BillyONeal
microsoft/vcpkg,47228,2025-09-08T06:54:24Z,vicroms
microsoft/vcpkg,47245,2025-09-16T19:30:58Z,JavierMatosD
microsoft/vcpkg,47246,2025-09-07T20:41:46Z,talregev
microsoft/vcpkg,47247,2025-09-08T06:10:00Z,vicroms
microsoft/vcpkg,47256,2025-09-09T11:18:50Z,dg0yt
microsoft/vcpkg,47267,2026-02-26T21:19:47Z,vicroms
microsoft/vcpkg,47271,2026-04-21T18:09:07Z,vicroms
microsoft/vcpkg,47276,2025-09-16T02:00:50Z,BillyONeal
microsoft/vcpkg,47277,2025-09-09T14:59:19Z,ethanmusser
microsoft/vcpkg,47283,2025-09-16T06:37:03Z,BillyONeal
microsoft/vcpkg,47284,2025-09-12T05:35:24Z,dg0yt
microsoft/vcpkg,47285,2025-09-10T05:08:33Z,dg0yt
microsoft/vcpkg,47287,2025-09-23T12:59:24Z,warsark
microsoft/vcpkg,47297,2025-09-17T22:57:32Z,BillyONeal
microsoft/vcpkg,47298,2025-09-16T06:29:34Z,BillyONeal
microsoft/vcpkg,47299,2025-09-12T18:15:14Z,BillyONeal
microsoft/vcpkg,47300,2025-09-11T09:37:09Z,Osyotr
microsoft/vcpkg,47309,2025-09-12T05:42:13Z,dg0yt
microsoft/vcpkg,47310,2025-09-16T06:26:48Z,BillyONeal
microsoft/vcpkg,47315,2025-09-16T01:40:58Z,BillyONeal
microsoft/vcpkg,47318,2025-09-16T02:05:36Z,BillyONeal
microsoft/vcpkg,47321,2025-09-13T05:12:33Z,dg0yt
microsoft/vcpkg,47322,2025-09-13T11:07:00Z,Thomas1664
microsoft/vcpkg,47329,2025-09-16T09:46:38Z,dg0yt
microsoft/vcpkg,47333,2025-09-16T01:56:02Z,BillyONeal
microsoft/vcpkg,47341,2025-09-16T01:53:43Z,BillyONeal
microsoft/vcpkg,47347,2025-09-14T16:28:54Z,dg0yt
microsoft/vcpkg,47349,2026-02-26T21:18:21Z,vicroms
microsoft/vcpkg,47352,2025-09-16T13:58:44Z,orange-cpp
microsoft/vcpkg,47354,2025-10-29T23:39:23Z,BillyONeal
microsoft/vcpkg,47361,2025-10-24T20:23:01Z,BillyONeal
microsoft/vcpkg,47380,2025-09-19T16:18:28Z,JavierMatosD
microsoft/vcpkg,47384,2025-09-19T22:11:44Z,MichalPetryka
microsoft/vcpkg,47386,2025-09-19T16:23:42Z,JavierMatosD
microsoft/vcpkg,47392,2025-09-17T21:35:39Z,talregev
microsoft/vcpkg,47394,2025-09-18T20:25:11Z,JavierMatosD
microsoft/vcpkg,47397,2025-09-23T12:00:32Z,JavierMatosD
microsoft/vcpkg,47410,2025-09-18T21:49:54Z,JavierMatosD
microsoft/vcpkg,47411,2025-09-19T05:09:11Z,dg0yt
microsoft/vcpkg,47416,2025-09-19T17:16:01Z,petersteneteg
microsoft/vcpkg,47427,2025-09-24T16:54:26Z,JavierMatosD
microsoft/vcpkg,47430,2025-09-21T11:12:10Z,dg0yt
microsoft/vcpkg,47440,2025-09-21T07:10:17Z,dg0yt
microsoft/vcpkg,47441,2025-09-22T12:07:38Z,JavierMatosD
microsoft/vcpkg,47445,2025-11-08T00:35:59Z,BillyONeal
microsoft/vcpkg,47449,2025-09-22T14:58:17Z,JavierMatosD
microsoft/vcpkg,47459,2025-09-23T06:38:27Z,dg0yt
microsoft/vcpkg,47460,2025-09-23T21:05:32Z,JavierMatosD
microsoft/vcpkg,47464,2025-09-23T12:47:36Z,dg0yt
microsoft/vcpkg,47471,2025-09-29T20:19:17Z,JavierMatosD
microsoft/vcpkg,47473,2025-12-10T10:34:34Z,jamesg-nz
microsoft/vcpkg,47475,2025-09-24T06:43:31Z,dg0yt
microsoft/vcpkg,47480,2025-09-24T15:26:05Z,JavierMatosD
microsoft/vcpkg,47482,2025-09-24T18:15:15Z,BillyONeal
microsoft/vcpkg,47484,2025-09-24T17:22:36Z,Osyotr
microsoft/vcpkg,47485,2025-09-25T05:25:10Z,dg0yt
microsoft/vcpkg,47487,2025-09-24T19:41:09Z,JavierMatosD
microsoft/vcpkg,47491,2025-09-25T17:09:20Z,JavierMatosD
microsoft/vcpkg,47494,2025-09-26T19:47:32Z,JavierMatosD
microsoft/vcpkg,47495,2025-09-25T06:37:59Z,talregev
microsoft/vcpkg,47500,2025-09-25T12:58:43Z,nickdademo
microsoft/vcpkg,47504,2025-09-26T19:34:03Z,JavierMatosD
microsoft/vcpkg,47510,2025-10-02T16:55:16Z,ojura
microsoft/vcpkg,47511,2025-09-26T20:18:36Z,JavierMatosD
microsoft/vcpkg,47522,2026-02-26T21:07:59Z,vicroms
microsoft/vcpkg,47523,2025-09-27T10:30:17Z,ajtribick
microsoft/vcpkg,47525,2025-09-29T21:24:00Z,JavierMatosD
microsoft/vcpkg,47528,2025-09-29T06:39:26Z,dg0yt
microsoft/vcpkg,47535,2025-09-28T05:57:54Z,xiaozhuai
microsoft/vcpkg,47537,2025-09-29T20:15:50Z,JavierMatosD
microsoft/vcpkg,47540,2025-09-29T17:31:17Z,JavierMatosD
microsoft/vcpkg,47542,2025-09-29T06:04:08Z,dg0yt
microsoft/vcpkg,47548,2025-10-01T04:00:31Z,dg0yt
microsoft/vcpkg,47561,2025-09-29T20:22:58Z,JavierMatosD
microsoft/vcpkg,47566,2025-10-06T14:46:07Z,JavierMatosD
microsoft/vcpkg,47569,2025-10-02T21:57:10Z,ajtribick
microsoft/vcpkg,47570,2025-10-06T14:35:11Z,JavierMatosD
microsoft/vcpkg,47574,2025-09-30T15:46:46Z,Sedeniono
microsoft/vcpkg,47582,2026-02-26T21:06:05Z,vicroms
microsoft/vcpkg,47589,2025-09-30T19:47:30Z,Thomas1664
microsoft/vcpkg,47600,2025-10-06T17:19:43Z,JavierMatosD
microsoft/vcpkg,47609,2025-10-02T21:25:42Z,bc-lee
microsoft/vcpkg,47614,2025-10-02T18:53:30Z,ras0219-msft
microsoft/vcpkg,47617,2025-10-04T09:20:48Z,dg0yt
microsoft/vcpkg,47618,2025-10-06T17:02:36Z,JavierMatosD
microsoft/vcpkg,47624,2025-10-29T23:39:28Z,BillyONeal
microsoft/vcpkg,47628,2025-10-04T09:24:15Z,dg0yt
microsoft/vcpkg,47629,2025-10-06T15:38:55Z,JavierMatosD
microsoft/vcpkg,47632,2025-10-04T09:56:52Z,xavier2k6
microsoft/vcpkg,47633,2025-10-06T15:01:10Z,JavierMatosD
microsoft/vcpkg,47635,2025-10-06T16:32:48Z,orange-cpp
microsoft/vcpkg,47648,2025-10-05T05:54:19Z,dg0yt
microsoft/vcpkg,47649,2025-10-05T05:48:35Z,dg0yt
microsoft/vcpkg,47650,2025-10-05T05:52:29Z,dg0yt
microsoft/vcpkg,47652,2025-10-05T11:35:23Z,AenBleidd
microsoft/vcpkg,47653,2025-10-06T15:35:47Z,JavierMatosD
microsoft/vcpkg,47656,2025-10-06T19:17:27Z,dg0yt
microsoft/vcpkg,47657,2025-10-13T23:27:56Z,BillyONeal
microsoft/vcpkg,47661,2025-10-08T01:54:00Z,JavierMatosD
microsoft/vcpkg,47667,2025-10-06T16:56:17Z,JavierMatosD
microsoft/vcpkg,47671,2025-10-06T18:58:20Z,dg0yt
microsoft/vcpkg,47673,2025-10-06T18:58:35Z,dg0yt
microsoft/vcpkg,47675,2025-10-16T00:17:15Z,BillyONeal
microsoft/vcpkg,47679,2025-10-07T01:00:46Z,BillyONeal
microsoft/vcpkg,47680,2025-10-06T19:40:28Z,BillyONeal
microsoft/vcpkg,47691,2025-10-08T01:09:17Z,JavierMatosD
microsoft/vcpkg,47706,2025-10-09T05:26:26Z,dg0yt
microsoft/vcpkg,47707,2025-10-09T06:49:33Z,trisk
microsoft/vcpkg,47713,2025-10-15T20:39:54Z,BillyONeal
microsoft/vcpkg,47717,2025-10-17T19:06:48Z,BillyONeal
microsoft/vcpkg,47719,2025-10-09T04:21:28Z,dg0yt
microsoft/vcpkg,47725,2025-10-09T15:16:59Z,Osyotr
microsoft/vcpkg,47734,2025-10-15T05:05:02Z,dg0yt
microsoft/vcpkg,47735,2025-10-10T09:53:59Z,xavier2k6
microsoft/vcpkg,47738,2025-10-10T02:33:17Z,dg0yt
microsoft/vcpkg,47740,2025-10-10T03:42:26Z,dg0yt
microsoft/vcpkg,47742,2025-10-13T19:20:37Z,BillyONeal
microsoft/vcpkg,47750,2025-10-13T19:58:54Z,BillyONeal
microsoft/vcpkg,47756,2025-10-17T20:49:27Z,BillyONeal
microsoft/vcpkg,47757,2025-10-11T18:22:16Z,Neumann-A
microsoft/vcpkg,47758,2025-10-16T01:06:45Z,BillyONeal
microsoft/vcpkg,47761,2025-10-12T13:45:34Z,dg0yt
microsoft/vcpkg,47764,2025-10-13T18:06:17Z,BillyONeal
microsoft/vcpkg,47765,2025-10-13T19:17:52Z,BillyONeal
microsoft/vcpkg,47775,2025-10-13T18:51:53Z,BillyONeal
microsoft/vcpkg,47786,2025-10-13T16:40:32Z,dg0yt
microsoft/vcpkg,47790,2025-10-14T18:48:43Z,dg0yt
microsoft/vcpkg,47792,2025-10-16T00:53:44Z,BillyONeal
microsoft/vcpkg,47794,2025-10-16T01:04:48Z,BillyONeal
microsoft/vcpkg,47796,2025-10-16T00:51:15Z,BillyONeal
microsoft/vcpkg,47798,2025-10-14T19:51:19Z,dg0yt
microsoft/vcpkg,47800,2025-10-17T22:42:35Z,BillyONeal
microsoft/vcpkg,47803,2025-10-14T20:33:11Z,dg0yt
microsoft/vcpkg,47806,2025-10-14T19:32:14Z,dg0yt
microsoft/vcpkg,47807,2025-10-14T19:14:42Z,dg0yt
microsoft/vcpkg,47808,2025-10-14T23:54:31Z,BillyONeal
microsoft/vcpkg,47809,2026-02-27T00:48:25Z,vicroms
microsoft/vcpkg,47812,2025-10-15T04:28:35Z,dg0yt
microsoft/vcpkg,47814,2025-10-23T18:07:40Z,BillyONeal
microsoft/vcpkg,47815,2025-10-16T00:13:14Z,BillyONeal
microsoft/vcpkg,47816,2025-10-15T09:48:23Z,cqundefine
microsoft/vcpkg,47819,2025-10-17T20:29:22Z,BillyONeal
microsoft/vcpkg,47821,2025-10-16T00:45:18Z,BillyONeal
microsoft/vcpkg,47822,2025-10-15T16:44:28Z,dg0yt
microsoft/vcpkg,47823,2025-10-15T21:34:20Z,Neumann-A
microsoft/vcpkg,47824,2025-10-16T17:18:52Z,BillyONeal
microsoft/vcpkg,47828,2025-10-16T17:03:59Z,antkmsft
microsoft/vcpkg,47829,2025-10-16T17:01:00Z,antkmsft
microsoft/vcpkg,47830,2025-10-17T00:05:23Z,BillyONeal
microsoft/vcpkg,47833,2025-10-16T17:02:29Z,antkmsft
microsoft/vcpkg,47839,2025-10-17T21:54:21Z,BillyONeal
microsoft/vcpkg,47840,2025-10-16T18:49:19Z,xavier2k6
microsoft/vcpkg,47841,2025-10-16T21:43:47Z,BillyONeal
microsoft/vcpkg,47863,2025-10-24T13:51:30Z,gwaldron
microsoft/vcpkg,47866,2025-10-20T12:40:59Z,BillyONeal
microsoft/vcpkg,47874,2025-10-20T11:58:27Z,BillyONeal
microsoft/vcpkg,47879,2025-10-20T16:07:21Z,BillyONeal
microsoft/vcpkg,47885,2025-10-23T00:39:29Z,BillyONeal
microsoft/vcpkg,47886,2025-10-20T15:40:01Z,BillyONeal
microsoft/vcpkg,47890,2025-10-20T16:06:27Z,BillyONeal
microsoft/vcpkg,47891,2025-10-20T16:09:20Z,BillyONeal
microsoft/vcpkg,47895,2025-10-21T18:18:01Z,BillyONeal
microsoft/vcpkg,47898,2025-10-21T18:18:10Z,BillyONeal
microsoft/vcpkg,47902,2025-10-21T18:18:43Z,BillyONeal
microsoft/vcpkg,47910,2025-10-21T23:10:29Z,BillyONeal
microsoft/vcpkg,47914,2025-10-22T23:48:06Z,BillyONeal
microsoft/vcpkg,47918,2025-10-23T00:31:13Z,BillyONeal
microsoft/vcpkg,47923,2025-10-22T15:45:19Z,dg0yt
microsoft/vcpkg,47926,2025-10-22T19:50:55Z,dg0yt
microsoft/vcpkg,47927,2025-10-23T00:00:28Z,BillyONeal
microsoft/vcpkg,47930,2025-10-23T19:31:03Z,BillyONeal
microsoft/vcpkg,47931,2025-10-23T19:28:50Z,BillyONeal
microsoft/vcpkg,47937,2025-10-23T19:29:25Z,BillyONeal
microsoft/vcpkg,47940,2025-10-24T21:34:06Z,BillyONeal
microsoft/vcpkg,47944,2025-10-24T17:30:08Z,dg0yt
microsoft/vcpkg,47948,2025-10-24T19:29:08Z,BillyONeal
microsoft/vcpkg,47952,2025-10-25T06:10:19Z,dg0yt
microsoft/vcpkg,47956,2025-10-27T09:30:39Z,raulcd
microsoft/vcpkg,47957,2025-10-25T16:45:35Z,dg0yt
microsoft/vcpkg,47960,2025-10-28T20:21:19Z,BillyONeal
microsoft/vcpkg,47961,2025-10-29T19:12:07Z,BillyONeal
microsoft/vcpkg,47975,2025-10-27T19:18:31Z,BillyONeal
microsoft/vcpkg,47976,2025-10-28T06:06:17Z,dg0yt
microsoft/vcpkg,47980,2025-10-27T23:40:11Z,BillyONeal
microsoft/vcpkg,47983,2025-10-28T04:59:06Z,dg0yt
microsoft/vcpkg,47986,2025-10-28T21:40:30Z,BillyONeal
microsoft/vcpkg,47988,2025-10-28T20:06:13Z,BillyONeal
microsoft/vcpkg,48001,2025-10-28T20:15:45Z,BillyONeal
microsoft/vcpkg,48002,2025-10-28T20:34:10Z,BillyONeal
microsoft/vcpkg,48003,2026-03-04T20:39:59Z,vicroms
microsoft/vcpkg,48007,2025-10-29T05:12:08Z,dg0yt
microsoft/vcpkg,48012,2025-10-29T18:48:31Z,BillyONeal
microsoft/vcpkg,48013,2025-10-30T00:01:19Z,BillyONeal
microsoft/vcpkg,48018,2025-10-29T23:24:02Z,BillyONeal
microsoft/vcpkg,48022,2025-10-29T23:24:06Z,BillyONeal
microsoft/vcpkg,48023,2025-10-29T23:24:10Z,BillyONeal
microsoft/vcpkg,48026,2025-10-29T23:28:55Z,BillyONeal
microsoft/vcpkg,48028,2025-10-30T21:13:15Z,BillyONeal
microsoft/vcpkg,48029,2025-10-30T21:36:53Z,BillyONeal
microsoft/vcpkg,48037,2025-11-26T07:05:01Z,dg0yt
microsoft/vcpkg,48047,2025-10-30T20:47:15Z,BillyONeal
microsoft/vcpkg,48052,2025-10-31T06:13:42Z,dg0yt
microsoft/vcpkg,48056,2025-10-31T17:26:26Z,BillyONeal
microsoft/vcpkg,48057,2025-10-31T21:41:33Z,BillyONeal
microsoft/vcpkg,48059,2025-11-04T22:14:29Z,BillyONeal
microsoft/vcpkg,48066,2025-11-03T20:09:29Z,BillyONeal
microsoft/vcpkg,48073,2025-11-04T22:15:14Z,BillyONeal
microsoft/vcpkg,48075,2025-11-02T06:11:06Z,dg0yt
microsoft/vcpkg,48085,2026-03-04T20:38:47Z,vicroms
microsoft/vcpkg,48086,2026-01-18T14:30:01Z,SineStriker
microsoft/vcpkg,48087,2025-11-03T20:29:13Z,BillyONeal
microsoft/vcpkg,48090,2025-11-03T19:05:26Z,BillyONeal
microsoft/vcpkg,48092,2025-11-05T21:00:30Z,BillyONeal
microsoft/vcpkg,48093,2025-11-03T19:43:17Z,BillyONeal
microsoft/vcpkg,48099,2025-11-04T22:15:09Z,BillyONeal
microsoft/vcpkg,48101,2025-11-04T22:32:22Z,BillyONeal
microsoft/vcpkg,48117,2025-11-04T22:34:16Z,BillyONeal
microsoft/vcpkg,48127,2025-11-04T22:29:26Z,BillyONeal
microsoft/vcpkg,48132,2025-11-04T22:14:54Z,BillyONeal
microsoft/vcpkg,48135,2025-11-05T06:25:53Z,BillyONeal
microsoft/vcpkg,48142,2025-11-05T06:50:27Z,luadebug
microsoft/vcpkg,48143,2025-11-05T20:46:12Z,BillyONeal
microsoft/vcpkg,48148,2025-11-05T10:38:22Z,dg0yt
microsoft/vcpkg,48149,2025-11-05T22:33:55Z,BillyONeal
microsoft/vcpkg,48152,2025-11-05T20:59:06Z,BillyONeal
microsoft/vcpkg,48155,2025-11-10T06:17:21Z,dg0yt
microsoft/vcpkg,48161,2025-11-05T22:34:05Z,BillyONeal
microsoft/vcpkg,48162,2025-11-05T22:34:15Z,BillyONeal
microsoft/vcpkg,48163,2025-11-08T00:17:06Z,BillyONeal
microsoft/vcpkg,48165,2025-11-06T07:20:53Z,dg0yt
microsoft/vcpkg,48168,2025-11-08T01:04:24Z,BillyONeal
microsoft/vcpkg,48173,2025-11-07T21:27:03Z,BillyONeal
microsoft/vcpkg,48177,2025-11-08T02:09:27Z,BillyONeal
microsoft/vcpkg,48188,2026-03-11T20:33:42Z,vicroms
microsoft/vcpkg,48195,2026-03-20T09:48:25Z,vicroms
microsoft/vcpkg,48199,2025-11-11T20:52:54Z,BillyONeal
microsoft/vcpkg,48215,2025-11-14T03:38:10Z,dg0yt
microsoft/vcpkg,48228,2025-11-11T18:07:55Z,dg0yt
microsoft/vcpkg,48232,2025-11-11T17:57:33Z,dg0yt
microsoft/vcpkg,48238,2025-11-11T20:31:19Z,BillyONeal
microsoft/vcpkg,48240,2025-11-11T20:31:15Z,BillyONeal
microsoft/vcpkg,48242,2025-11-11T22:31:33Z,microsoft-github-policy-service[bot]
microsoft/vcpkg,48244,2025-11-13T06:04:59Z,dg0yt
microsoft/vcpkg,48245,2025-11-13T00:26:49Z,BillyONeal
microsoft/vcpkg,48250,2025-11-12T15:51:55Z,Neumann-A
microsoft/vcpkg,48252,2025-11-13T00:07:09Z,BillyONeal
microsoft/vcpkg,48253,2025-12-05T06:02:13Z,dg0yt
microsoft/vcpkg,48254,2025-11-13T00:29:59Z,BillyONeal
microsoft/vcpkg,48262,2025-11-13T07:20:04Z,dg0yt
microsoft/vcpkg,48264,2025-11-15T06:54:05Z,dg0yt
microsoft/vcpkg,48266,2025-11-13T22:56:51Z,BillyONeal
microsoft/vcpkg,48269,2025-11-13T23:03:27Z,BillyONeal
microsoft/vcpkg,48270,2025-11-13T22:28:14Z,BillyONeal
microsoft/vcpkg,48276,2025-11-13T22:54:50Z,BillyONeal
microsoft/vcpkg,48278,2025-11-14T05:44:38Z,dg0yt
microsoft/vcpkg,48280,2025-11-26T22:31:24Z,BillyONeal
microsoft/vcpkg,48282,2025-11-14T07:07:03Z,dg0yt
microsoft/vcpkg,48287,2025-11-14T21:46:03Z,BillyONeal
microsoft/vcpkg,48288,2025-11-14T21:41:03Z,BillyONeal
microsoft/vcpkg,48289,2025-12-16T22:16:57Z,BillyONeal
microsoft/vcpkg,48290,2025-11-14T21:23:20Z,BillyONeal
microsoft/vcpkg,48298,2025-11-14T21:34:35Z,BillyONeal
microsoft/vcpkg,48299,2025-11-14T21:09:38Z,BillyONeal
microsoft/vcpkg,48303,2025-11-15T18:20:57Z,walbourn
microsoft/vcpkg,48304,2025-11-15T10:21:02Z,ajtribick
microsoft/vcpkg,48312,2025-11-15T18:17:56Z,stephanecharette
microsoft/vcpkg,48335,2025-11-17T13:16:01Z,SunBlack
microsoft/vcpkg,48344,2025-11-20T00:52:15Z,vicroms
microsoft/vcpkg,48353,2025-11-19T18:35:05Z,BillyONeal
microsoft/vcpkg,48354,2025-11-19T06:49:28Z,vicroms
microsoft/vcpkg,48356,2025-11-23T14:13:42Z,dg0yt
microsoft/vcpkg,48373,2025-11-18T23:55:18Z,vicroms
microsoft/vcpkg,48388,2025-11-19T18:35:10Z,BillyONeal
microsoft/vcpkg,48390,2025-11-19T17:37:56Z,dg0yt
microsoft/vcpkg,48397,2025-11-19T18:22:00Z,BillyONeal
microsoft/vcpkg,48400,2025-11-19T18:09:42Z,dg0yt
microsoft/vcpkg,48401,2025-11-19T18:10:08Z,dg0yt
microsoft/vcpkg,48402,2025-11-20T20:02:25Z,vicroms
microsoft/vcpkg,48408,2025-11-20T21:16:25Z,dg0yt
microsoft/vcpkg,48412,2025-11-20T20:26:20Z,BillyONeal
microsoft/vcpkg,48414,2025-11-20T23:36:28Z,vicroms
microsoft/vcpkg,48415,2025-11-20T20:23:23Z,BillyONeal
microsoft/vcpkg,48418,2025-11-27T08:49:08Z,vicroms
microsoft/vcpkg,48424,2025-11-21T04:36:23Z,vicroms
microsoft/vcpkg,48425,2025-11-25T18:55:30Z,vicroms
microsoft/vcpkg,48431,2025-11-25T18:48:13Z,vicroms
microsoft/vcpkg,48439,2025-12-10T01:28:01Z,BillyONeal
microsoft/vcpkg,48451,2025-11-24T18:20:01Z,vicroms
microsoft/vcpkg,48452,2025-11-25T17:44:36Z,justend29
microsoft/vcpkg,48459,2026-01-14T13:37:42Z,traversaro
microsoft/vcpkg,48462,2025-11-24T17:06:01Z,dg0yt
microsoft/vcpkg,48466,2025-11-25T05:11:59Z,dg0yt
microsoft/vcpkg,48467,2025-11-26T12:10:21Z,xavier2k6
microsoft/vcpkg,48471,2025-11-26T22:45:00Z,BillyONeal
microsoft/vcpkg,48474,2025-11-26T23:41:45Z,vicroms
microsoft/vcpkg,48476,2025-11-26T08:21:22Z,dg0yt
microsoft/vcpkg,48481,2025-12-02T00:17:00Z,SunBlack
microsoft/vcpkg,48483,2025-11-26T07:04:06Z,dg0yt
microsoft/vcpkg,48489,2025-11-26T22:35:06Z,BillyONeal
microsoft/vcpkg,48497,2025-11-27T12:48:16Z,microsoft-github-policy-service[bot]
microsoft/vcpkg,48506,2025-12-10T08:30:53Z,dg0yt
microsoft/vcpkg,48508,2025-12-01T23:53:46Z,BillyONeal
microsoft/vcpkg,48511,2025-11-28T07:07:03Z,dg0yt
microsoft/vcpkg,48512,2025-11-28T06:17:32Z,dg0yt
microsoft/vcpkg,48523,2025-12-01T23:56:05Z,BillyONeal
microsoft/vcpkg,48527,2025-12-01T23:57:14Z,BillyONeal
microsoft/vcpkg,48528,2025-12-01T23:59:29Z,BillyONeal
microsoft/vcpkg,48529,2025-12-01T09:23:26Z,dg0yt
microsoft/vcpkg,48530,2025-12-11T08:52:03Z,dg0yt
microsoft/vcpkg,48537,2025-12-05T20:47:03Z,vicroms
microsoft/vcpkg,48539,2025-11-29T10:49:32Z,dg0yt
microsoft/vcpkg,48554,2025-12-01T21:13:20Z,vicroms
microsoft/vcpkg,48555,2025-11-29T21:59:51Z,dg0yt
microsoft/vcpkg,48557,2025-12-10T01:26:07Z,BillyONeal
microsoft/vcpkg,48559,2025-11-29T14:43:10Z,dg0yt
microsoft/vcpkg,48561,2025-11-30T11:08:01Z,dg0yt
microsoft/vcpkg,48567,2025-11-30T21:04:20Z,dg0yt
microsoft/vcpkg,48569,2025-11-29T21:50:09Z,dg0yt
microsoft/vcpkg,48575,2025-12-01T23:32:25Z,vicroms
microsoft/vcpkg,48576,2025-12-01T09:33:57Z,JAicewizard
microsoft/vcpkg,48578,2025-12-02T22:04:34Z,BillyONeal
microsoft/vcpkg,48580,2025-11-30T18:55:55Z,dg0yt
microsoft/vcpkg,48581,2025-12-01T20:31:52Z,BillyONeal
microsoft/vcpkg,48582,2025-12-01T04:06:55Z,nickdademo
microsoft/vcpkg,48586,2025-12-01T19:31:55Z,BillyONeal
microsoft/vcpkg,48594,2025-12-02T00:45:07Z,BillyONeal
microsoft/vcpkg,48605,2025-12-03T00:43:49Z,BillyONeal
microsoft/vcpkg,48606,2025-12-02T23:43:57Z,vicroms
microsoft/vcpkg,48608,2025-12-03T00:55:15Z,BillyONeal
microsoft/vcpkg,48612,2025-12-02T06:16:04Z,dg0yt
microsoft/vcpkg,48628,2025-12-05T01:54:16Z,BillyONeal
microsoft/vcpkg,48633,2025-12-03T00:57:02Z,BillyONeal
microsoft/vcpkg,48634,2025-12-03T00:57:37Z,BillyONeal
microsoft/vcpkg,48642,2025-12-06T09:30:48Z,vicroms
microsoft/vcpkg,48650,2025-12-05T01:24:22Z,BillyONeal
microsoft/vcpkg,48651,2025-12-03T02:41:46Z,microsoft-github-policy-service[bot]
microsoft/vcpkg,48662,2025-12-05T01:26:11Z,BillyONeal
microsoft/vcpkg,48665,2025-12-03T19:02:54Z,BillyONeal
microsoft/vcpkg,48672,2025-12-09T04:14:19Z,BillyONeal
microsoft/vcpkg,48682,2025-12-05T21:08:57Z,BillyONeal
microsoft/vcpkg,48692,2025-12-05T07:25:07Z,kelteseth
microsoft/vcpkg,48694,2025-12-05T08:31:43Z,dg0yt
microsoft/vcpkg,48711,2025-12-10T10:31:59Z,brunvonlope
microsoft/vcpkg,48714,2025-12-06T21:45:45Z,dg0yt
microsoft/vcpkg,48715,2025-12-06T05:34:01Z,dg0yt
microsoft/vcpkg,48718,2025-12-08T18:18:32Z,dg0yt
microsoft/vcpkg,48738,2025-12-10T23:35:33Z,BillyONeal
microsoft/vcpkg,48739,2025-12-09T03:14:45Z,BillyONeal
microsoft/vcpkg,48741,2025-12-08T22:06:42Z,tomconder
microsoft/vcpkg,48742,2025-12-09T02:32:01Z,BillyONeal
microsoft/vcpkg,48747,2025-12-09T03:09:07Z,BillyONeal
microsoft/vcpkg,48748,2025-12-08T19:12:19Z,dg0yt
microsoft/vcpkg,48752,2025-12-09T04:12:25Z,BillyONeal
microsoft/vcpkg,48759,2025-12-12T19:17:13Z,BillyONeal
microsoft/vcpkg,48760,2025-12-09T03:12:21Z,BillyONeal
microsoft/vcpkg,48766,2025-12-10T19:09:20Z,BillyONeal
microsoft/vcpkg,48772,2025-12-09T21:43:41Z,dg0yt
microsoft/vcpkg,48774,2025-12-09T23:41:08Z,BillyONeal
microsoft/vcpkg,48781,2025-12-12T21:37:23Z,BillyONeal
microsoft/vcpkg,48784,2025-12-10T23:23:06Z,BillyONeal
microsoft/vcpkg,48792,2025-12-10T23:30:51Z,BillyONeal
microsoft/vcpkg,48797,2025-12-12T07:39:37Z,dg0yt
microsoft/vcpkg,48803,2025-12-12T01:34:18Z,BillyONeal
microsoft/vcpkg,48807,2025-12-11T11:07:28Z,wkornewald
microsoft/vcpkg,48808,2025-12-23T20:32:47Z,BillyONeal
microsoft/vcpkg,48816,2025-12-11T23:26:53Z,BillyONeal
microsoft/vcpkg,48819,2025-12-12T01:27:01Z,BillyONeal
microsoft/vcpkg,48827,2025-12-12T21:27:17Z,BillyONeal
microsoft/vcpkg,48830,2025-12-12T01:24:00Z,BillyONeal
microsoft/vcpkg,48839,2025-12-12T21:38:34Z,BillyONeal
microsoft/vcpkg,48842,2025-12-13T02:12:03Z,BillyONeal
microsoft/vcpkg,48844,2025-12-12T17:22:55Z,dg0yt
microsoft/vcpkg,48845,2025-12-31T16:37:39Z,BillyONeal
microsoft/vcpkg,48855,2025-12-13T02:13:35Z,BillyONeal
microsoft/vcpkg,48860,2025-12-15T20:15:19Z,BillyONeal
microsoft/vcpkg,48863,2025-12-13T17:13:02Z,BillyONeal
microsoft/vcpkg,48865,2025-12-15T20:18:52Z,BillyONeal
microsoft/vcpkg,48868,2025-12-14T23:09:46Z,SunBlack
microsoft/vcpkg,48871,2026-02-02T14:31:46Z,srinsoz
microsoft/vcpkg,48880,2025-12-15T20:45:35Z,BillyONeal
microsoft/vcpkg,48891,2025-12-16T18:55:16Z,BillyONeal
microsoft/vcpkg,48898,2026-01-23T06:32:45Z,dg0yt
microsoft/vcpkg,48904,2025-12-16T21:12:10Z,BillyONeal
microsoft/vcpkg,48906,2025-12-16T18:50:40Z,BillyONeal
microsoft/vcpkg,48909,2025-12-16T20:01:44Z,BillyONeal
microsoft/vcpkg,48924,2025-12-17T06:43:47Z,Thomas1664
microsoft/vcpkg,48944,2025-12-18T08:45:37Z,xavier2k6
microsoft/vcpkg,48947,2025-12-18T17:50:11Z,BillyONeal
microsoft/vcpkg,48949,2026-04-02T01:59:16Z,syehoonkim
microsoft/vcpkg,48950,2025-12-19T06:12:17Z,dg0yt
microsoft/vcpkg,48954,2025-12-18T17:53:20Z,BillyONeal
microsoft/vcpkg,48960,2025-12-19T07:40:33Z,dg0yt
microsoft/vcpkg,48970,2025-12-20T21:49:14Z,BillyONeal
microsoft/vcpkg,48982,2025-12-20T05:11:06Z,dg0yt
microsoft/vcpkg,48990,2025-12-20T21:46:44Z,BillyONeal
microsoft/vcpkg,48995,2025-12-25T15:18:09Z,BillyONeal
microsoft/vcpkg,48996,2025-12-20T18:22:56Z,dg0yt
microsoft/vcpkg,48998,2025-12-20T20:01:15Z,dg0yt
microsoft/vcpkg,49001,2025-12-21T19:52:45Z,chiphogg
microsoft/vcpkg,49013,2025-12-23T22:17:02Z,BillyONeal
microsoft/vcpkg,49022,2025-12-22T07:04:22Z,dg0yt
microsoft/vcpkg,49540,2026-04-22T11:35:29Z,Shah-Aayush
microsoft/vcpkg,50535,2026-04-22T02:36:36Z,Zingam
microsoft/vcpkg,50538,2026-04-23T20:58:31Z,Neustradamus
microsoft/vcpkg,50736,2026-04-22T06:42:27Z,gvanem
microsoft/vcpkg,50843,2026-04-23T20:58:37Z,Neustradamus
microsoft/vcpkg,50888,2026-04-21T22:16:29Z,BillyONeal
microsoft/vcpkg,51105,2026-04-24T12:55:09Z,brunvonlope
microsoft/vcpkg,51134,2026-04-21T18:14:04Z,vicroms
microsoft/vcpkg,51196,2026-04-27T08:38:11Z,xiaozhuai
microsoft/vcpkg,51210,2026-04-21T18:18:18Z,vicroms
microsoft/vcpkg,51235,2026-04-22T23:57:36Z,BillyONeal
microsoft/vcpkg,51242,2026-04-22T20:14:31Z,BillyONeal
microsoft/vcpkg,51250,2026-04-22T13:08:39Z,frankhale
microsoft/vcpkg,51297,2026-04-22T19:10:43Z,vicroms
microsoft/vcpkg,51301,2026-04-21T18:26:52Z,BillyONeal
microsoft/vcpkg,51317,2026-04-22T13:02:07Z,dg0yt
microsoft/vcpkg,51321,2026-04-22T15:27:36Z,dg0yt
microsoft/vcpkg,51322,2026-04-22T19:51:25Z,BillyONeal
microsoft/vcpkg,51340,2026-04-24T03:39:25Z,dg0yt
microsoft/vcpkg,51344,2026-04-23T14:16:18Z,Osyotr
microsoft/vcpkg,51346,2026-04-24T08:18:51Z,dg0yt
microsoft/vcpkg,51348,2026-04-23T20:43:24Z,mschofie
microsoft/vcpkg,51352,2026-04-23T21:36:48Z,vicroms
microsoft/vcpkg,51358,2026-04-24T03:42:50Z,dg0yt
microsoft/vcpkg,51359,2026-04-25T09:06:06Z,Osyotr
microsoft/vcpkg,51368,2026-04-25T01:24:44Z,BillyONeal
microsoft/vcpkg,51370,2026-04-25T01:29:03Z,BillyONeal
microsoft/vcpkg,51376,2026-04-26T11:57:50Z,H-G-Hristov
microsoft/vcpkg,51377,2026-04-26T02:17:36Z,BillyONeal
microsoft/vcpkg,51381,2026-04-26T02:01:15Z,BillyONeal
microsoft/vcpkg,51382,2026-04-26T03:00:24Z,BillyONeal
microsoft/vcpkg,51390,2026-04-27T19:51:29Z,BillyONeal
microsoft/vcpkg,51394,2026-04-27T06:57:42Z,BillyONeal
